search_position,name,curr_price,orig_price,num_sold,in_stock,num_installments,amt_installments,arrival_time,shipping,free_return,free_return_info,review_avg,num_reviews,seller_link,product_link,five_star,four_star,three_star,two_star,one_star,item_id,Marca,Línea,Peso,Modelo,Potencia de salida (RMS),Tipos de filtros del parlante,Voltaje,Ancho,Altura,Conectores de entrada,Formato del parlante,Profundidad
1, Parlante True Wireless Soundcore Motion B ,22.99,39.990,303,1,6,3.832,NA,Envío gratis a todo el país,NA,NA,4.9,15,https://perfil.mercadolibre.cl/ANKERSTORE?brandId=188,https://articulo.mercadolibre.cl/MLC-467283866-parlante-true-wireless-soundcore-motion-b-_JM,14,1,0,0,0,#467283866,Anker,SoundCore,400 g,NA,NA,NA,NA,NA,NA,NA,NA,NA
2, Parlantes Cajas Activas Bluetooth Tws Fiddler Con Trípode ,79.99,99.990,21,7,6,13.332,NA,Envío gratis a todo el país,NA,NA,5,1,https://perfil.mercadolibre.cl/MACROTEL+TO?brandId=335,https://articulo.mercadolibre.cl/MLC-486139169-parlantes-cajas-activas-bluetooth-tws-fiddler-con-tripode-_JM,1,0,0,0,0,#486139169,Fiddler,NA,NA,FD-PKBTDUAL8,NA,NA,NA,NA,NA,NA,NA,NA
3, Ld Systems Maui5 - Line Array Audio Portatil Activo Parlante ,339,NA,4,10,12,28.250,NA,Envío gratis a todo el país,NA,NA,NA,NA,https://perfil.mercadolibre.cl/XPRO.STORE,https://articulo.mercadolibre.cl/MLC-449031045-ld-systems-maui5-line-array-audio-portatil-activo-parlante-_JM,NA,NA,NA,NA,NA,#449031045,LD Systems,NA,NA,MAUI 5,NA,NA,NA,NA,NA,NA,NA,NA
4, Jbl Flip 4 Parlante Bluetooth - Inetshop ,64.89,99.990,496,4,6,10.815,NA,Envío gratis a todo el país,NA,NA,NA,NA,https://perfil.mercadolibre.cl/INETSHOP_2011,https://articulo.mercadolibre.cl/MLC-457315838-jbl-flip-4-parlante-bluetooth-inetshop-_JM,NA,NA,NA,NA,NA,#457315838,JBL,Flip Series,515 g,Flip 4,16 W,Activo,NA,NA,NA,NA,NA,NA
5, Parlante Ducha Bluetooth Portatil Agua Piscina Gocy 71603 ,2.89,NA,479,97921,6,482,NA,Envío a todo el país,NA,NA,5,2,https://perfil.mercadolibre.cl/GOCYEXPRESS,https://articulo.mercadolibre.cl/MLC-439441873-parlante-ducha-bluetooth-portatil-agua-piscina-gocy-71603-_JM,2,0,0,0,0,#439441873,Gocy,NA,NA,71603,3 W,NA,5,9 cm,9 cm,NA,NA,NA
6, Parlante Karaoke Bluetooth Fiddler Doble Altavoz + Micrófono ,32.99,49.990,298,23,6,5.498,NA,Envío gratis a todo el país,NA,NA,3.3,27,https://perfil.mercadolibre.cl/MACROTEL+TO?brandId=335,https://articulo.mercadolibre.cl/MLC-461986096-parlante-karaoke-bluetooth-fiddler-doble-altavoz-microfono-_JM,9,6,4,1,7,#461986096,Fiddler,NA,NA,FD-PKBTD6,10 W,NA,NA,NA,NA,Auxiliar,NA,NA
7," Parlante Karaoke Bluetooth Fiddler Altavoz 6,5'' Panel Led ",21.99,29.990,221,20,6,3.665,NA,Envío gratis a todo el país,NA,NA,4.4,12,https://perfil.mercadolibre.cl/MACROTEL+TO?brandId=335,https://articulo.mercadolibre.cl/MLC-462984847-parlante-karaoke-bluetooth-fiddler-altavoz-65-panel-led-_JM,8,3,0,0,1,#462984847,Fiddler,NA,2.8 kg,FD-PKBT61,10 W,NA,NA,NA,NA,NA,NA,NA
8, Jbl Go2 Parlante Portátil Bluetooth Inalámbrico Negro ,23.99,29.990,285,85,6,3.998,NA,Envío gratis a todo el país,NA,NA,NA,NA,https://perfil.mercadolibre.cl/ONLINECLUB,https://articulo.mercadolibre.cl/MLC-470706708-jbl-go2-parlante-portatil-bluetooth-inalambrico-negro-_JM,NA,NA,NA,NA,NA,#470706708,JBL,NA,184 g,GO 2,3 W,Activo,NA,NA,NA,NA,NA,NA
9, Parlante Bluetooth Harman Kardon Onyx Studio 4 Onlineclub ,99.99,129.990,322,37,6,16.665,NA,Envío gratis a todo el país,NA,NA,NA,NA,https://perfil.mercadolibre.cl/ONLINECLUB,https://articulo.mercadolibre.cl/MLC-448975270-parlante-bluetooth-harman-kardon-onyx-studio-4-onlineclub-_JM,NA,NA,NA,NA,NA,#448975270,Harman Kardon,NA,NA,Onyx Studio 4,60 W,Activo,NA,NA,NA,NA,NA,NA
10, Barra De Sonido Soundbar Bluetooth Sensewave Proglobal ,14.99,21.990,148,44,6,2.498,NA,Envío a todo el país,NA,NA,3.4,9,https://perfil.mercadolibre.cl/PROGLOBALCHILE,https://articulo.mercadolibre.cl/MLC-456354330-barra-de-sonido-soundbar-bluetooth-sensewave-proglobal-_JM,4,1,1,1,2,#456354330,MASTER G,NA,NA,Soundbar MGSB110,NA,NA,NA,NA,NA,NA,NA,NA
11, Parlante Karaoke Bluetooth Fiddler Doble Altavoz + Micrófono ,39.99,NA,189,52,6,6.665,NA,Envío gratis a todo el país,NA,NA,4.9,11,https://perfil.mercadolibre.cl/MMSMIKE1,https://articulo.mercadolibre.cl/MLC-465278552-parlante-bluetooth-karaoke-mlab-60w-8-2-microfonos-_JM,10,1,0,0,0,#465278552,NA,NA,5.8 kg,NA,NA,NA,NA,NA,NA,NA,NA,NA
12, Parlante Bluetooth Karaoke Mlab 60w 8 + 2 Microfonos ,34.99,49.990,310,9,6,5.832,NA,Envío gratis a todo el país,NA,NA,4.9,52,https://perfil.mercadolibre.cl/ANKERSTORE?brandId=188,https://articulo.mercadolibre.cl/MLC-455898956-parlante-bluetooth-soundcore-2-select-anker-_JM,47,4,1,0,0,#455898956,Anker,SoundCore,360 g,NA,NA,NA,NA,NA,NA,Auxiliar,NA,NA
13, Parlante Bluetooth Soundcore 2 Select Anker ,2.99,NA,64,36,12,249,NA,Envío a todo el país,NA,NA,NA,NA,https://perfil.mercadolibre.cl/OFERTABKNCL,https://articulo.mercadolibre.cl/MLC-486318322-mini-parlante-bluetooth-usb-sd-con-luces-led-_JM,NA,NA,NA,NA,NA,#486318322,NA,NA,NA,NA,NA,NA,NA,NA,NA,NA,NA,NA
14, Mini Parlante Bluetooth Usb Sd Con Luces Led ,32.99,49.990,298,23,6,5.498,NA,Envío gratis a todo el país,NA,NA,3.3,27,https://perfil.mercadolibre.cl/MACROTEL+TO?brandId=335,https://click1.mercadolibre.cl/mclics/clicks/external/MLC/count?a=G6%2F%2BI1Q0Iel4CW76FK%2FIeseB6cnGdQ%2BWmAdtQzhVbWES1kEKKj%2B1SK7jBRnWFZ8BQd0qqDvtvE3aMbWa9mB%2FaLRI%2BPJ8T%2FptPpgOkL4EFV1h5XKXjdc%2BF%2F5cqQFvlCiq4x%2FbRdYGbfm%2FB1yIqWCKM1NiiiXIy4FRIQF2VN6Rgj7AwEwEAeJPsmFm7F92PC%2BaN3ICdnhBWUXNZa0vKz9K3Aw0YLfe74%2FAPm%2B1QDwPYJvfnP7DzQOLg1AlOX%2FVZVbqMqZyaPLooONb8LpKS7ex9iQ8rkvTcxwpCa1YT5tk16eZWpgEYZOn36YFVb3yQk%2FWPJbjP5OVjQid7w%2B46qb9Y9iHL4HZFEk7OIq6CoAGSwV1eR2hTUu9Ky261c2VmkzY0LzIr1%2Bq3tWMVZztiJ%2BVxrVYDtEaY3Dv58pj1nAGslKowfly%2BGksmyw6WCnV6c%2BKgO%2FeuOUGId2pvEI6s4ySbfe3AYFeOjNWv4bmqBp33JcFfVjQ4xGTp1V2J%2B93AUnOtDmgospc6i1N24ohAHWp03Pv23EaCLn1mpgXcBVvt%2BCcQbAzNR1drWo5W98gcEUBh3YaH%2BYmrBC7r5v3x7b0uoF0BPUTCBjuqUHAwvg1e1WebCRYuzRgDDl%2BdgWM4l1WAr52ka8qY2clKkBab5NSSeL%2F2fZXFcJtBZLfzbe3ww0e%2Fu9L%2Fiw%2Bp6vEL8%2BnPihZLK%2F3tsCV6NIkYMKC63fpVB8SyCSU8%2FuQOLL8tRt9Ifa%2BbGtqciJHNw6b1UvritisbvmTjfOoZzetgmbUc6jHQeuYmlHy9tHXpNyR0yt1mNCiGsjuT51XIycwae9wrfjMue07K7Ja38LudVFRiitD4H4Kr7qSUYooBv%2Fk4tTpLli1k5Y3JMA%2F6w%2BzUtODmuv5kC8H08uioqlud4l6%2BAhZZSWYx5wvQf98oyIeMo%2FU2eDidibAYBqWFRLgnLSY6IbyaL%2Byzoq9kikScgSiYh57rSnbflzErmXLpeEfK7gu30lVpidzkd26OHS%2BMX0sqcFFe0fm2SByCnEvdqN%2B9s7ynZlOw1zVgq7gDYd%2F44qsm0tZrgHhXMGVzDpbjUrvRROvdQQ8xigvXxiOoPpXb6SO8p0sxuu%2BE3tlptYinEz47nbdoQMf9dYJmwd2WQxgq6oTeQCl5X1j6UkY7Na4Cf8O%2FUbN9y0eNqESsqeAwLIU8wCkZWvEbTzcl9DNcH%2BQ5OGrBmruJjaFpIHEgVWxCy5CGKRPms7rDMa0pqb6HergXuYjHOVBYL23n%2BOrhW8R%2BiCYzvg0%2B7SP99XRu55pqdX0kzfSvsMtN%2BQhGLAQhPYwG0Q2r5JZoED%2FZ3KmjaDf3fRbXV254TLtJyng1t%2Blwn462YZjVlxPK0HHyRbdBkwLw2MYCboSPg1v73ftNcdCT6oOwT8%2Be%2B4AggQtl3MJoO23WAeGxJwpAlEXgAU7qKgydg%3D%3D,9,6,4,1,7,#461986096,Fiddler,NA,NA,FD-PKBTD6,10 W,NA,NA,NA,NA,Auxiliar,NA,NA
15, Parlantes Exterior Terraza Pyle Pdwr64btb Con Bluetooth ,179.9,NA,4,3,6,29.983,NA,Envío gratis a todo el país,NA,NA,NA,NA,https://perfil.mercadolibre.cl/COMERCIALOMEGALTDA,https://articulo.mercadolibre.cl/MLC-441417105-parlantes-exterior-terraza-pyle-pdwr64btb-con-bluetooth-_JM,NA,NA,NA,NA,NA,#441417105,NA,NA,NA,NA,NA,NA,NA,NA,NA,NA,NA,NA
16, Jbl Go 2 Bluetooth Portátil Resistente Al Agua Loi Chile ,24.99,29.990,152,35,6,4.165,NA,Envío gratis a todo el país,NA,NA,NA,NA,https://perfil.mercadolibre.cl/LOI+CHILE,https://articulo.mercadolibre.cl/MLC-466753692-jbl-go-2-bluetooth-portatil-resistente-al-agua-loi-chile-_JM,NA,NA,NA,NA,NA,#466753692,JBL,NA,NA,GO 2,3 W,Activo,NA,NA,NA,NA,NA,NA
17, Parlante Karaoke Bluetooth Master G Spbyf7 Doble Bocina ,34.99,NA,145,6,6,5.832,NA,Envío gratis a todo el país,NA,NA,3,2,https://perfil.mercadolibre.cl/GASEI+S.A.?brandId=278,https://articulo.mercadolibre.cl/MLC-472376689-parlante-karaoke-bluetooth-master-g-spbyf7-doble-bocina-_JM,0,0,2,0,0,#472376689,Master-G,NA,3.13 kg,SPBYF7,20 W,Activo,220V,23 cm,52 cm,Auxiliar,Caja,22 cm
18, Parlante Jbl Charge 4 Bluetooth Portatil Cargador Waterproof ,21.99,29.990,221,20,6,3.665,NA,Envío gratis a todo el país,NA,NA,4.4,12,https://perfil.mercadolibre.cl/MACROTEL+TO?brandId=335,https://click1.mercadolibre.cl/mclics/clicks/external/MLC/count?a=j2dKpdHpO8DBB6c58jasWPt8fMznO%2BJg5nXsikkRWKnjHWARQPmQSI7JuLuC1s%2FbD9IpURAU4fRpAlyXHS0Lpe03NvTErH%2FAVQ1%2BGzGbCHBluzUaDrJ9o5NkwmccB3fOz9tavZ1OiN5rVHHIYq0ha1hiAeGNFGuw3uWNaBzU7e42lrBbcA7gqWUheU2kZu9T2DAx49NbCYArBe7Pd1ICDiFcjmVX7mfzW%2BZQWpdoGC4TCEybXBRsCAr6BQCVZAtcOptfSmriFGWks0Oe%2FrqgU7uxh%2BXLPV%2BduRnhj0sMruRcnQMPLONon9n3ORTynOkw3t8TpJoP1aoOJ4aBxeXCxQWWvJysw09YUf935%2B4UTQheMbpnYl9pEyU8uf3pE0DOm1zLn0pmJntOi73u0aPwEA6isLc5Bc0FHBxSssQPEC4LLN4Ok7tnBsvPNRak6g3n3HDBqs3YAsCrUl%2F%2FFLCY6QrBfdj22hRWYsWZTcK1smnLTy4l4X5QFA82QWck1vO1%2BEvxzM3a7jO2VqDldowYPjoamazKd85J6ce1fF9N1QnBBiagArpzuKqp9tb%2BsxAPmZ%2Fbds7Eba9yqHg81iLABk99x1Wak8SAUU4Gmc1NEmP%2BJ%2FkGKG8mib8tADzmajcOfm4EeNb1kW7kJh2y7z7cdtZ55btt%2FZgu4r3WyGTBJ8ObJrx64ca%2BZc3xxYfOrlRKwvEXcwILJ3rngtbTa2f7n1SXRxNFlbHJa%2FAa9M0S5Q7qmRSFhwJZ2zP3BuWY2YFVi1AHgl5glzXTjeNYlPBGUcMveRy2HHWH9uRwfFze8TSBcOcxBAB7Q0KpxVctT%2Be3RlLgBiNMM%2BYz7SnRpvkiLm4zo8AlVg32yc1jTYtF7bw1Fq%2Fv8yiOoZuNbQ8CSjwzbO0b%2B36WnrvHWDkKCTBU8FucAzY%2FtsSHZrZGcuFSMd6dhEB1YBFV%2BjvQukXRjWj6Fjv7PZzo3r%2B3K0rhuQ9yk8P39UUDoJdX2gZvdbH5Mdd12fhvFJ5rJyIuT4hVjgrDBuGdyggNCB2e6%2BVteFvT8X59O0CQDSNluSTKmkbEJauhRprqT9njI8TzyHLflckBqAysQd9qly%2BF7jXKy6sUE5UMdaOhQ1ZQU2iG2%2FI0N%2BT6Y2wLJTlYMiy9uq%2Fm%2B3kCMc%2F%2BouYF2dpSdA5MdtxNXi5yN%2FZtM4yZT3bPflbVrHmADTFy2R35IWrVpZIW77QFzf%2FBBCITuhdhNIVd%2FsJd9Y99nhypjXxAD4YCMOdu60wnNKuw%2F8Nz2KCNo89hrQHyzvnixEXzMBqh9xIp%2FOKPCbk845JFGlcEzcUjA%2B83c1EmpaMpoHgw7zn36LlDHLOsz3yI%2FD0FeEPGZWO54sytjfNXGKqeG5FCnPDUgev7NJHY5yhvapJG%2B9CyUp2hcThlyhxhGTexCuGf%2BL%2Fq9tedlaf%2BOedy6bay%2FaHoNA%3D%3D,8,3,0,0,1,#462984847,Fiddler,NA,2.8 kg,FD-PKBT61,10 W,NA,NA,NA,NA,NA,NA,NA
19, Par Parlante Caja Acústica 15 Eon615 Jbl - Envío Gratis ,119.99,159.990,36,397,12,9.999,NA,Envío gratis a todo el país,NA,NA,NA,NA,https://perfil.mercadolibre.cl/MR.CLICK+CHILE,https://articulo.mercadolibre.cl/MLC-481530674-parlante-jbl-charge-4-bluetooth-portatil-cargador-waterproof-_JM,NA,NA,NA,NA,NA,#481530674,JBL,NA,0.96 kg,Charge 4,30 W,Activo,NA,NA,NA,NA,NA,NA
20, Parlante Marshall Portatil Stockwell Funda Negra - Marshall ,620,800.000,9,1,6,103.333,NA,Envío gratis a todo el país,NA,NA,NA,NA,https://perfil.mercadolibre.cl/ARTECNOINSTRUMENTOS,https://articulo.mercadolibre.cl/MLC-487403975-par-parlante-caja-acustica-15-eon615-jbl-envio-gratis-_JM,NA,NA,NA,NA,NA,#487403975,JBL,NA,NA,EON615,NA,NA,NA,NA,NA,NA,NA,NA
21, Bose Sountouch 10 Bluetooth Sistema De Musica ,149.99,239.990,18,4,6,24.998,NA,Envío gratis a todo el país,NA,NA,5,2,https://perfil.mercadolibre.cl/MOBILEHUT?brandId=466,https://articulo.mercadolibre.cl/MLC-478509680-parlante-marshall-portatil-stockwell-funda-negra-marshall-_JM,2,0,0,0,0,#478509680,Marshall,NA,1.2 kg,Stockwell,27 W,Activo,NA,NA,NA,NA,NA,NA
22, Parlante Portátil Bose Soundlink Revolve Bluetooth ,150,NA,4,3,6,25.000,NA,Envío gratis a todo el país,NA,NA,NA,NA,https://perfil.mercadolibre.cl/VALLEY+TECHNOLOGY,https://articulo.mercadolibre.cl/MLC-483922093-bose-sountouch-10-bluetooth-sistema-de-musica-_JM,NA,NA,NA,NA,NA,#483922093,Bose,NA,NA,10 Bluetooth,NA,NA,NA,NA,NA,NA,NA,NA
23, Parlante Bluetooth Outdoor Powerbass3 10w Ipx6 Njoytech ,199.99,NA,39,5,6,33.332,NA,Envío gratis a todo el país,NA,NA,NA,NA,https://perfil.mercadolibre.cl/GASEI+S.A.?brandId=392,https://articulo.mercadolibre.cl/MLC-471014399-parlante-portatil-bose-soundlink-revolve-bluetooth-_JM,NA,NA,NA,NA,NA,#471014399,Bose,SoundLink,NA,Revolve,NA,Activo,220V,NA,NA,Auxiliar,Caja,NA
24," Parlante Karaoke Bluetooth Fiddler Altavoz 6,5'' Panel Led ",24.99,NA,91,109,12,2.082,NA,Envío gratis a todo el país,NA,NA,4.7,6,https://perfil.mercadolibre.cl/NJOYTECH+CHILE,https://articulo.mercadolibre.cl/MLC-464586508-parlante-bluetooth-outdoor-powerbass3-10w-ipx6-njoytech-_JM,5,0,1,0,0,#464586508,NA,NA,287 g,NA,NA,NA,NA,NA,NA,NA,NA,NA
25, Parlante Bluetooth Soundcore Motion Q ,31.99,49.990,91,11,6,5.332,NA,Envío gratis a todo el país,NA,NA,5,7,https://perfil.mercadolibre.cl/ANKERSTORE?brandId=188,https://articulo.mercadolibre.cl/MLC-467409330-parlante-bluetooth-soundcore-motion-q-_JM,7,0,0,0,0,#467409330,Anker,SoundCore,NA,NA,NA,NA,NA,NA,NA,Auxiliar,NA,NA
26, Parlante Bluetooth Portátil Tipo Link10 / Mundo Electro ,18.99,NA,96,2,12,1.582,NA,Envío a todo el país,NA,NA,NA,NA,https://perfil.mercadolibre.cl/MUNDOELECTROCL,https://articulo.mercadolibre.cl/MLC-464429772-parlante-bluetooth-portatil-tipo-link10-mundo-electro-_JM,NA,NA,NA,NA,NA,#464429772,JBL,Link Series,NA,Link 10,NA,"Activo, MicroSD / Aux / USB / Bluetooth, Micrófono Integrado, Carga dispositivos como smartphones y tablets",220V,9 cm,9 cm,NA,NA,NA
27, Parlante Bluetooth Inalambrico Impermeable Ducha Agua ,3.99,4.990,668,325,6,665,NA,Envío a todo el país,NA,NA,4.3,7,https://perfil.mercadolibre.cl/ONLINECLUB,https://articulo.mercadolibre.cl/MLC-434759217-parlante-bluetooth-inalambrico-impermeable-ducha-agua-_JM,4,1,2,0,0,#434759217,NA,NA,NA,NA,NA,NA,NA,NA,NA,NA,NA,NA
28, Pendrive Receptor Transmisor Bluetooth Usb Parlantes Auto ,3.99,NA,1212,91,6,665,NA,Envío a todo el país,NA,NA,3.5,50,https://perfil.mercadolibre.cl/ONLINECLUB,https://articulo.mercadolibre.cl/MLC-435146526-pendrive-receptor-transmisor-bluetooth-usb-parlantes-auto-_JM,24,6,3,6,11,#435146526,Importado,NA,NA,Pendrive,NA,NA,NA,NA,NA,NA,NA,NA
29, Parlante Bluetooth Microlab Mini Zukabass / Mundo Electro ,13.99,NA,127,6,12,1.166,NA,Envío a todo el país,NA,NA,5,3,https://perfil.mercadolibre.cl/MUNDOELECTROCL,https://articulo.mercadolibre.cl/MLC-461850474-parlante-bluetooth-microlab-mini-zukabass-mundo-electro-_JM,3,0,0,0,0,#461850474,Microlab,NA,NA,Mini Zukabass,10 W,NA,220V,20 cm,20 cm,NA,NA,NA
30, Parlante Caja Acústica 15 Eon615 Jbl - Envío Gratis ,320,400.000,10,1,6,53.333,NA,Envío gratis a todo el país,NA,NA,NA,NA,https://perfil.mercadolibre.cl/ARTECNOINSTRUMENTOS,https://articulo.mercadolibre.cl/MLC-487386671-parlante-caja-acustica-15-eon615-jbl-envio-gratis-_JM,NA,NA,NA,NA,NA,#487386671,JBL,NA,NA,EON615,NA,NA,NA,NA,NA,NA,NA,NA
31, Parlante Soundbar Irt Bluetooth 24w Rms Nuevo Envío Gratis ,24.99,NA,31,1,6,4.165,NA,Envío gratis a todo el país,NA,NA,5,3,https://perfil.mercadolibre.cl/TECNOBEST+CHILE,https://articulo.mercadolibre.cl/MLC-453169030-parlante-soundbar-irt-bluetooth-24w-rms-nuevo-envio-gratis-_JM,3,0,0,0,0,#453169030,NA,NA,NA,NA,NA,NA,NA,NA,NA,NA,NA,NA
32, Parlante Jbl Go2 Nuevo Elige Tu Color Paga En 6cuotas ,23.19,NA,64,5,6,3.865,NA,Envío gratis a todo el país,NA,NA,NA,NA,https://perfil.mercadolibre.cl/VIJAYBHOJ,https://articulo.mercadolibre.cl/MLC-488142891-parlante-jbl-go2-nuevo-elige-tu-color-paga-en-6cuotas-_JM,NA,NA,NA,NA,NA,#488142891,JBL,NA,184 g,GO 2,3 W,Activo,NA,NA,NA,NA,NA,NA
33, Caja Activa + Caja Pasiva Powerstage 215 - Probass - 101db ,194.99,229.990,58,6,6,32.498,NA,Envío gratis a todo el país,NA,NA,NA,NA,https://perfil.mercadolibre.cl/101DB+CHILE,https://articulo.mercadolibre.cl/MLC-441044120-caja-activa-caja-pasiva-powerstage-215-probass-101db-_JM,NA,NA,NA,NA,NA,#441044120,Pro Bass,NA,NA,NA,NA,NA,NA,NA,NA,NA,NA,NA
34, Parlante Harman Kardon Aura Studio 2 Sistema De Altavoces ,129.99,249.990,47,3,6,21.665,NA,Envío gratis a todo el país,NA,NA,NA,NA,https://perfil.mercadolibre.cl/ONLINECLUB,https://articulo.mercadolibre.cl/MLC-451893220-parlante-harman-kardon-aura-studio-2-sistema-de-altavoces-_JM,NA,NA,NA,NA,NA,#451893220,Harman Kardon,NA,NA,Aura Studio 2,NA,Activo,NA,NA,"1.5 """,NA,NA,NA
35, Home Theater Mp3 Bluetooth/fm/puerto Usb/ Sd Aiwa Awa-299bt ,79.99,99.990,21,7,6,13.332,NA,Envío gratis a todo el país,NA,NA,5,1,https://perfil.mercadolibre.cl/MACROTEL+TO?brandId=335,https://click1.mercadolibre.cl/mclics/clicks/external/MLC/count?a=FMw3XvVrvpaMWZ0%2FyWaMu9jqeUPvjiRTQu09FAkeUsRBs%2FXfZ%2BtnQNzRhSp2V0KacXLOAM1dfonMTV8AP41o6hFJoyRaPPtPJj45AsXvk9yCWVCT6jwzeN2eIBwU5rv6iO1s5Ao4AMahELpBIzpO8meE3kpP%2B4R9a1P45pefDPyAVaQJt%2F7KJ8PhHaqFKSgwU8EphhpoZeP%2B%2BU7icuOgnj5CrdDDXh%2FDpxGgPSlziGDPXg8wBmbnDK%2BWD1GpI646igqBbe15D75Sf4HeyG59ZCWfDApjvpSGJho1mOWdV2JkNGsm6LBxNEm5XdODiHjGxjcEZxWWMybgAhJj94JWgPz1xrG2ueqeJVRxdN218sh31VbzEdgAYxuES9rxf5LRRJf4hxjqmSJnZ1c2LAml6GryLBln6ZUj2vmwlIKzVXLveO4bB0QMkgAv53j87dcyAzMKERKo9AAezE8MI27ahQIYPomwVNLltrt8Rj8gkQ5Tm6%2Ftkf186ed48Mu%2BV9zc3%2FG1yzE35sPzW74cfzDKLrdlchjiZIMqClsDorCv3P%2B%2FaBlTXkPWsHmwqx%2F5inNIFdfnYnHBNCGAeBZDj6mjFRkF1M4OLpmWf1%2FORR88kkU0ATfvqaI6mJfLtfv962lABWcpSfXWrXWgidBZBcEuqwIeL7WRUXYTCTiI6xqFnSVEM5gZkofXjnhhA7pAPRbaXBTj%2FEaGMpYpXovvYFUltyHRndcnEhbWvJ7p6msV9uvrFYxzQrMgnSTMiiIHA1phR4IPMclczicbXselAykvQuewFFT7uctllrpl2KaQ4lrQFUwksSGdJb135ESAKQsE1LiF7JKj7ak%2FBr6ThJ0m9FvbWl73PEE3jumA735Gayab1bBHJg90eXQ%2Fe0x3Svwxrqnz%2FiyzHdDM9i4WfVMULZWWXX3wyz4YgKGWI0qPgTqjUQpoHfRnWBUzSmSDj6Rao25jJky6Lti70CMvjJ69YOfwyNKuicxNpGus3ZUvEqgBOKEgXYzm95zl8h7kUxqGZ6joZuBdwqRb9zq4Q2RRaJtwh13jxDvcIvyXbb%2BDibLrSlXxd07J3l44HXGpd2hChEGxd157bLI9a5uHUMVO9p3AFOW%2FeS4g4dYPyMM%2F7CuIRWh9ThyjT0Z8%2Fs0ReOxmjMiinxSBtB41dj7TA5RsiPO5MCtFvbSTuqv2shMcq4GCZ35uPwLqOQ%2BFLxRmN7h4GXw4ds0t5%2Fcft%2FpKlEk3kWO7q0DGwswlVetsC%2Fgpz%2BtaXP8vPmIo5nvNHWHNB5p2rd56KJrhqbSrb7gPok9Wl9%2F8WG6W3iCiCaemAqzl9cji6%2FKuwAwTZ0A2kbwwgKarvVf7%2FgwFz2lFeTOvDxQMMCmoTKU1n6xW6yEBdrrsrCBgjIcDT2TJ15axfRLJ6Z01W2b1MIj14%2FIME0xIOuhdNuX8Cpl%2B77asFDDegOJR,1,0,0,0,0,#486139169,Fiddler,NA,NA,FD-PKBTDUAL8,NA,NA,NA,NA,NA,NA,NA,NA
36, Parlante Karaoke Bluetooth Master G Spb8b ,39.9,NA,5,5,12,3.325,NA,Envío gratis a todo el país,NA,NA,NA,NA,https://perfil.mercadolibre.cl/PARO1305168,https://articulo.mercadolibre.cl/MLC-477322523-home-theater-mp3-bluetoothfmpuerto-usb-sd-aiwa-awa-299bt-_JM,NA,NA,NA,NA,NA,#477322523,Aiwa,NA,NA,NA,NA,NA,NA,NA,NA,NA,NA,NA
37, Parlantes Cajas Activas Bluetooth Tws Fiddler Con Trípode ,34.99,NA,95,8,6,5.832,NA,Envío gratis a todo el país,NA,NA,5,1,https://perfil.mercadolibre.cl/GASEI+S.A.?brandId=278,https://articulo.mercadolibre.cl/MLC-472376585-parlante-karaoke-bluetooth-master-g-spb8b-_JM,1,0,0,0,0,#472376585,Master-G,NA,3 kg,SPB8B,20 W,NA,220V,26 cm,38.5 cm,Auxiliar,Caja,21 cm
38, Parlante Bose Soundtouch 30 ,465.99,NA,16,2,6,77.665,NA,Envío gratis a todo el país,NA,NA,5,1,https://perfil.mercadolibre.cl/GASEI+S.A.?brandId=392,https://articulo.mercadolibre.cl/MLC-472184462-parlante-bose-soundtouch-30-_JM,1,0,0,0,0,#472184462,Bose,SoundTouch,NA,NA,NA,NA,NA,NA,NA,Auxiliar,NA,NA
39, Bose Soundbar 700 ,699.99,NA,5,2,6,116.665,NA,Envío gratis a todo el país,NA,NA,NA,NA,https://perfil.mercadolibre.cl/GASEI+S.A.?brandId=392,https://articulo.mercadolibre.cl/MLC-473710717-bose-soundbar-700-_JM,NA,NA,NA,NA,NA,#473710717,Bose,NA,NA,NA,NA,NA,NA,NA,NA,NA,NA,NA
40, Parlante Karaoke Portátil Aiwa-166bt Microfono De Regalo ,22.99,NA,24,76,6,3.832,NA,Envío gratis a todo el país,NA,NA,NA,NA,https://perfil.mercadolibre.cl/TECNOCENTERCURICOSPA,https://articulo.mercadolibre.cl/MLC-476888160-parlante-karaoke-portatil-aiwa-166bt-microfono-de-regalo-_JM,NA,NA,NA,NA,NA,#476888160,Aiwa,NA,NA,NA,NA,NA,NA,NA,NA,Auxiliar,NA,NA
41, Parlante Karaoke Bluetooth Fiddler Negro + Micrófono ,39.99,NA,130,6,6,6.665,NA,Envío gratis a todo el país,NA,NA,4.6,5,https://perfil.mercadolibre.cl/ONLINECLUB,https://articulo.mercadolibre.cl/MLC-434130507-parlante-karaoke-bluetooth-fiddler-negro-microfono-_JM,3,2,0,0,0,#434130507,Fiddler,NA,NA,PACK,NA,NA,NA,NA,NA,NA,NA,NA
42, Jbl Flip 4 Parlante Portátil Bluetooth Inalámbrico ,69.99,99.990,192,26,6,11.665,NA,Envío gratis a todo el país,NA,NA,NA,NA,https://perfil.mercadolibre.cl/ONLINECLUB,https://articulo.mercadolibre.cl/MLC-457910644-jbl-flip-4-parlante-portatil-bluetooth-inalambrico-_JM,NA,NA,NA,NA,NA,#457910644,JBL,Flip Series,NA,Flip 4,16 W,Activo,NA,NA,NA,NA,NA,NA
43, Micrófono Karaoke Bluetooth Con Parlantes Inalámbrico Usb ,9.99,NA,81,219,12,832,NA,Envío a todo el país,NA,NA,5,1,https://perfil.mercadolibre.cl/HDFACTORY,https://articulo.mercadolibre.cl/MLC-457050245-microfono-karaoke-bluetooth-con-parlantes-inalambrico-usb-_JM,1,0,0,0,0,#457050245,NA,NA,NA,NA,NA,NA,NA,NA,NA,NA,NA,NA
44, Logitech Parlante Z607 5.1 Bluetooth Sistema Sonido Sorround ,86.99,119.990,14,2,6,14.498,NA,Envío gratis a todo el país,NA,NA,NA,NA,https://perfil.mercadolibre.cl/MOBILEHUT?brandId=85,https://articulo.mercadolibre.cl/MLC-484762004-logitech-parlante-z607-51-bluetooth-sistema-sonido-sorround-_JM,NA,NA,NA,NA,NA,#484762004,Logitech,NA,NA,Z607,NA,NA,NA,NA,NA,RCA,NA,NA
45, Parlante Radio Reloj Bluetooth Lampara Master G ,15.997,NA,26,1,12,1.333,NA,Envío a todo el país,NA,NA,NA,NA,https://perfil.mercadolibre.cl/QUIPPOO,https://articulo.mercadolibre.cl/MLC-475071355-parlante-radio-reloj-bluetooth-lampara-master-g-_JM,NA,NA,NA,NA,NA,#475071355,Master-G,NA,537 g,MGCLOCKBT,5 W,NA,220V,NA,NA,NA,NA,NA
46, Pack De 10 Parlantes Bluetooth Impermeable Ducha Agua ,29.99,NA,140,705,6,4.998,NA,Envío gratis a todo el país,NA,NA,4.4,5,https://perfil.mercadolibre.cl/ONLINECLUB,https://articulo.mercadolibre.cl/MLC-440782353-pack-de-10-parlantes-bluetooth-impermeable-ducha-agua-_JM,4,0,0,1,0,#440782353,NA,NA,NA,NA,NA,NA,NA,NA,NA,NA,NA,NA
47, Parlante Portátil Bose Soundlink Revolve+ Bluetooth ,299.99,NA,13,6,6,49.998,NA,Envío gratis a todo el país,NA,NA,NA,NA,https://perfil.mercadolibre.cl/GASEI+S.A.?brandId=392,https://articulo.mercadolibre.cl/MLC-472174702-parlante-portatil-bose-soundlink-revolve-bluetooth-_JM,NA,NA,NA,NA,NA,#472174702,Bose,SoundLink,NA,Revolve+,NA,NA,NA,NA,NA,Auxiliar,NA,NA
48, Parlante Portátil Karaoke Bluetooth Master G Spbt5w ,44.99,NA,34,6,6,7.498,NA,Envío gratis a todo el país,NA,NA,4.5,2,https://perfil.mercadolibre.cl/GASEI+S.A.?brandId=278,https://articulo.mercadolibre.cl/MLC-472376947-parlante-portatil-karaoke-bluetooth-master-g-spbt5w-_JM,1,1,0,0,0,#472376947,Master-G,NA,NA,SPBT5W,30 W,Activo,220V,22 cm,22 cm,NA,Caja,14 cm
49, Parlante Bose Soundlink Micro ,99.99,NA,37,4,6,16.665,NA,Envío gratis a todo el país,NA,NA,NA,NA,https://perfil.mercadolibre.cl/GASEI+S.A.?brandId=392,https://articulo.mercadolibre.cl/MLC-471020818-parlante-bose-soundlink-micro-_JM,NA,NA,NA,NA,NA,#471020818,Bose,SoundLink,NA,Micro,NA,Activo,NA,NA,NA,NA,NA,NA
50, Parlante Kronne Loudbox Bluetooth Portable (negro) ,69.99,99.990,7,6,6,11.665,NA,Envío gratis a todo el país,NA,NA,NA,NA,https://perfil.mercadolibre.cl/REIFSTORE?brandId=265,https://articulo.mercadolibre.cl/MLC-452999520-parlante-kronne-loudbox-bluetooth-portable-negro-_JM,NA,NA,NA,NA,NA,#452999520,NA,NA,NA,NA,NA,NA,NA,NA,NA,NA,NA,NA
51, Parlante Bluetooth Zukabass 4 Microlab / Mundo Electro ,13.99,NA,68,18,12,1.166,NA,Envío a todo el país,NA,NA,4.7,3,https://perfil.mercadolibre.cl/MUNDOELECTROCL,https://articulo.mercadolibre.cl/MLC-461820130-parlante-bluetooth-zukabass-4-microlab-mundo-electro-_JM,2,1,0,0,0,#461820130,Microlab,NA,NA,Zukabass 4,NA,NA,220V,13 cm,15 cm,Auxiliar,NA,NA
52, Parlante Bulldog Frances Bluetooth - Altavoz Alta Definicion ,12.99,NA,54,9,12,1.082,NA,Envío a todo el país,NA,NA,5,3,https://perfil.mercadolibre.cl/USA--IMPORTADORA,https://articulo.mercadolibre.cl/MLC-468576844-parlante-bulldog-frances-bluetooth-altavoz-alta-definicion-_JM,3,0,0,0,0,#468576844,NA,NA,0.46 kg,NA,NA,NA,NA,NA,NA,NA,Caja,NA
53, Pack Parlante Bluetooth Usb Aux + Pendrive 32gb | Maxtech ,29.99,NA,14,4,12,2.499,NA,Envío gratis a todo el país,NA,NA,NA,NA,https://perfil.mercadolibre.cl/MAXTECHCHILELTDA,https://articulo.mercadolibre.cl/MLC-436376888-pack-parlante-bluetooth-usb-aux-pendrive-32gb-maxtech-_JM,NA,NA,NA,NA,NA,#436376888,NA,NA,NA,NA,NA,NA,NA,NA,NA,NA,NA,NA
54, Parlante Bluetooth Mini Zuka Bringbass / Mundo Electro ,7.99,NA,21,10,12,666,NA,Envío a todo el país,NA,NA,NA,NA,https://perfil.mercadolibre.cl/MUNDOELECTROCL,https://articulo.mercadolibre.cl/MLC-471771516-parlante-bluetooth-mini-zuka-bringbass-mundo-electro-_JM,NA,NA,NA,NA,NA,#471771516,Microlab,NA,NA,Bring Bass,NA,NA,NA,10 cm,21 cm,Auxiliar,NA,NA
55, Jbl Eon 615 + Akg D5 De Regalo - 101db ,499.99,NA,64,15,12,41.666,NA,Envío gratis a todo el país,NA,NA,NA,NA,https://perfil.mercadolibre.cl/101DB+CHILE,https://articulo.mercadolibre.cl/MLC-484761865-jbl-eon-615-akg-d5-de-regalo-101db-_JM,NA,NA,NA,NA,NA,#484761865,JBL,NA,NA,EON615,NA,NA,NA,NA,NA,NA,NA,NA
56, Jbl Go2 Parlante Portátil Bluetooth Inalámbrico Champagne ,26.99,34.990,37,4,6,4.498,NA,Envío gratis a todo el país,NA,NA,NA,NA,https://perfil.mercadolibre.cl/MOBILEHUT?brandId=166,https://articulo.mercadolibre.cl/MLC-471130438-jbl-go2-parlante-portatil-bluetooth-inalambrico-champagne-_JM,NA,NA,NA,NA,NA,#471130438,JBL,NA,184 g,GO 2,3 W,Activo,NA,NA,NA,NA,NA,NA
57, Parlante Bluetooth Soundbar Living Room / Mundo Electro ,59.99,NA,9,1,12,4.999,NA,Envío gratis a todo el país,NA,NA,NA,NA,https://perfil.mercadolibre.cl/MUNDOELECTROCL,https://articulo.mercadolibre.cl/MLC-471703723-parlante-bluetooth-soundbar-living-room-mundo-electro-_JM,NA,NA,NA,NA,NA,#471703723,Microlab,NA,NA,Soundbar Living,80 W,NA,220V,22 cm,100 cm,"RCA, AUX entrada audio 3.5mm",NA,NA
58, Parlante Bose Soundtouch 10 ,189.99,NA,20,1,6,31.665,NA,Envío gratis a todo el país,NA,NA,NA,NA,https://perfil.mercadolibre.cl/GASEI+S.A.?brandId=392,https://articulo.mercadolibre.cl/MLC-472177219-parlante-bose-soundtouch-10-_JM,NA,NA,NA,NA,NA,#472177219,Bose,SoundTouch,NA,10,NA,Activo,NA,NA,NA,Auxiliar,NA,NA
59, Parlante Bluetooth Elon - K / Multielectro ,7.99,NA,3,2,6,1.332,NA,Envío a todo el país,NA,NA,NA,NA,https://perfil.mercadolibre.cl/TIENDA+MULTIELECTRO,https://articulo.mercadolibre.cl/MLC-466746644-parlante-bluetooth-elon-k-multielectro-_JM,NA,NA,NA,NA,NA,#466746644,NA,NA,NA,NA,NA,NA,NA,NA,NA,NA,NA,NA
60, Parlante Bluetooth Tower Soundbar Wood Style / Mundo Electro ,69.99,NA,10,4,12,5.832,NA,Envío gratis a todo el país,NA,NA,NA,NA,https://perfil.mercadolibre.cl/MUNDOELECTROCL,https://articulo.mercadolibre.cl/MLC-471703319-parlante-bluetooth-tower-soundbar-wood-style-mundo-electro-_JM,NA,NA,NA,NA,NA,#471703319,Microlab,NA,NA,Soundbar Wood,100 W,NA,220V,25 cm,100 cm,"RCA, AUX entrada audio 3.5mm",NA,NA
61, Jbl Flip 4 Negro Parlante Portátil Bluetooth Inalámbrico ,74.99,79.990,26,5,6,12.498,NA,Envío gratis a todo el país,NA,NA,NA,NA,https://perfil.mercadolibre.cl/MOBILEHUT?brandId=166,https://articulo.mercadolibre.cl/MLC-469200539-jbl-flip-4-negro-parlante-portatil-bluetooth-inalambrico-_JM,NA,NA,NA,NA,NA,#469200539,JBL,Flip Series,515 g,JBL Flip 4,16 W,Activo,NA,NA,NA,NA,NA,NA
62, Ampolleta Led Con Parlante Bluetooth Rgb Colores ,3.79,NA,82,449,12,316,NA,Envío a todo el país,NA,NA,3.3,3,https://perfil.mercadolibre.cl/KING.STORE.CHILE,https://articulo.mercadolibre.cl/MLC-478598257-ampolleta-led-con-parlante-bluetooth-rgb-colores-_JM,1,1,0,0,1,#478598257,NA,NA,NA,NA,NA,NA,NA,NA,NA,NA,NA,NA
63, Parlante Speaker Bluetooth Soundcore Anker ,22.99,39.990,559,8,12,1.916,NA,Envío gratis a todo el país,NA,NA,4.9,64,https://perfil.mercadolibre.cl/ANKERSTORE?brandId=188,https://articulo.mercadolibre.cl/MLC-444708073-parlante-speaker-bluetooth-soundcore-anker-_JM,58,4,2,0,0,#444708073,Anker,SoundCore,360 g,NA,NA,NA,NA,NA,NA,Auxiliar,NA,NA
64, Pack 10 Ampolleta Led Con Parlante Bluetooth Rgb Colores ,35.99,NA,25,69,12,2.999,NA,Envío gratis a todo el país,NA,NA,NA,NA,https://perfil.mercadolibre.cl/KING.STORE.CHILE,https://articulo.mercadolibre.cl/MLC-478598433-pack-10-ampolleta-led-con-parlante-bluetooth-rgb-colores-_JM,NA,NA,NA,NA,NA,#478598433,NA,NA,NA,NA,NA,NA,NA,NA,NA,NA,NA,NA
65, Pack 10 Ampolleta Led Con Parlante Bluetooth Rgb Colores ,35.99,NA,25,69,12,2.999,NA,Envío gratis a todo el país,NA,NA,NA,NA,https://perfil.mercadolibre.cl/KING.STORE.CHILE,https://click1.mercadolibre.cl/mclics/clicks/external/MLC/count?a=bkhlwiWUO37QnhK%2BzSAwc%2BJZk7VX4wHVHYQ67GHYEMcKaLMjaELxzmzei9LlsV6B9qvgXGm68NiUvplaPOwEyBSuBJcW7KuZgkK29m%2FeJqtOA2mu2rVUX2OxFNNoDUwEMEOEOZsAjVC4IVWHlOTKW39oDB4NyCfZAowm0XNPIrMhgnDkaZLuidAmKFSiZklH3xPP2wx0854Ewwq%2FuwyIUvtt%2FLzEAmaiMmFf2zFlL4Bi6VkajbmSXPfmvHmsJyZQ4AG1eDDUw9BgIL%2Bul377pFd1vP0uPw0oNlHdrDMO%2BXJ4UuRHXcPmAQlZxIZAK5VjS24%2F9%2BNoY9v3ZwROtANqXhyIXKrR9yT%2BrN8%2FEPo%2BRqQkhQhZ5r%2B3r5w%2BQV1gPXywVDxMQGkehmIxMYqCTbofOuHAl6eQof8pUF3Ngh2NcdPPWTFwljuX0DrLbxzsFODSk4KMEi1SXBu6cnL1SNgn3lc00Pc6T2AHDcr8vC3eQO3jqohc2WfHi%2FFipoIQByAjxFRhLXbHxT4B8ATY8nY7DIFBZGv6F5Fw9E1V71dV%2FfFqeJM%2BKZi9rkbk%2FPf3r4MWu2EJGPy7AFfZLO3s9WNEYXrBDzqRwZyiy4Lx%2BKm8ipxkVLdXmriBIPfaPgoCjL%2F2qADutnLcrFRkPYdi3XURqQT%2BgIQoFsJrsXLfyVKE0PAWxLJDfDlzCczXTl4Edldbt%2FFIFBN00%2BBFXUyla5wbOhuOuWVWnbgPEdndf4eGppkx7RvJKU%2FA7eIkgag4yUpIzurSFEgikKiUnw0CE6P7IoveQP1ZUagXUdCFfA7PlrgBH5D1qc%2BDatSejuzTMSJqjyi%2B57OVQejS1IEyH6N8g2GWvJ2rqbWmb4DJBbobCOxo%2BTKmSoDtMhGSeOMLihc9jETJi4bogcBjXh3he6KbmdZWfPXwzMHqE0EqadXGmC4EUiV9fILpPvzywoshj9ho%2BozetH4p9MEodDddFJAMylcbfLxPwuSgrlwS%2FpDqm9c4Q9r47wIpnGEbtpDNXfwfwQx0Cq6y44RV%2BXvzDLPo4d3qTuuqipYtaEXT80%2FhL9tRhpOqm21kWJYHZc4DR62353abJncoPrY39HYZamBegg%2BxiK35sxGUcyTYPgShEwOF641Xlq%2Bwj6NZ4uZN8DGaADRWsI%2Bp1xU5kHNP1uX9kJpDXIPgjd2rg%2FyKUmFcqp8udY%2BW97%2BpnrnGranzZyMD7kctN9DgEioK3XEWdqBYOgM87Jw5byKDUb2Bhv6sutREemUXLZ0DY4Ck%2B2ucNhO8lCAcw6MVQXVsR%2BkWFmAwESWKxhJIq%2BhE2DMJn2EDgdEBrRdJpudEUZDZ4Fhh%2Fp%2FMG9b%2FzOOAWCvD2WY13IoCapFhtyRgZU8FxUtA7WGUkH7CjH9k9aL%2BgjbwIp6EkEE80BO0QybSeKgInRm%2BUamqoCrbLR3W%2Bv%2FtHI1HZuKeL9CyHLz%2Fby1%2BHcL4csVP0fw%3D,NA,NA,NA,NA,NA,#478598433,NA,NA,NA,NA,NA,NA,NA,NA,NA,NA,NA,NA
66, Mini Parlante Bluetooth Usb Sd Con Luces Led ,3.89,NA,86,14,12,324,NA,Envío a todo el país,NA,NA,NA,NA,https://perfil.mercadolibre.cl/HOMEVENTAS+LTDA,https://articulo.mercadolibre.cl/MLC-455515264-mini-parlante-bluetooth-usb-sd-con-luces-led-_JM,NA,NA,NA,NA,NA,#455515264,NA,NA,NA,NA,NA,NA,NA,NA,NA,NA,NA,NA
67, Parlante Lampara Bluetooth Cambia Luz Al Tacto ,9.99,NA,324,88,12,832,NA,Envío a todo el país,NA,NA,4.7,9,https://perfil.mercadolibre.cl/LAOCASIONSTORE,https://articulo.mercadolibre.cl/MLC-445335223-parlante-lampara-bluetooth-cambia-luz-al-tacto-_JM,7,1,1,0,0,#445335223,NA,NA,NA,NA,NA,NA,NA,NA,NA,Auxiliar,NA,NA
68, Parlante Skybeat Karaoke Bluetooth Portatil + Microfono ,17.99,NA,35,8,12,1.499,NA,Envío a todo el país,NA,NA,5,2,https://perfil.mercadolibre.cl/GAMETOTALIMPACT,https://articulo.mercadolibre.cl/MLC-471317973-parlante-skybeat-karaoke-bluetooth-portatil-microfono-_JM,2,0,0,0,0,#471317973,NA,NA,2.2 kg,NA,NA,NA,NA,24 cm,34 cm,NA,NA,NA
69, Parlante Karaoke Bluetooth Fiddler 50w Micrófono Inalámbrico ,79.99,99.900,22,1,6,13.332,NA,Envío gratis a todo el país,NA,NA,5,2,https://perfil.mercadolibre.cl/MACROTEL+TO?brandId=335,https://click1.mercadolibre.cl/mclics/clicks/external/MLC/count?a=sh9hC40IT8wQs3Ul2OoN40Kljwa2yw4oOGQNUtj%2FDVzeSaq0gGtkWwTotadiS1XmeV5ROW3Fy6ssF%2F6QvyG7L9839YAbLWOy42fWJUh0N9P2wnN3LFYXm3WDxIzM6aOc81IPpUeQ3SSSwMqTKlQI6%2BTHl09kweKztRK8T5w5h33WX5vhFQP8OEmPSES%2FIP5Ofy090%2FzO2UzdUU0pz%2B%2FOFZQy868HulM2YW0w6e%2FigyTAZSzQfhmQIt6Nx%2B8xmCRDGYYn4VB%2FuZcg1rzstBKXPO3YjHhd%2Ftij4Sg%2B4lwQduPN933ZRPzSgYyV4QkNiQiZQmV7CdYvp3uhxLZMgBcsv1OKTjL4SWSpBAfQ6QEGtNFOSF6Xlou8i6ls%2FdvGMPtQYBFiHkSWj0YYAiT8Pk3EOZdFxOC4dtuHB5QMzaML4EnwySJlBrNuvf3%2B2hEisr%2F6e%2BKU9TgZB%2F%2FMLZVSQbMANvt0HbyOgKxOEldr0P7vCgJroLQ%2B5qnoHKA2BMpod5bl4%2FkRFhIr0as7RY3pNDsNpom11MPZVxJIuO6Ni%2Bymo0QiyoZsj8PGK8Lfxz7dn8pOtdWyxvZ%2F2CnWrNcMuQJ3bFvzl6rQCMx%2FpwrRZtZ6KOlNhmeC%2Boh9tldgc3xPEkfyZ%2BdTfvspo%2F0jJxoC3rKgMF3LqL6YyCeVzR64E898YcolHY%2FNmzVRSKYg8iSnxZRPnbBQg8dAL0gqz8hd8zMcb0xrL9iAnqlw2yOEv7gtmiXX6AXTBSPIsC3y5fgMlGw4mX6d5hKyeMBZxz0lnsxNLu6Xl9IV3oIbtzzgdH6C4z0Lh8SpDS6zG4f3qkM4Fni4LkK9INLVo7diCwXAwc68nVCZkd03%2ByMnSv1F9aj42QkVCDoIGiUOE0U7S4lVrMP081QSA5uEhjOM3Riau1F%2BL4v2Fua7vyAGUkLR8oDp9gT7U60tSffLHFR65sUbEuPL7I30PUr2sG2a6PBVr9Xo%2Btuk0RBcyRTJamhMsxKjMTQfMzPFn5m48fqn5NJqSoAquh1WgYmgOCQcV2czsbHwObrX%2B%2Bknih91OfilwgxvfKOEd%2FAd70QLRNzvQN77COYwqw%2FaDnvADmml4%2BJULZg%2BNsm9tB8Fwo48O%2BhMbyTpL0zb8pgXmy%2BplXWBm56t7KeeJF%2FB10AsHGPXSGqYnBAv0qfX4rglUISL3Y9aj6mfDkCkTRohH48C9xCGbGvLebqH5cJCPGD2U4QDE%2B%2BnfHXbSLaUUzPiMvvB84PAqCdjV4sjm6q4v%2Fx8yuEHfc43aL9JGvGm5VNqPisijZM25fgNP4e5dbUjRLVwT4QWdoK57F7fpeYhhKpVwzd9KTjNnisSSkLd5Xebh6enczzLStqC6jNrhad81wRoB2gZ4Zkm36p95RIaR35jHE3ld0f47muL%2BRgwFd9NUllr6No7k0l5Bw9icBRZpLgvf1U8ajZLBNYFBYKRCpFhH7ZSwMT7VKJx1DmQ,2,0,0,0,0,#461986067,Fiddler,NA,NA,FD-13805,NA,NA,NA,NA,NA,NA,NA,NA
70, Micrófono Con Parlante Karaoke Bluetooth Inalámbrico ,9.89,NA,211,86,12,824,NA,Envío a todo el país,NA,NA,4.6,23,https://perfil.mercadolibre.cl/CHILE_DISTRIBUTOR,https://articulo.mercadolibre.cl/MLC-446982152-microfono-con-parlante-karaoke-bluetooth-inalambrico-_JM,17,5,0,0,1,#446982152,NA,NA,NA,NA,NA,NA,NA,NA,NA,NA,NA,NA
71, Parlante Portátil Yamaha Wx-021 Bluetooth ,229.99,NA,1,5,6,38.332,NA,Envío gratis a todo el país,NA,NA,NA,NA,https://perfil.mercadolibre.cl/GASEI+S.A.?brandId=393,https://articulo.mercadolibre.cl/MLC-478663763-parlante-portatil-yamaha-wx-021-bluetooth-_JM,NA,NA,NA,NA,NA,#478663763,Yamaha,MusicCast,3 kg,WX-021,40 W,Activo,NA,19.9 cm,28 cm,NA,NA,19.9 cm
72, Pack 5 Parlante Bluetooth Ducha / C & S Market ,18.99,NA,167,28,12,1.582,NA,Envío a todo el país,NA,NA,4.8,13,https://perfil.mercadolibre.cl/MUNDODESCUENTOS,https://articulo.mercadolibre.cl/MLC-452242941-pack-5-parlante-bluetooth-ducha-c-s-market-_JM,11,2,0,0,0,#452242941,NA,NA,NA,NA,NA,NA,NA,NA,NA,NA,NA,NA
73, Parlante Bluetooth Charge Mini Ii Excelente Sonido Nuevo ,12.99,NA,44,3,12,1.082,NA,Envío a todo el país,NA,NA,5,1,https://perfil.mercadolibre.cl/KIOSKOFAST.COM,https://articulo.mercadolibre.cl/MLC-467242477-parlante-bluetooth-charge-mini-ii-excelente-sonido-nuevo-_JM,1,0,0,0,0,#467242477,JBL,NA,NA,NA,NA,NA,NA,NA,NA,NA,NA,NA
74, Promo Navidad Parlante Bluetooth Karaoke + Bolso Camara ,14.99,NA,22,2,6,2.498,NA,Envío a todo el país,NA,NA,5,1,https://perfil.mercadolibre.cl/MMSMIKE1,https://articulo.mercadolibre.cl/MLC-452473456-promo-navidad-parlante-bluetooth-karaoke-bolso-camara-_JM,1,0,0,0,0,#452473456,NA,NA,NA,NA,NA,NA,NA,NA,NA,USB,NA,NA
75, Parlante Bluetooth Soundcore Flare Negro Anker ,44.99,69.990,53,3,6,7.498,NA,Envío gratis a todo el país,NA,NA,5,1,https://perfil.mercadolibre.cl/ANKERSTORE?brandId=188,https://articulo.mercadolibre.cl/MLC-464445267-parlante-bluetooth-soundcore-flare-negro-anker-_JM,1,0,0,0,0,#464445267,Anker,SoundCore,530 g,NA,NA,NA,NA,NA,NA,NA,NA,NA
76, Microfono Karaoke Inalambrico Bluetooth Parlante Ml2784 ,6.99,NA,24,82,6,1.165,NA,Envío a todo el país,NA,NA,NA,NA,https://perfil.mercadolibre.cl/IMPORTADORATECNOPRO,https://articulo.mercadolibre.cl/MLC-457618028-microfono-karaoke-inalambrico-bluetooth-parlante-ml2784-_JM,NA,NA,NA,NA,NA,#457618028,NA,NA,NA,NA,NA,NA,NA,NA,NA,NA,NA,NA
77," Parlante Inalambrico Kolke Pop De 30w, Conexión Usb, Lector ",21.98,39.990,15,2,12,1.832,NA,Envío gratis a todo el país,NA,NA,NA,NA,https://perfil.mercadolibre.cl/LOI+CHILE,https://articulo.mercadolibre.cl/MLC-484751051-parlante-inalambrico-kolke-pop-de-30w-conexion-usb-lector-_JM,NA,NA,NA,NA,NA,#484751051,Kolke,NA,NA,"Parlante Inalambrico Kolke Pop De 30W, Conexión Usb, Lector De Tarjetas Sd Y Micrófono.",NA,NA,NA,NA,NA,NA,NA,NA
78, Parlante Bluetooth Mic Manos Libres Impermeable Ducha 4 Colo ,3.25,NA,50,9,12,271,NA,Envío a todo el país,NA,NA,NA,NA,https://perfil.mercadolibre.cl/MIAMISTORE2014,https://articulo.mercadolibre.cl/MLC-433763402-parlante-bluetooth-mic-manos-libres-impermeable-ducha-4-colo-_JM,NA,NA,NA,NA,NA,#433763402,NA,NA,NA,NA,NA,NA,NA,NA,NA,NA,NA,NA
79, Parlante Bluetooth Jbl Charge 4 Negro Sumergible ,129.99,189.990,6,4,6,21.665,NA,Envío gratis a todo el país,NA,NA,NA,NA,https://perfil.mercadolibre.cl/ESTURIONTIENDAOFICIAL?brandId=209,https://articulo.mercadolibre.cl/MLC-475672245-parlante-bluetooth-jbl-charge-4-negro-sumergible-_JM,NA,NA,NA,NA,NA,#475672245,JBL,NA,NA,Charge 4,30 W,Activo,NA,NA,NA,NA,Caja,NA
80, Pack 3 Ampolleta Led Con Parlante Bluetooth Rgb Colores ,10.99,NA,19,88,12,916,NA,Envío a todo el país,NA,NA,4.5,2,https://perfil.mercadolibre.cl/KING.STORE.CHILE,https://articulo.mercadolibre.cl/MLC-478598372-pack-3-ampolleta-led-con-parlante-bluetooth-rgb-colores-_JM,1,1,0,0,0,#478598372,NA,NA,NA,NA,NA,NA,NA,NA,NA,NA,NA,NA
81, Parlante Jbl Go 2 Bluetooth Portatil Colores Mrclick ,21.99,28.990,26,16,6,3.665,NA,Envío gratis a todo el país,NA,NA,NA,NA,https://perfil.mercadolibre.cl/MR.CLICK+CHILE,https://articulo.mercadolibre.cl/MLC-477584772-parlante-jbl-go-2-bluetooth-portatil-colores-mrclick-_JM,NA,NA,NA,NA,NA,#477584772,JBL,NA,184 g,GO 2,3 W,Activo,NA,NA,NA,NA,NA,1 m
82, Pack 10 Parlante Bluetooth Portatil Agua Piscina Ducha Gocy ,27.99,NA,41,97985,6,4.665,NA,Envío gratis a todo el país,NA,NA,4.5,2,https://perfil.mercadolibre.cl/GOCYEXPRESS,https://articulo.mercadolibre.cl/MLC-439442904-pack-10-parlante-bluetooth-portatil-agua-piscina-ducha-gocy-_JM,1,1,0,0,0,#439442904,NA,NA,NA,NA,NA,NA,NA,NA,NA,NA,NA,NA
83, Parlante Line Array Bluetooth Master G Pro210 ,149.99,169.990,12,8,6,24.998,NA,Envío gratis a todo el país,NA,NA,NA,NA,https://perfil.mercadolibre.cl/GASEI+S.A.?brandId=278,https://articulo.mercadolibre.cl/MLC-472465571-parlante-line-array-bluetooth-master-g-pro210-_JM,NA,NA,NA,NA,NA,#472465571,Master-G,NA,31.5 kg,PRO210,450 W,Activo,220V,34 cm,61 cm,Auxiliar,Line array,46 cm
84, Parlante Portatil Jbl Boombox Bluetooth + 1 Año Garantia ,349.99,519.990,4,3,6,58.332,NA,Envío gratis a todo el país,NA,NA,NA,NA,https://perfil.mercadolibre.cl/ESTURIONTIENDAOFICIAL?brandId=209,https://articulo.mercadolibre.cl/MLC-456442921-parlante-portatil-jbl-boombox-bluetooth-1-ano-garantia-_JM,NA,NA,NA,NA,NA,#456442921,JBL,NA,NA,Boombox,NA,Activo,NA,NA,NA,NA,Caja,NA
85, Parlante Jbl Xtreme 100% Original Envió Gratis 3 Color ,174.9,NA,10,3,6,29.150,NA,Envío gratis a todo el país,NA,NA,NA,NA,https://perfil.mercadolibre.cl/COMPRA+SMART.,https://articulo.mercadolibre.cl/MLC-467167620-parlante-jbl-xtreme-100-original-envio-gratis-3-color-_JM,NA,NA,NA,NA,NA,#467167620,JBL,NA,2112 g,xtreme 1,40 W,NA,220V,NA,NA,NA,Caja,NA
86, Parlante Jbl Xtreme 2 Bluetooth Azul - Bestmart ,293,NA,2,1,6,48.833,NA,Envío gratis a todo el país,NA,NA,NA,NA,https://perfil.mercadolibre.cl/BESTMARTCL,https://click1.mercadolibre.cl/mclics/clicks/external/MLC/count?a=HqsHhomMzZvWpvX4CORpflE2lTKjO%2F6yuFGEYs4Rznb6jtIkZ6plEwahd7Li0GUo%2Fkz2zOQUQYq8GktC6RWyTabQJNik3CYAt%2FAgCg%2F33XMrCHyW%2Bi%2FW7mXhla0Py%2FdtB%2FBnwQUQuJPEIkZI%2FYrASmBBRG57syw%2F%2BPY7QXC2J0vh0ByD1Iu7u5SfJIeu6feEagE1ynfSwr8%2FnJ3wtg56ft3KzSl1v8vnLOzGu6FYTg8o05lItFkNhdKChiT4qW8xw%2BKaO%2FnzHeHVgyf0cik%2F7vlaB00atRC12Zpv8tI4Gb924M872V3r%2B7VEP5Ry7RFRnlCW%2FlTrc9rZcXOEHlOwe7MGuiNnN7OTeTxyHXPF4ugC%2FVj1%2F8BuswkeTPZZr2mmQG3pkWmZoKJO409hgqY7UssHsIf3lD3M%2F3xoJsswfF4ajvclZKnPUu9GU2rxsLdXaZPtrttUujx%2BIPCpeB9JOOoIWdeWM3lHKxEUkNwxHEsd79XSmZhdqk8h%2BFDApcrsnGgEjbuKmztY%2FpkBn4dcIIHpZHC%2BEm20wTdFUmTg0VBIMAUzfgU5jZ4nkIDahatVj3ZkjA1N9UpiZNXkkQF7xZNkN8nIwcnD%2FnNGN7oyaY336wHhA22HSyg%2Fgo%2B4JtRlB2wFHaQPGrtWchFLKFbfT369hG7BLCasO64g1BqnCaGdk9r%2BWrPPEgz2X6AA48tceFaa0zUeew8qq9XB9ISrMzjSow2RadxJGWK%2B5iTkOuKKQlijCHxfJZ4I%2Bt3dwOhGZqv0%2B3yPD3OPF%2FHslPAG%2FcmAqaHnwivlVxU0%2B%2BwlgpIMpnCZqBAe%2FDOD3ulislPkNHRqcRWq2Yzl12kbUTaHFnBrQM9QnHxfWGdMhk9CXuEdRsm4iBm1EbPUbOlb6JUHDYSyMnYM8QxPbN41sriJZAka%2FngVi598C6N%2Bcyhao5HfG1yUh7KuxxCsrlE%2FmClqd7zykXniZRiD4j7G90WT6MFmM4cDZMp6R1DKSybUZ81az%2BHlF%2FyBHr7yh70t9CO8rdqe2MnaBkoiolKRTfYJ%2B%2BrvM3OAPyqM8x%2Fx1uhO9chaVfwmoeFeARAVYcklwnQDRvt15RkfIVREHrIcp8uD4RTYrfg6nGJJp%2BvgHy1zAoxyLmSwy3vnf1oOKbnOG6U26uTek5u0uS5wNVAGiPFagcmqcGNdlmu8wpZAtWQOONvioxdVG00dAa3lD7doy5QwsCGLnmTEXQV7L%2FO67%2Fb1vGdYPu1ifAosImwt0TZYQJE1xH%2BRx%2FSzPiPhQv9oAKZiSumQt0lbI21Q1%2BYCKPwlMaZZwY6VSWKW6vOi4OQdJJIIJnmJkzo8rVqOexxQs57tgpj%2FrIPLm80UUHcop%2Ft3LSHQa3CYOvYaV4mUzAZadXh%2Bhj%2FYNO7mCX%2Fwc1BECAT2hI3lleV28xQmds4vyHizEwu8htSdXR%2FWk2s1Mk2vxYWVx4vM,NA,NA,NA,NA,NA,#481943789,JBL,NA,5.14 lb,Xtreme,40 W,Pasivo,NA,NA,NA,NA,NA,NA
87, Parlante Bluetooth Design Modelo Dd022 Verde - Revogames ,4.59,NA,28,29,6,765,NA,Envío a todo el país,NA,NA,5,1,https://perfil.mercadolibre.cl/REVOLUTIONGAMES.CL,https://articulo.mercadolibre.cl/MLC-444380359-parlante-bluetooth-design-modelo-dd022-verde-revogames-_JM,1,0,0,0,0,#444380359,NA,NA,NA,NA,NA,NA,NA,NA,NA,NA,NA,NA
88, Parlante Portable Bluetooth Control Usb Sd Luz Led | Maxtech ,24.99,NA,18,32,12,2.082,NA,Envío gratis a todo el país,NA,NA,5,1,https://perfil.mercadolibre.cl/MAXTECHCHILELTDA,https://articulo.mercadolibre.cl/MLC-458462295-parlante-portable-bluetooth-control-usb-sd-luz-led-maxtech-_JM,1,0,0,0,0,#458462295,Sonos,NA,NA,Color,NA,NA,NA,NA,NA,NA,NA,NA
89, Parlante Bose Soundlink Color 2 ,129.99,NA,9,4,6,21.665,NA,Envío gratis a todo el país,NA,NA,2,2,https://perfil.mercadolibre.cl/GASEI+S.A.?brandId=392,https://articulo.mercadolibre.cl/MLC-472170923-parlante-bose-soundlink-color-2-_JM,0,0,0,2,0,#472170923,Bose,SoundLink,NA,Color II,NA,Activo,NA,NA,NA,Auxiliar,NA,NA
90, Parlante Portátil Bluetooth Yamaha Wx-030 Musiccast ,199.99,NA,2,6,6,33.332,NA,Envío gratis a todo el país,NA,NA,NA,NA,https://perfil.mercadolibre.cl/GASEI+S.A.?brandId=393,https://articulo.mercadolibre.cl/MLC-484970584-parlante-portatil-bluetooth-yamaha-wx-030-musiccast-_JM,NA,NA,NA,NA,NA,#484970584,Yamaha,MusicCast,3 kg,WX-030,30 W,Activo,220V,NA,NA,NA,Caja,NA
91, Parlante Activo Elevate 115 - Probass - 101db ,79.99,NA,63,150,6,13.332,NA,Envío gratis a todo el país,NA,NA,NA,NA,https://perfil.mercadolibre.cl/101DB+CHILE,https://articulo.mercadolibre.cl/MLC-442197815-parlante-activo-elevate-115-probass-101db-_JM,NA,NA,NA,NA,NA,#442197815,Pro Bass,NA,NA,Elevate 115,NA,NA,NA,NA,NA,NA,NA,NA
92, Parlante Harman Kardon Aura Studio 2 Bluetooth ,149.99,249.990,26,4,6,24.998,NA,Envío gratis a todo el país,NA,NA,NA,NA,https://perfil.mercadolibre.cl/REIFSTORE?brandId=265,https://articulo.mercadolibre.cl/MLC-453000252-parlante-harman-kardon-aura-studio-2-bluetooth-_JM,NA,NA,NA,NA,NA,#453000252,Harman Kardon,NA,NA,Aura Studio 2,NA,NA,NA,NA,NA,NA,NA,NA
93, Parlante Karaoke Portatil Bluetooth Master G Spbt12d ,79.99,89.990,22,4,6,13.332,NA,Envío gratis a todo el país,NA,NA,NA,NA,https://perfil.mercadolibre.cl/GASEI+S.A.?brandId=278,https://articulo.mercadolibre.cl/MLC-472371218-parlante-karaoke-portatil-bluetooth-master-g-spbt12d-_JM,NA,NA,NA,NA,NA,#472371218,Master-G,NA,11.62 kg,SPBT12D,6000 W,Activo,220V,35 cm,60 cm,"Auxiliar, USB",Caja,33 cm
94, Parlantes Para Terraza Pyle Amplificados Bluetooth Negros ,129.9,NA,1,8,6,21.650,NA,Envío gratis a todo el país,NA,NA,NA,NA,https://perfil.mercadolibre.cl/COMERCIALOMEGALTDA,https://articulo.mercadolibre.cl/MLC-465112351-parlantes-para-terraza-pyle-amplificados-bluetooth-negros-_JM,NA,NA,NA,NA,NA,#465112351,NA,NA,NA,NA,NA,NA,NA,NA,NA,NA,NA,NA
95, Parlante Bose Home Speaker 500 ,349.99,NA,7,3,6,58.332,NA,Envío gratis a todo el país,NA,NA,NA,NA,https://perfil.mercadolibre.cl/GASEI+S.A.?brandId=392,https://articulo.mercadolibre.cl/MLC-473710362-parlante-bose-home-speaker-500-_JM,NA,NA,NA,NA,NA,#473710362,Bose,NA,NA,Home Speaker 500,NA,Activo,NA,NA,NA,NA,NA,NA
96, Parlante Portatil Karaoke Bluetooth Master G Spbt8d ,59.99,NA,71,6,6,9.998,NA,Envío gratis a todo el país,NA,NA,3,2,https://perfil.mercadolibre.cl/GASEI+S.A.?brandId=278,https://articulo.mercadolibre.cl/MLC-472371109-parlante-portatil-karaoke-bluetooth-master-g-spbt8d-_JM,0,0,2,0,0,#472371109,Master-G,NA,7.06 kg,SPBT8D,4000 W,Activo,220V,280 mm,490 mm,"Auxiliar, USB",Caja,280 mm
97, Parlante Soundbar Barra Audio 55w Bluetooth Rca Sb-2000bt ,45.99,NA,19,9,6,7.665,NA,Envío gratis a todo el país,NA,NA,4.5,2,https://perfil.mercadolibre.cl/TIENDA+MULTIELECTRO,https://articulo.mercadolibre.cl/MLC-490447868-parlante-soundbar-barra-audio-55w-bluetooth-rca-sb-2000bt-_JM,1,1,0,0,0,#490447868,NA,NA,NA,NA,NA,NA,NA,NA,NA,NA,NA,NA
98, Parlante Jbl Xtreme 2 Bluetooth - Azul + 1 Año Garantia ,259.99,310.990,3,4,6,43.332,NA,Envío gratis a todo el país,NA,NA,NA,NA,https://perfil.mercadolibre.cl/ESTURIONTIENDAOFICIAL?brandId=209,https://articulo.mercadolibre.cl/MLC-476371426-parlante-jbl-xtreme-2-bluetooth-azul-1-ano-garantia-_JM,NA,NA,NA,NA,NA,#476371426,JBL,NA,NA,Xtreme,40 W,Pasivo,NA,NA,NA,NA,NA,NA
99, Parlante Bluetooth Karaoke Master G Pro Tower ,129.99,159.990,17,2,6,21.665,NA,Envío gratis a todo el país,NA,NA,5,1,https://perfil.mercadolibre.cl/GASEI+S.A.?brandId=278,https://articulo.mercadolibre.cl/MLC-472465221-parlante-bluetooth-karaoke-master-g-pro-tower-_JM,1,0,0,0,0,#472465221,Master-G,NA,15 kg,PROTOWER,140 W,Activo/Pasivo,220V,265 mm,905 mm,Auxiliar,Columna,240 mm
100, Parlante Activo Novik Evo 300a - Usb 15 ,114.9,NA,1,1,12,9.575,NA,Envío gratis a todo el país,NA,NA,NA,NA,https://perfil.mercadolibre.cl/COMERCIAL+ELECTROACUSTIC,https://articulo.mercadolibre.cl/MLC-489829841-parlante-activo-novik-evo-300a-usb-15-_JM,NA,NA,NA,NA,NA,#489829841,NA,NA,NA,NA,NA,NA,NA,NA,NA,NA,NA,NA
101, Bose Soundbar 500 ,479.99,NA,3,1,6,79.998,NA,Envío gratis a todo el país,NA,NA,NA,NA,https://perfil.mercadolibre.cl/GASEI+S.A.?brandId=392,https://articulo.mercadolibre.cl/MLC-473710605-bose-soundbar-500-_JM,NA,NA,NA,NA,NA,#473710605,Bose,NA,NA,NA,NA,NA,NA,NA,NA,NA,NA,NA
102, Parlantes Bluetooth Fiddler True Wireless Stereo Tws 4'' ,19.99,29.990,16,85,6,3.332,NA,Envío gratis a todo el país,NA,NA,5,1,https://perfil.mercadolibre.cl/MACROTEL+TO?brandId=335,https://articulo.mercadolibre.cl/MLC-476372073-parlantes-bluetooth-fiddler-true-wireless-stereo-tws-4-_JM,1,0,0,0,0,#476372073,Fiddler,NA,NA,FD-PTWS24,NA,NA,NA,NA,NA,Auxiliar,NA,NA
103, Transmisor De Señal Bluetooth Para Tv-audifonos/parlantes ,7.49,NA,18,4,12,624,NA,Envío a todo el país,NA,NA,NA,NA,https://perfil.mercadolibre.cl/MARCOSBIZAMA,https://articulo.mercadolibre.cl/MLC-476450217-transmisor-de-senal-bluetooth-para-tv-audifonosparlantes-_JM,NA,NA,NA,NA,NA,#476450217,NA,NA,NA,NA,NA,NA,NA,NA,NA,NA,NA,NA
104, Mini Parlante Cubo Recargable Reproductor Mp3 / Ekipofertas ,3.99,NA,14,2,6,665,NA,Envío a todo el país,NA,NA,NA,NA,https://perfil.mercadolibre.cl/EKIPOFERTAS,https://articulo.mercadolibre.cl/MLC-464336271-mini-parlante-cubo-recargable-reproductor-mp3-ekipofertas-_JM,NA,NA,NA,NA,NA,#464336271,Bose,NA,NA,NA,NA,NA,NA,NA,NA,Plug,NA,NA
105, Parlante Bluetooth Marshall Stanmore 2 Negro - Marshall ,299.99,349.990,2,4,6,49.998,NA,Envío gratis a todo el país,NA,NA,NA,NA,https://perfil.mercadolibre.cl/MOBILEHUT?brandId=466,https://articulo.mercadolibre.cl/MLC-478447474-parlante-bluetooth-marshall-stanmore-2-negro-marshall-_JM,NA,NA,NA,NA,NA,#478447474,Marshall,NA,10.25 lb,Stanmore 2,NA,NA,NA,NA,NA,NA,NA,NA
106, Pak 5 Parlante Bluetooth Ducha Manos Libres Impermeable ,19.99,NA,9,3,12,1.666,NA,Envío gratis a todo el país,NA,NA,NA,NA,https://perfil.mercadolibre.cl/MIAMISTORE2014,https://articulo.mercadolibre.cl/MLC-436672266-pak-5-parlante-bluetooth-ducha-manos-libres-impermeable-_JM,NA,NA,NA,NA,NA,#436672266,NA,NA,NA,NA,NA,NA,NA,NA,NA,NA,NA,NA
107, Parlante Bluetooth Jbl Charge 4 Rojo Sumergible ,129.99,189.990,4,6,6,21.665,NA,Envío gratis a todo el país,NA,NA,NA,NA,https://perfil.mercadolibre.cl/ESTURIONTIENDAOFICIAL?brandId=209,https://articulo.mercadolibre.cl/MLC-475672266-parlante-bluetooth-jbl-charge-4-rojo-sumergible-_JM,NA,NA,NA,NA,NA,#475672266,JBL,NA,NA,Charge 4,30 W,Activo,NA,NA,NA,NA,Caja,NA
108, Parlante Bluetooth Zukabass4 Mlab Watermelon / Mundo Electro ,13.99,NA,8,5,12,1.166,NA,Envío a todo el país,NA,NA,NA,NA,https://perfil.mercadolibre.cl/MUNDOELECTROCL,https://articulo.mercadolibre.cl/MLC-482475213-parlante-bluetooth-zukabass4-mlab-watermelon-mundo-electro-_JM,NA,NA,NA,NA,NA,#482475213,Microlab,NA,NA,Zukabass 4 Watermelon,20 W,NA,220V,NA,NA,Auxiliar,NA,NA
109, Parlante Portatil Flama Led 3d Bluetooth Subwoof Fuego ,17.99,NA,2,98,12,1.499,NA,Envío a todo el país,NA,NA,NA,NA,https://perfil.mercadolibre.cl/HDFACTORY,https://articulo.mercadolibre.cl/MLC-462277926-parlante-portatil-flama-led-3d-bluetooth-subwoof-fuego-_JM,NA,NA,NA,NA,NA,#462277926,NA,NA,NA,NA,NA,NA,NA,NA,NA,NA,NA,NA
110, Funda Parlante Eon615 Acolchada Fab Chile (envio Gratis) Jbl ,37.99,NA,7,181,12,3.166,NA,Envío gratis a todo el país,NA,NA,NA,NA,https://perfil.mercadolibre.cl/EMMETT+LIMITADA,https://articulo.mercadolibre.cl/MLC-480743112-funda-parlante-eon615-acolchada-fab-chile-envio-gratis-jbl-_JM,NA,NA,NA,NA,NA,#480743112,JBL,EON600 Series,NA,EON615,500 W,Activo,NA,NA,NA,NA,Caja,NA
111, Parlante Bluetooth Microlab Desk Series / Mundo Electro ,11.99,NA,12,13,12,999,NA,Envío a todo el país,NA,NA,NA,NA,https://perfil.mercadolibre.cl/MUNDOELECTROCL,https://articulo.mercadolibre.cl/MLC-471698759-parlante-bluetooth-microlab-desk-series-mundo-electro-_JM,NA,NA,NA,NA,NA,#471698759,Microlab,NA,NA,Desk Series,4 W,NA,220V,4 cm,19 cm,NA,NA,NA
112, Lampara Luna Bluetooth Parlante 3d 15cms / Ekipofertas ,11.99,NA,54,4,12,999,NA,Envío a todo el país,NA,NA,5,1,https://perfil.mercadolibre.cl/EKIPOFERTAS,https://articulo.mercadolibre.cl/MLC-473453801-lampara-luna-bluetooth-parlante-3d-15cms-ekipofertas-_JM,1,0,0,0,0,#473453801,NA,NA,NA,NA,NA,NA,NA,NA,NA,NA,NA,NA
113, Jbl Parlante Portátil Go 2 Bluetooth Gray + Garantía 1 Año ,27.99,34.990,10,13,6,4.665,NA,Envío gratis a todo el país,NA,NA,NA,NA,https://perfil.mercadolibre.cl/ESTURIONTIENDAOFICIAL?brandId=209,https://articulo.mercadolibre.cl/MLC-475214934-jbl-parlante-portatil-go-2-bluetooth-gray-garantia-1-ano-_JM,NA,NA,NA,NA,NA,#475214934,JBL,NA,NA,GO 2,3 W,Activo,NA,NA,NA,NA,NA,NA
114, Parlante Bluetooth Microlab Portable Series / Mundo Electro ,7.99,NA,8,14,12,666,NA,Envío a todo el país,NA,NA,NA,NA,https://perfil.mercadolibre.cl/MUNDOELECTROCL,https://articulo.mercadolibre.cl/MLC-471698213-parlante-bluetooth-microlab-portable-series-mundo-electro-_JM,NA,NA,NA,NA,NA,#471698213,Microlab,NA,NA,Portable Series,3 W,NA,220V,4 cm,11 cm,NA,NA,NA
115, Parlante Axxis As330t Solo One Bluetooth Nuevo Envío Gratis ,58.9,NA,1,1,6,9.817,NA,Envío gratis a todo el país,NA,NA,NA,NA,https://perfil.mercadolibre.cl/ESPACIOMUSICAL-HF,https://articulo.mercadolibre.cl/MLC-492396233-parlante-axxis-as330t-solo-one-bluetooth-nuevo-envio-gratis-_JM,NA,NA,NA,NA,NA,#492396233,Axxis,NA,NA,As330t Solo One,NA,NA,NA,NA,NA,NA,NA,NA
116, Jbl Flip 4 Blanco Parlante Portátil Bluetooth Inalámbrico ,69.99,79.990,5,2,6,11.665,NA,Envío gratis a todo el país,NA,NA,NA,NA,https://perfil.mercadolibre.cl/MOBILEHUT?brandId=166,https://articulo.mercadolibre.cl/MLC-471126104-jbl-flip-4-blanco-parlante-portatil-bluetooth-inalambrico-_JM,NA,NA,NA,NA,NA,#471126104,JBL,Flip Series,515 g,Flip 4,16 W,Activo,NA,NA,NA,NA,NA,NA
117, Parlante Portátil Karaoke Bluetooth Master G + Power Bank ,39.99,NA,34,4,6,6.665,NA,Envío gratis a todo el país,NA,NA,5,1,https://perfil.mercadolibre.cl/GASEI+S.A.?brandId=278,https://articulo.mercadolibre.cl/MLC-475162500-parlante-portatil-karaoke-bluetooth-master-g-power-bank-_JM,1,0,0,0,0,#475162500,Master-G,NA,3 kg,SPB8B,20 W,Activo,220V,260 mm,385 mm,NA,Caja,210 mm
118, Parlante Jbl Charge4 Negro Paga 12 Cuotas Envios Todo Chile ,134.99,NA,7,4,12,11.249,NA,Envío gratis a todo el país,NA,NA,NA,NA,https://perfil.mercadolibre.cl/VIJAYBHOJ,https://click1.mercadolibre.cl/mclics/clicks/external/MLC/count?a=e5TiGc7irGRmwk%2BNzMAO4yEapzt%2F9yJ3hqIRRapeh61eD9xVrRDcNCemMOOXdjYrumS%2Fmn6df%2BEibvWuAD%2FgljdfbM7pFaKda1joBm3iNNIJEHlrT%2BsYNDUMAR%2FYP4BDxdLpxiEIpXncT7WYej7pgTAksnbrFx%2BESoac0qVl3If%2FcgbX7RklYI8clXJR%2Ff%2F29BT%2BbRaBusRo01GoDp%2BZwbR5pNViaLBj%2FUiqc4JFtI%2BS0YsAz4DwS0qzcpF11VIg3SxwVUKHZQinvikwHhc3bDJxv9pwlgXdB76WhKXp3Kep%2BC0R2%2BwuxAIlOglKWFzmV4V1oux3e4ZyYO%2FYMTVUZMMJj%2BK%2Flnw2r2n1TMg8wK1ti4PN6pL6f8VdLk%2B1cvCsMFYZHl86WUn7NjyLvG9c%2B7ksxVCNsRtgUcXjNvrvovQ2hNEkp9ozgpk22BNWPBxPfywXrIKxmeJqCWmKbyCAwP9g2onVwpb69Jsz%2BhkWzgcKSULRPQQwGIXwP%2FsNDeSgxay%2FQv%2BZswcgidOdm3dSI%2BmuSHN0SmQaxCkN1qAOZZeUEyMZPGBX3RI8gtrAEbMBgTwrGSsCvdvNKIOvW0p73CW0zVMqa37098RG1WRIQ5S%2FKvkwikyh%2FOugMlODkGiadARb18JVbjUj7n%2BQswAFKixePmW1xxFRcGkTCpPhnuFYkN9EL%2FxSpzqixHeKMEwzjH4WUxuwm8C8bLHSeGbbdh5IH6CugucjoVrnJilX4Ar0ElGCvdbu7nxGMMkIG0ub2HgjL1D1RYRnQDiNb7EUCy9vsjxWEpvRiJ7ME4FT77TKbmB57kjqVMGY4mQs1znb38SfQVZl9CB7h5Tq27zRHtyZs%2F2U0ey2dgrOOWKDdmuOt0oHFoEUJxfvX%2FM4qCeGfleFPzza0Couc%2FzIDPtcARVCbpCWKvBZ%2BeZLt%2FhedTNlb4cVQ3xBhmViEscqJZywMcN3RZ22921ygA0hJRd%2FWsRmSMcUPblYbkBjZgAUTO%2BZSdHdRaKWKQPJD4Z6g4pq8HQfKllf9QWIYuzUIzt1TZBFKehzddplaVasI2MyseGBxY8QpId8yWj3uIkOg9aQrgLXa0WTNTXC%2BVcROmN4yGxD0Z3DMwPmJ0YdeOjH8i8e6sXJcHrPHffjR4NOQQeX67BzrcOao1mvOhxXX8N1oWq22fAr%2FxI43L0tuBfJMfT%2FRoZekc5TupWrgkoK5vCWkzuiHstXsO8eyRkgLRPif0KeUyScAgbQ17%2FzkKOqqdf5IENRlFf%2Bb0C5qZ8mlQA%2Bu%2FoO7u4SUH9eoyQGdsF5ZBQPBVLcy4QHL4HZ9boAepLwaeP5MtLRkVlaY5guiNt0mog5X0rboYbq13a2J98n%2Fj7FSFPnCnGCgYfuY9KdhBJMScRdeANW%2B9Pr%2Fc%2BYlL0P%2FEcEYLtJ4OLdN1oS6c7d%2BPMfA95z1GKk%2BlmTpzJLuwjDSRyLFt0Y3e7MdLcf6Wf2PU%2FRJ071,NA,NA,NA,NA,NA,#488634022,JBL,NA,NA,Charge 4,30 W,Activo,NA,NA,NA,NA,NA,NA
119," Jbl Caja Acústica Activa Eon615, Con Bluetooth (precio Por ",299.69,NA,4,1,6,49.948,NA,Envío gratis a todo el país,NA,NA,NA,NA,https://perfil.mercadolibre.cl/CASAMARILLA1920?brandId=434,https://articulo.mercadolibre.cl/MLC-485162006-jbl-caja-acustica-activa-eon615-con-bluetooth-precio-por-_JM,NA,NA,NA,NA,NA,#485162006,NA,NA,NA,NA,NA,NA,NA,NA,NA,NA,NA,NA
120, Parlante Portatil Jbl Pulse 3 Bluetooth Blanco + Garantia ,169.99,252.990,6,5,6,28.332,NA,Envío gratis a todo el país,NA,NA,NA,NA,https://perfil.mercadolibre.cl/ESTURIONTIENDAOFICIAL?brandId=209,https://articulo.mercadolibre.cl/MLC-456029895-parlante-portatil-jbl-pulse-3-bluetooth-blanco-garantia-_JM,NA,NA,NA,NA,NA,#456029895,JBL,NA,NA,Pulse 3,NA,NA,NA,NA,NA,NA,Caja,NA
121, Parlante Bamboo Stereo 2.1 Fiddler 22w Bluetooth ,49.99,59.990,17,3,6,8.332,NA,Envío gratis a todo el país,NA,NA,4.7,3,https://perfil.mercadolibre.cl/MACROTEL+TO?brandId=335,https://articulo.mercadolibre.cl/MLC-467367803-parlante-bamboo-stereo-21-fiddler-22w-bluetooth-_JM,2,1,0,0,0,#467367803,Fiddler,NA,NA,FD-WBT09,NA,NA,NA,NA,2 pulgadas,NA,NA,3 pulgadas
122, Parlantes Bluetooth Fiddler True Wireless Stereo Tws 4'' ,19.99,29.990,16,85,6,3.332,NA,Envío gratis a todo el país,NA,NA,5,1,https://perfil.mercadolibre.cl/MACROTEL+TO?brandId=335,https://click1.mercadolibre.cl/mclics/clicks/external/MLC/count?a=itC%2BNL87Wys%2F%2BT1QlbeXZvd4TLcvl0OKQWikX37o7TG%2BJ5eum8RQdzdV%2Fi9sOD1txxEavql11GxMQDBykxBmh7fRxodlhvL0RQAxrY2SOYGvuTELIg%2BzbmtOzL4pxaXS1smcawejoMjpa0i8TcKBtozzPW39iu4BHdbbpqBExAyyGbf9nfA5DUelIh4%2BYpUIzxGi%2F4TqajW8XnmRkeBvdYhJ64t9XbX8wIW5jNjRpzZCNbFjIn%2BjUrBpOvlzSSJJ%2F73K0M3%2BpZIVyvEv%2FQ0RjOb3bvCGjaJDi9hNYNp2GD2WezgNju67rP9Bd5ymI3S6pGjCPc6qWqE%2B7F4z7q6q2s6FZ%2BmV5zu8R21kXrGYE8U%2FYrBmKneNAA9cQ6%2BbUAzDYDMTzD4HaArKh6OXAbMAhz%2BZASAKxNPsMxFxxoDi643RxDXHOA24YF1HX7L6zV3LCrVyAQDAdPvbTMqwWX3L5v5sFkUFoTxVpQl0UJhzwlcy6%2BirzD%2B8CeH6WBIc5gd5FiNV8Ddt1TBtuj03ibU0FoGsbJ26XIDO8uD06PzOS542upT9QFVBPmVWp6EIz7Le5mSrQS5HNITixAIJCQAMLm5bMggaGfEwZL0Jtf8uONKUv7uQ94EuWhzPef%2FjnPlT3EsPwIqjxH8VaSuBqDnldAfDs%2BVFCFlJV2IxW6%2Fs0Mvbf5p%2BmmcnPLPJUOUB9W7ts9vtieuQZoe5qdRDVeHifuFt7B2iVWEz6dbnEatUVtV0Gh6acY8M3xGpToiPtG8CumregziLcPgSpk2AKKYqNE2f9MzSPCK75Ks59R9vKNSg6b7kWFTJj5pDKwuH0yAvMwMIAFn%2B%2FmmH1kaKOufcBLskcJpsErU3RSMKJZ8ryUE8gAGARBx1zWlEv012b9hhI59HO88hE0qbk4lLMBLEMKnJ4MH0EkIsVpJvbnNdYUNM4XOurj%2BdPT%2FJ4nwvD518AbvJ7ryjHA26KJpPrpu%2B72jfk5QNVYVkMUCY66rc%2Bv2vhxJ1si1n2wAlvu74Gm8QnxMn4D5jRFGs0myhkRjlX%2FVPrF%2Fy5vw9zET0yu8oaHRraLRYsmdytZp7ujj6VQulC1%2FUII8eDanW7wUjoPAd4YmmL5jh9FO80Q5hvtMWWGOLVqiyi47QgKC73ua31hayl3exAmSHd4AWoDLEBvlg2%2FS%2B3NW%2BFtjowT0yoD8qMFggeUIxpVBAbDxK8%2BnbcTXhjuzMRSxReB6XRbowdmQslI1zS6m4npQXvcpgXKVCLzMpypoUfAGbm6bIX%2BZIRBmQswG4gcobX3iVqix8t4SnjL82h4P82a%2BO13Awo2y9rNap2Q6pJKd1nvi5Id0hHpZ%2BI2wl3XfX%2B3nO0h4xaS5IXhaC7QnvLUs4nJbfVNyM0I%2Bz8UCIWmX3heXkXpDNjTFQYEEIJomWYCkfpGGLuLiadK4ecyext7zhgEHrEid4p25RGg%2F4RdbTpWzvanyR%2FK%2Fs5Q%3D%3D,1,0,0,0,0,#476372073,Fiddler,NA,NA,FD-PTWS24,NA,NA,NA,NA,NA,Auxiliar,NA,NA
123, Parlante Kanto Bluetooth Yu5 Matte Black ,199.99,NA,6,3,6,33.332,NA,Envío gratis a todo el país,NA,NA,5,1,https://perfil.mercadolibre.cl/CHILEABREYA,https://articulo.mercadolibre.cl/MLC-453172899-parlante-kanto-bluetooth-yu5-matte-black-_JM,1,0,0,0,0,#453172899,NA,NA,NA,NA,NA,NA,NA,NA,NA,NA,NA,NA
124, Parlante 8 Bluetooth Master-g Karaoke Spb8b /3gmarket ,39.99,NA,18,3,6,6.665,NA,Envío gratis a todo el país,NA,NA,NA,NA,https://perfil.mercadolibre.cl/3GMARKET,https://articulo.mercadolibre.cl/MLC-465446898-parlante-8-bluetooth-master-g-karaoke-spb8b-3gmarket-_JM,NA,NA,NA,NA,NA,#465446898,Master-G,NA,NA,SPB8B,60 W,NA,220V,NA,NA,Auxiliar,Caja,NA
125, Logitech Ue Boom 2 Parlante Bluetooth Negro - Techbox ,69.99,NA,12,3,6,11.665,NA,Envío gratis a todo el país,NA,NA,NA,NA,https://perfil.mercadolibre.cl/TECHBOX_CHILE,https://articulo.mercadolibre.cl/MLC-459960330-logitech-ue-boom-2-parlante-bluetooth-negro-techbox-_JM,NA,NA,NA,NA,NA,#459960330,Logitech,NA,0.2 kg,NA,NA,NA,NA,12 cm,20 cm,NA,NA,12 cm
126, Parlante Karaoke Bluetooth Fiddler 50w Micrófono Inalámbrico ,79.99,99.900,22,1,6,13.332,NA,Envío gratis a todo el país,NA,NA,5,2,https://perfil.mercadolibre.cl/MACROTEL+TO?brandId=335,https://articulo.mercadolibre.cl/MLC-461986067-parlante-karaoke-bluetooth-fiddler-50w-microfono-inalambrico-_JM,2,0,0,0,0,#461986067,Fiddler,NA,NA,FD-13805,NA,NA,NA,NA,NA,NA,NA,NA
127, Parlante Bt Sumergible Ue Wonderboom Multicolor Proglobal ,39.99,NA,11,5,6,6.665,NA,Envío gratis a todo el país,NA,NA,NA,NA,https://perfil.mercadolibre.cl/PROGLOBALCHILE,https://articulo.mercadolibre.cl/MLC-475046698-parlante-bt-sumergible-ue-wonderboom-multicolor-proglobal-_JM,NA,NA,NA,NA,NA,#475046698,Ultimate Ears,NA,0.425 kg,WONDERBOOM,NA,Activo,NA,9.35 cm,10.2 cm,USB,NA,9.35 cm
128, Sistema De Sonido Para Tv Bose Solo 5 ( De Regalo Soporte ) ,239.99,NA,4,3,6,39.998,NA,Envío gratis a todo el país,NA,NA,NA,NA,https://perfil.mercadolibre.cl/GASEI+S.A.?brandId=392,https://articulo.mercadolibre.cl/MLC-472272756-sistema-de-sonido-para-tv-bose-solo-5-de-regalo-soporte--_JM,NA,NA,NA,NA,NA,#472272756,Bose,NA,NA,NA,NA,NA,NA,NA,NA,NA,NA,NA
129, Parlante Mini Bluetooth Portatil Baño Ducha Resistente Agua ,7.5,8.800,31,6,6,1.250,NA,Envío a todo el país,NA,NA,3,1,https://perfil.mercadolibre.cl/TECNOPICADA,https://articulo.mercadolibre.cl/MLC-435975745-parlante-mini-bluetooth-portatil-bano-ducha-resistente-agua-_JM,0,0,1,0,0,#435975745,NA,NA,NA,NA,NA,NA,NA,NA,NA,NA,NA,NA
130, Amplificador 80w Karaoke Bt Fm Line In Mp3 Sd Fujitel ,33.2,36.990,6,77,6,5.533,NA,Envío gratis a todo el país,NA,NA,NA,NA,https://perfil.mercadolibre.cl/TECNOPICADA,https://articulo.mercadolibre.cl/MLC-485443619-amplificador-80w-karaoke-bt-fm-line-in-mp3-sd-fujitel-_JM,NA,NA,NA,NA,NA,#485443619,NA,NA,NA,NA,NA,NA,NA,NA,NA,NA,NA,NA
131, Parlante Jbl Xtreme 2 Bluetooth - Verde + 1 Año Garantia ,259.99,310.990,2,2,6,43.332,NA,Envío gratis a todo el país,NA,NA,NA,NA,https://perfil.mercadolibre.cl/ESTURIONTIENDAOFICIAL?brandId=209,https://articulo.mercadolibre.cl/MLC-476371410-parlante-jbl-xtreme-2-bluetooth-verde-1-ano-garantia-_JM,NA,NA,NA,NA,NA,#476371410,JBL,NA,NA,Xtreme,40 W,Pasivo,NA,NA,NA,NA,NA,NA
132, Jbl Charge 4 Parlante Portátil Bluetooth Azul Océano ,119.99,149.990,5,6,6,19.998,NA,Envío gratis a todo el país,NA,NA,NA,NA,https://perfil.mercadolibre.cl/MOBILEHUT?brandId=166,https://articulo.mercadolibre.cl/MLC-476261257-jbl-charge-4-parlante-portatil-bluetooth-azul-oceano-_JM,NA,NA,NA,NA,NA,#476261257,JBL,NA,0.96 kg,Charge 4 Azul Océano,30 W,Activo,NA,NA,NA,NA,NA,NA
133, Parlante Mini Bluetooth Portatil Baño Ducha Resistente Agua ,4.98,NA,2,33,6,830,NA,Envío a todo el país,NA,NA,NA,NA,https://perfil.mercadolibre.cl/HDFACTORY,https://articulo.mercadolibre.cl/MLC-489698904-parlante-mini-bluetooth-portatil-bano-ducha-resistente-agua-_JM,NA,NA,NA,NA,NA,#489698904,NA,NA,NA,NA,NA,NA,NA,NA,NA,NA,NA,NA
134, Parlante Bluetooth Aptoyu Potentes Bajos 10w Rms 3600 Mah ,22.99,35.990,33,42,6,3.832,NA,Envío gratis a todo el país,NA,NA,4.7,3,https://perfil.mercadolibre.cl/CAMERA+STORE,https://articulo.mercadolibre.cl/MLC-445354685-parlante-bluetooth-aptoyu-potentes-bajos-10w-rms-3600-mah-_JM,2,1,0,0,0,#445354685,NA,NA,NA,NA,NA,NA,NA,NA,NA,NA,NA,NA
135, Parlante Portatil Jbl Go Bluetooth Garantia Envio Gratis ,23.99,NA,6,2,6,3.998,NA,Envío gratis a todo el país,NA,NA,NA,NA,https://perfil.mercadolibre.cl/EVOLTAPC,https://articulo.mercadolibre.cl/MLC-451876171-parlante-portatil-jbl-go-bluetooth-garantia-envio-gratis-_JM,NA,NA,NA,NA,NA,#451876171,JBL,NA,NA,GO,3 W,Pasivo,NA,NA,NA,NA,NA,NA
136, Parlante Bluetooth Buldog Fm Radio Micro Sd Negro O Rojo ,18.99,NA,15,22,6,3.165,NA,Envío a todo el país,NA,NA,NA,NA,https://perfil.mercadolibre.cl/GAMETOTALIMPACT,https://articulo.mercadolibre.cl/MLC-470055754-parlante-bluetooth-buldog-fm-radio-micro-sd-negro-o-rojo-_JM,NA,NA,NA,NA,NA,#470055754,NA,NA,NA,NA,NA,NA,NA,20 cm,21 cm,NA,NA,12 cm
137, Pet Acústica Pet Tunes Altavoz Bluetooth Precargado Con Músi ,94.99,NA,1,2,12,7.916,NA,Envío gratis a todo el país,NA,NA,NA,NA,https://perfil.mercadolibre.cl/UP-SHOP,https://articulo.mercadolibre.cl/MLC-470919605-pet-acustica-pet-tunes-altavoz-bluetooth-precargado-con-musi-_JM,NA,NA,NA,NA,NA,#470919605,NA,NA,NA,NA,NA,NA,NA,NA,NA,NA,NA,NA
138, Parlante Bluetooth Soundcore Mini 2 By Anker ,29.99,NA,88,20,6,4.998,NA,Envío gratis a todo el país,NA,NA,5,6,https://perfil.mercadolibre.cl/ANKERSTORE?brandId=188,https://articulo.mercadolibre.cl/MLC-464446199-parlante-bluetooth-soundcore-mini-2-by-anker-_JM,6,0,0,0,0,#464446199,Anker,SoundCore,215 g,NA,NA,NA,NA,NA,NA,NA,NA,NA
139, Parlante Bamboo Stereo 2.1 Fiddler 22w Bluetooth ,49.99,59.990,17,3,6,8.332,NA,Envío gratis a todo el país,NA,NA,4.7,3,https://perfil.mercadolibre.cl/MACROTEL+TO?brandId=335,https://click1.mercadolibre.cl/mclics/clicks/external/MLC/count?a=1Ri5NfsiKkIAfXRvGYDK7x6ESPdJPg2hrITOuXLKu544E29xo2iHkyQzYfnc9FYx9cYlx0f2qNdfqQRedMXRYdEmcS1ykxd73sgHX15NLzETYW70NveJ5Puz99V7cH68gC8GbarBxy%2B5WHXU3GgWHEPQ0DvFyQG672loopVRX7DYU4%2Fju3fJ2idlKlenH9O31YXntKmGTr7WacTZz674KO331h%2B%2B8Vz47hNW4yhvSV6hppH%2BnxMfPjt6oq8uplaI%2BfvwfXCUC8BTHfqEfb9I9L91Crr6xe4e0zLfpRHJDv3SrqmO%2BDTvB8g2eetYQ38Ph8aYIUfvt7gp4udljsiSskiLXhO7adR0ExFIORxteTS4g03D3Df%2BN9xFmduNxXAFYmvI3xmu16JmpSFDJ0tZ8DIPT7uMSQr2HdmFSW%2FYJVkjrGJjjUYU7E5EGC5kEA2Kw00y%2FFdB0HAXaI3OzB4p9h7WJa7pfP9N6M2lmgbgJHofklAjrU7bQCALQOz2EZji67ggQnB8EguwWEOUBSOO72Js8q74gugNbfZqsaOeb6c7jfrwDlKNZZIpwO5jnoTv7P%2BwO9tWKPvOoMDnHRtVPT0PqSK4dep5jDAguEFUjI%2FMIt%2FR7IcuXOWjY1kUFZiWGtMjQhBQ%2FlEGo0bT%2BurO%2FYeXts5ZeI1cdhFU2aCjHgDIksn1OqB0ujj364224%2Bv2hBZxEmaIs3VHLfZ6WSL%2FEVXfjXW3genpKbZSaEkL5DnNZoppcuhhszcDoOXFlQzraTtvAhlpXIH5PguqvA8nr%2B%2BYw1op5nRIEG2L8J9i3MegBtUKgw5%2FzgBptrOafJT1MiFTBQECWyLTgqNYr76dNyYg0EAw1P%2F2AYDizcFZWLWUBdkG4X595RZKVlrHIg%2BWuS3553mxIX6gK3hCmMjZeoiyp8IWgs1OHKMn%2BFeT0y9KuaIGVXWcw2gHDVaDBZwfUWBFAVQljZuVvUYVJlZJeA8pYZBl8IRZOxa%2BeVG%2Fkcl1i7U0X31TgR7d7%2BvWJe8Azt5ur8psz2YQ8AZEqMwWHE6%2BjxYJ4lHT7B08U7N0oHlwHCjW6SELFiqM6AwWo%2BvJCJT1LCaPtMdHOQxFhh52ReV8JqTErfGeRq4P%2FqLM1m1RlJfl6GXoaS2yTfJCdHgYgHWwAU%2FJK4DbOvHmIijAb0sbgYB3%2BgRaNF66N3QrQYdaQBkyUZg%2F9lYSG%2FvT2X96Ntz8m6hzSDAMh7m5E1tG3KNiYhI99zYX7mbaBEvNBxDlFPBQs3Qqxl57PZSF530X4o75p96s06pUNPzomVg%2BJpJBKyrXdDPiquIgN3Ndnrx9HRh3%2BcopkHULCwmeDgqarG2zld5alEbVuXfD%2Fu%2FXpMQeF2CfNdIffJ%2BWb5QWNLLo7xVDyM2j4j%2F5JCenbssQgCSJ05V3wK6JSLvzXCnpA0OHqs5PjjFqv812Gl7gRFNv0Ra67dbM1Car,2,1,0,0,0,#467367803,Fiddler,NA,NA,FD-WBT09,NA,NA,NA,NA,2 pulgadas,NA,NA,3 pulgadas
140, Parlante Bluetooth Marshall Woburn 2 Negro - Marshall ,469.99,499.990,2,1,6,78.332,NA,Envío gratis a todo el país,NA,NA,NA,NA,https://perfil.mercadolibre.cl/MOBILEHUT?brandId=466,https://articulo.mercadolibre.cl/MLC-478514908-parlante-bluetooth-marshall-woburn-2-negro-marshall-_JM,NA,NA,NA,NA,NA,#478514908,Marshall,NA,18.85 lb,Woburn 2 Bluetooth,90 W,Activo,NA,NA,NA,RCA,Caja,NA
141," Oferta Parlante Jbl Mod Eon 615, Garantia / Abregoaudio ",339,NA,7,6,6,56.500,NA,Envío gratis a todo el país,NA,NA,NA,NA,https://perfil.mercadolibre.cl/ABREGOAUDIOSPA,https://articulo.mercadolibre.cl/MLC-451406024-oferta-parlante-jbl-mod-eon-615-garantia-abregoaudio-_JM,NA,NA,NA,NA,NA,#451406024,JBL,NA,NA,EON615,NA,NA,NA,NA,NA,NA,NA,NA
142, Parlante Bluetooth Jbl Charge 4 Azul Sumergible ,129.99,189.990,11,4,6,21.665,NA,Envío gratis a todo el país,NA,NA,NA,NA,https://perfil.mercadolibre.cl/ESTURIONTIENDAOFICIAL?brandId=209,https://articulo.mercadolibre.cl/MLC-475672258-parlante-bluetooth-jbl-charge-4-azul-sumergible-_JM,NA,NA,NA,NA,NA,#475672258,JBL,NA,NA,Charge 4,NA,NA,NA,NA,NA,NA,Caja,NA
143, Parlante Lampara Bluetooth Portatil Cambia Luz Al Tacto ,8.49,NA,8,292,12,708,NA,Envío a todo el país,NA,NA,NA,NA,https://perfil.mercadolibre.cl/MULTISHOPVIRTUAL23,https://articulo.mercadolibre.cl/MLC-484661906-parlante-lampara-bluetooth-portatil-cambia-luz-al-tacto-_JM,NA,NA,NA,NA,NA,#484661906,NA,NA,NA,NA,NA,NA,NA,NA,NA,Auxiliar,NA,NA
144, Parlante Bluetooth Master G Soundbar ,14.99,NA,1,6,6,2.498,NA,Envío a todo el país,NA,NA,NA,NA,https://perfil.mercadolibre.cl/GASEI+S.A.?brandId=278,https://articulo.mercadolibre.cl/MLC-472470525-parlante-bluetooth-master-g-soundbar-_JM,NA,NA,NA,NA,NA,#472470525,Master-G,NA,NA,NA,NA,NA,NA,NA,NA,NA,NA,NA
145, Parlante Sound Bar Home Theater Aiwa 002l Envio Gratis Bt Vc ,32.9,NA,7,12,6,5.483,NA,Envío gratis a todo el país,NA,NA,NA,NA,https://perfil.mercadolibre.cl/IMPORTADORAVICTORIACAPITALLT,https://articulo.mercadolibre.cl/MLC-478349390-parlante-sound-bar-home-theater-aiwa-002l-envio-gratis-bt-vc-_JM,NA,NA,NA,NA,NA,#478349390,Aiwa,NA,NA,Sb-002l,40 W,"sound bar, bluetooth, auxiliar, usb, sd",220V,NA,NA,"Auxiliar, RCA",NA,NA
146, Parlante Activo Novik - Evo 300a - 101db ,119.99,152.990,14,94,6,19.998,NA,Envío gratis a todo el país,NA,NA,5,1,https://perfil.mercadolibre.cl/101DB+CHILE,https://articulo.mercadolibre.cl/MLC-434869754-parlante-activo-novik-evo-300a-101db-_JM,1,0,0,0,0,#434869754,NA,NA,NA,NA,NA,NA,NA,NA,NA,NA,NA,NA
147, Altavoz Parlante Bluetooth Philips Bt100 Negro Proglobal ,15.99,NA,10,2,6,2.665,NA,Envío a todo el país,NA,NA,NA,NA,https://perfil.mercadolibre.cl/PROGLOBALCHILE,https://articulo.mercadolibre.cl/MLC-464258550-altavoz-parlante-bluetooth-philips-bt100-negro-proglobal-_JM,NA,NA,NA,NA,NA,#464258550,Philips,NA,0.18 g,NA,2 W,NA,NA,6.3 cm,6.3 cm,USB,NA,8.2 cm
148, Parlante Bluetooth Karaoke 757 10w - Aux - Fm - Usb Con Mic ,14.99,NA,71,4,6,2.498,NA,Envío a todo el país,NA,NA,5,3,https://perfil.mercadolibre.cl/MMSMIKE1,https://articulo.mercadolibre.cl/MLC-452181691-parlante-bluetooth-karaoke-757-10w-aux-fm-usb-con-mic-_JM,3,0,0,0,0,#452181691,NA,NA,NA,NA,NA,NA,NA,NA,NA,USB,NA,NA
149, Promo Navidad Parlante Bluetooth + Luz Led Usb + Calculadora ,11.99,NA,8,2,6,1.998,NA,Envío a todo el país,NA,NA,NA,NA,https://perfil.mercadolibre.cl/MMSMIKE1,https://articulo.mercadolibre.cl/MLC-440182246-promo-navidad-parlante-bluetooth-luz-led-usb-calculadora-_JM,NA,NA,NA,NA,NA,#440182246,NA,NA,NA,NA,NA,NA,NA,NA,NA,NA,NA,NA
150, Parlante Bluetooth Portátil Fiddler The King Potencia 24w ,49.99,NA,112,29,6,8.332,NA,Envío gratis a todo el país,NA,NA,4.9,15,https://perfil.mercadolibre.cl/MACROTEL+TO?brandId=335,https://articulo.mercadolibre.cl/MLC-461986066-parlante-bluetooth-portatil-fiddler-the-king-potencia-24w-_JM,13,2,0,0,0,#461986066,Fiddler,NA,NA,FD-B2,NA,NA,NA,NA,NA,Auxiliar,NA,NA
151, Parlante Profesional Proco Portable 12 Bateria Recargable ,179.99,NA,2,98,12,14.999,NA,Envío gratis a todo el país,NA,NA,NA,NA,https://perfil.mercadolibre.cl/STADIOCHILE,https://articulo.mercadolibre.cl/MLC-452899421-parlante-profesional-proco-portable-12-bateria-recargable-_JM,NA,NA,NA,NA,NA,#452899421,PROCO,NA,NA,NA,NA,NA,NA,NA,"12 """,Plug,NA,NA
152, Jbl Flip 4 Parlante Bluetooth 12 Cuotas - Inetshop ,72.99,NA,13,8,12,6.082,NA,Envío gratis a todo el país,NA,NA,NA,NA,https://perfil.mercadolibre.cl/INETSHOP_2011,https://articulo.mercadolibre.cl/MLC-457478948-jbl-flip-4-parlante-bluetooth-12-cuotas-inetshop-_JM,NA,NA,NA,NA,NA,#457478948,JBL,Flip Series,NA,Flip 4,16 W,Activo,NA,NA,NA,NA,NA,NA
153, Ampolleta Parlante Led Con Bluetooth ,4.999,NA,58,93,6,833,NA,Entrega a acordar con el vendedor,NA,NA,NA,NA,https://perfil.mercadolibre.cl/OFERTABKNCL,https://articulo.mercadolibre.cl/MLC-447753891-ampolleta-parlante-led-con-bluetooth-_JM,NA,NA,NA,NA,NA,#447753891,NA,NA,NA,NA,NA,NA,NA,NA,NA,NA,NA,NA
154, Parlante Bluetooth Marley Chant Mini Signature Black ,39.99,NA,6,12,6,6.665,NA,Envío gratis a todo el país,NA,NA,NA,NA,https://perfil.mercadolibre.cl/CHARLYS_SHOP,https://articulo.mercadolibre.cl/MLC-484822452-parlante-bluetooth-marley-chant-mini-signature-black-_JM,NA,NA,NA,NA,NA,#484822452,Marley,NA,0.6 kg,Chant Mini Signature Black,3 W,NA,NA,8 cm,12.1 cm,NA,NA,8 cm
155, Parlante Bluetooth Aiwa Pop Agua 21245 / Fernapet ,11.99,NA,3,20,6,1.998,NA,Envío a todo el país,NA,NA,NA,NA,https://perfil.mercadolibre.cl/FERNAPET,https://articulo.mercadolibre.cl/MLC-452503131-parlante-bluetooth-aiwa-pop-agua-21245-fernapet-_JM,NA,NA,NA,NA,NA,#452503131,Aiwa,NA,NA,NA,NA,NA,NA,NA,NA,NA,NA,NA
156, Parlante True Wireless Soundcore Flare+ Negro ,119.99,NA,20,2,6,19.998,NA,Envío gratis a todo el país,NA,NA,5,1,https://perfil.mercadolibre.cl/ANKERSTORE?brandId=188,https://articulo.mercadolibre.cl/MLC-476565361-parlante-true-wireless-soundcore-flare-negro-_JM,1,0,0,0,0,#476565361,Anker,SoundCore,853 g,NA,NA,NA,NA,NA,NA,NA,NA,NA
157, Bose Soundlink Color Ii 2 Parlante Bluetooth ,96.9,NA,4,1,6,16.150,NA,Envío gratis a todo el país,NA,NA,2,2,https://perfil.mercadolibre.cl/VALLEY+TECHNOLOGY,https://articulo.mercadolibre.cl/MLC-486573526-bose-soundlink-color-ii-2-parlante-bluetooth-_JM,0,0,0,2,0,#486573526,Bose,SoundLink,0.54 kg,Color II,NA,NA,NA,NA,NA,NA,NA,NA
158, Parlante Jbl Xtreme 100% Original #cbyer Days Oferta ,179.9,NA,4,5,6,29.983,NA,Envío gratis a todo el país,NA,NA,NA,NA,https://perfil.mercadolibre.cl/COMPRASMART.CL,https://articulo.mercadolibre.cl/MLC-466390516-parlante-jbl-xtreme-100-original-cbyer-days-oferta-_JM,NA,NA,NA,NA,NA,#466390516,JBL,NA,2112 g,Xtreme 1,40 W,NA,220V,NA,NA,NA,Caja,NA
159, Parlante Bluetooth Qcy Qq800 Apt-x Envovente Con Mic Pc ,14.99,NA,1,99998,6,2.498,NA,Envío a todo el país,NA,NA,NA,NA,https://perfil.mercadolibre.cl/MONOGEEK,https://articulo.mercadolibre.cl/MLC-445384412-parlante-bluetooth-qcy-qq800-apt-x-envovente-con-mic-pc-_JM,NA,NA,NA,NA,NA,#445384412,NA,NA,NA,QCY QQ800,NA,NA,NA,NA,NA,NA,NA,NA
160, Parlante Jbl Xtreme 2 Bluetooth Azul - Bestmart ,293,NA,2,1,6,48.833,NA,Envío gratis a todo el país,NA,NA,NA,NA,https://perfil.mercadolibre.cl/BESTMARTCL,https://articulo.mercadolibre.cl/MLC-481943789-parlante-jbl-xtreme-2-bluetooth-azul-bestmart-_JM,NA,NA,NA,NA,NA,#481943789,JBL,NA,5.14 lb,Xtreme,40 W,Pasivo,NA,NA,NA,NA,NA,NA
161, Parlante Bluetooth Aiwa Radio Usb Aux Sd 100w 21265 Fernapet ,49.99,NA,14,86,6,8.332,NA,Envío gratis a todo el país,NA,NA,5,1,https://perfil.mercadolibre.cl/FERNAPET,https://articulo.mercadolibre.cl/MLC-461083550-parlante-bluetooth-aiwa-radio-usb-aux-sd-100w-21265-fernapet-_JM,1,0,0,0,0,#461083550,Aiwa,NA,7.32 kg,NA,100 W,NA,NA,NA,NA,NA,Caja,NA
162, Parlante Jbl Clip 3 Bluetooth Resistente Al Agua Loi Chile ,53.98,87.990,9,18,6,8.997,NA,Envío gratis a todo el país,NA,NA,NA,NA,https://perfil.mercadolibre.cl/LOI+CHILE,https://articulo.mercadolibre.cl/MLC-481887660-parlante-jbl-clip-3-bluetooth-resistente-al-agua-loi-chile-_JM,NA,NA,NA,NA,NA,#481887660,NA,NA,NA,NA,NA,NA,NA,NA,NA,NA,NA,NA
163, Sistema Portatil Jbl Eon One + Microfono Akg P3s 101db ,629.99,NA,5,5,12,52.499,NA,Envío gratis a todo el país,NA,NA,NA,NA,https://perfil.mercadolibre.cl/101DB+CHILE,https://articulo.mercadolibre.cl/MLC-446918064-sistema-portatil-jbl-eon-one-microfono-akg-p3s-101db-_JM,NA,NA,NA,NA,NA,#446918064,JBL,EON ONE Series,0 kg,ONE,NA,Activo,NA,0 cm,0 cm,NA,NA,NA
164, Parlante Bluetooth Portatil Bazuca Usb Fm Sd 20w Enviogratis ,16.99,NA,8,4,6,2.832,NA,Envío gratis a todo el país,NA,NA,NA,NA,https://perfil.mercadolibre.cl/TIENDANOTEBOOK.CL,https://articulo.mercadolibre.cl/MLC-460720425-parlante-bluetooth-portatil-bazuca-usb-fm-sd-20w-enviogratis-_JM,NA,NA,NA,NA,NA,#460720425,NA,NA,0.8 kg,NA,20 W,NA,NA,NA,NA,NA,NA,NA
165, Parlante Bluetooth Nby-18 Ekipofertas ,14.99,NA,3,10,6,2.498,NA,Envío a todo el país,NA,NA,NA,NA,https://perfil.mercadolibre.cl/EKIPOFERTAS,https://articulo.mercadolibre.cl/MLC-447659837-parlante-bluetooth-nby-18-ekipofertas-_JM,NA,NA,NA,NA,NA,#447659837,NA,NA,NA,NA,NA,NA,NA,NA,NA,NA,NA,NA
166, Parlate Recargable Con Microfono Usb Bt Sd Mp3 Bowmann Bt360 ,20,NA,18,82,12,1.667,NA,Envío gratis a todo el país,NA,NA,3,1,https://perfil.mercadolibre.cl/PARO1305168,https://articulo.mercadolibre.cl/MLC-467455053-parlate-recargable-con-microfono-usb-bt-sd-mp3-bowmann-bt360-_JM,0,0,1,0,0,#467455053,NA,NA,2.016 kg,NA,NA,NA,NA,NA,NA,NA,NA,NA
167, Parlante Karaoke Bowmann 250 Bt + Microfono ,18.99,NA,6,94,6,3.165,NA,Envío a todo el país,NA,NA,NA,NA,https://perfil.mercadolibre.cl/TECNOCENTERCURICOSPA,https://articulo.mercadolibre.cl/MLC-473980525-parlante-karaoke-bowmann-250-bt-microfono-_JM,NA,NA,NA,NA,NA,#473980525,NA,NA,1.5 kg,NA,NA,NA,NA,NA,NA,Auxiliar,NA,NA
168, Parlantes Gamer Logitech G560 Lightsync Subwoofer ,189.99,299.990,2,2,6,31.665,NA,Envío gratis a todo el país,NA,NA,NA,NA,https://perfil.mercadolibre.cl/MOBILEHUT?brandId=472,https://articulo.mercadolibre.cl/MLC-478204347-parlantes-gamer-logitech-g560-lightsync-subwoofer-_JM,NA,NA,NA,NA,NA,#478204347,Logitech,NA,NA,G560,NA,NA,NA,NA,NA,USB,NA,NA
169, Parlante Wonderboom Bt Waterproof Raspberry Ultimate Ears ,39.99,59.990,7,19,6,6.665,NA,Envío gratis a todo el país,NA,NA,NA,NA,https://perfil.mercadolibre.cl/MOBILEHUT?brandId=471,https://articulo.mercadolibre.cl/MLC-473798738-parlante-wonderboom-bt-waterproof-raspberry-ultimate-ears-_JM,NA,NA,NA,NA,NA,#473798738,Logitech,NA,NA,Wonderboom Raspberry,NA,Activo,NA,NA,NA,NA,NA,NA
170, Kit Parlante Bluetooth Master G Gbass + Audifonos Mgoe180b ,14.99,NA,16,3,6,2.498,NA,Envío a todo el país,NA,NA,NA,NA,https://perfil.mercadolibre.cl/GASEI+S.A.?brandId=278,https://articulo.mercadolibre.cl/MLC-472642243-kit-parlante-bluetooth-master-g-gbass-audifonos-mgoe180b-_JM,NA,NA,NA,NA,NA,#472642243,NA,NA,NA,NA,NA,NA,NA,NA,NA,Auxiliar,NA,NA
171, Parlante Bluetooth Portátil Fiddler The King Potencia 24w ,49.99,NA,112,29,6,8.332,NA,Envío gratis a todo el país,NA,NA,4.9,15,https://perfil.mercadolibre.cl/MACROTEL+TO?brandId=335,https://click1.mercadolibre.cl/mclics/clicks/external/MLC/count?a=LhgmEZpinuu1QPLrBZbQsZ9gsZnqd43%2FKqowahaO4fkLB2fE%2Bmhuv047HMzHrZFnNZ%2B4nVaDLQqJI9oAxa3%2FdYoWOrqVPQnl6GPExR6yhHucIMmFS9nS8vD0XOEcJL7nI62c1fEdDV3r0hkxvm%2FL6MakC27AXaZr66qXhAVvLM9MddaWmUHCvtu61VAFaBsFyb3OruBNUdPsv1VTl4iLENrzUR4vSyJP56aA2uOmdRINaJ%2FlFnhfLKqeOtrqjVe%2Fdu2pXGvbnUoL%2FbIW%2Bp%2FG4%2Fj573EC%2FTXElH4iA5JcTBuRXSdqBciqv0w484X65GWzbHYOYJldTrNibQPg%2FSBmh%2BeDZjjZy%2FwidLG4MOp6vaOOZ7%2B6gcgv5IB7lwa0lXj3gsQTpA6KKG9yilQhhkHsjSbt8OSgIywX%2FDkxFyjarh9mVx3mhbaeQ0uBofYrMslbjlpC4pB9vIORvT3EU%2Fah8JuBA%2F6abzvpeEtzCK4SUoEAOvG%2BWKoVa%2Bqn%2FJtbP1pOmKl6EA1OwdoLVFLanBBOwjY9idoA9A78r28Du%2F52DBVRyCi%2FAp6eKw02NYD4XuIxX1bIDHuTToxBupEw%2FsgtT1oAm7CN%2F3DwDS5QuerYXmDwvkhV2qxrogXTvwpMat00JFGL45t1CSao93A1aX%2BCAm8stNCIl6W0Lmww5r6MC2lzTBKvRRxcV6MhNeEPjchrysQVn2qzN63Y%2FeX8d9mpZdVarwdx2RfD%2FE0S5KM4DyKY23Pp3kR%2FRfOvu7rUiIAfH8zLzTh2HAcfNVSu%2FMzpLwy2FSFjKKVJXE5xp8aXo9RaCsleq%2BE1tuVnqMoo9FIBySrIGCi44NX2x1Ylwcm42%2BfoP5XHXAROr%2FYMPZufm8WlEAJWDWexlDXV1ffLFJZyhjPJ6ouqyMUtKfVXKv79ZLu66Qs3Im52K1k6nOZLdsN0zPurNRr6HOj7yLIM4H0US0GY0ozxlEq8GJsvunvaW98ggO5oNRGMVlvDluhqAU6e%2BQIhze4DsgZxF1Q8GHP8tI5WnPvrAx08W0kFKzFr30onOYxGOrN4YsR4DN0V0t06Y47zsoSx9Y46DUwPPcNC3nUuecrokrcEWhdPeRfswA3BQdamt%2Fi3fR6EqkPGrb82E3VLkiKWkPZc3MSU%2Fp4k1qi4iKYkPNDw29hI%2B78IAr2vIcBJOxegznN2hief8O48O%2BVyYQ6%2Fw8AHSKXZDUiw8AB3rAdzHmG0JxlnP%2F7bqKec02GHvalK6CAI8MamF9czAcUPdiF0me61zCFcyuEDh79rr3eUT8YRXIVcFkIEPzXUnvywYejl8kCudUyUwS%2Fl0T6sbFfGmKmp2xtYTyqRtYk1kA1OMhp4PMBJpsNDVeRcRZ%2F1lAie%2BhcMUKRzOtn5QiF%2FzDFXWIopgdL3RLr1z0AhtW2U3lan0o9qbLOC%2BozvYcArvIDXBvcb%2BkGu8m7d2nLj8HcO%2F0ka4g4G%2BdN%2BzT1BZg%3D%3D,13,2,0,0,0,#461986066,Fiddler,NA,NA,FD-B2,NA,NA,NA,NA,NA,Auxiliar,NA,NA
172, Parlante Bluetooth Logitech X50 Negro Oferta - Revogames ,9.49,NA,15,21,6,1.582,NA,Envío a todo el país,NA,NA,NA,NA,https://perfil.mercadolibre.cl/REVOLUTIONGAMES.CL,https://articulo.mercadolibre.cl/MLC-434568998-parlante-bluetooth-logitech-x50-negro-oferta-revogames-_JM,NA,NA,NA,NA,NA,#434568998,Logitech,NA,NA,X50,NA,NA,NA,NA,NA,NA,NA,NA
173, Parlante Gato Bailarín Bluetooth V 4.1 / Feiyi ,7,NA,7,9,12,583,NA,Envío a todo el país,NA,NA,NA,NA,https://perfil.mercadolibre.cl/FEIYICL,https://articulo.mercadolibre.cl/MLC-479842485-parlante-gato-bailarin-bluetooth-v-41-feiyi-_JM,NA,NA,NA,NA,NA,#479842485,NA,NA,NA,NA,NA,NA,NA,NA,NA,NA,NA,NA
174, Parlante Bluetooth Zukabass 4 Microlab Roots / Mundo Electro ,13.99,NA,15,15,12,1.166,NA,Envío a todo el país,NA,NA,5,2,https://perfil.mercadolibre.cl/MUNDOELECTROCL,https://articulo.mercadolibre.cl/MLC-463985712-parlante-bluetooth-zukabass-4-microlab-roots-mundo-electro-_JM,2,0,0,0,0,#463985712,Microlab,NA,NA,Roots,20 W,NA,NA,14 cm,27 cm,Auxiliar,NA,NA
175, Hoverboard Gyroor G1 Led Parlante Bluetooth 6.5'' Negro ,129.99,149.990,2,38,6,21.665,NA,Envío gratis a todo el país,NA,NA,NA,NA,https://perfil.mercadolibre.cl/MACROTEL+STORE,https://click1.mercadolibre.cl/mclics/clicks/external/MLC/count?a=OPf%2FLlCwOwUK%2Fr%2BddsYnHxcBEYRxjkA%2FghKsMxJ7xj4Z%2FMMAm2pmpxiCDi3rw%2BS1q5yrQDnRoF89Fa%2FoQbrFyeUGnk5aNDRoyGgKNPXXHDoM8CkjImj5tKtgg9h4wGITw%2Bso89DzhhodjjUrV0DZjgvp5aGnXB%2FwBVryslL9K3tvq%2F9b2lM%2FMpRurEnbgItXAUiPaGcOYpGHEc3cTOxRGV53omq3wdfGafATndOmeT%2F%2BdqnJ5EANW%2FOqOvQvjGlNYODdxyw%2FMl8oiUPgiQa6QPBSOA4LBJgAyW%2Fmwn6iHgiZaWRgVxUaqwsPt1hi5L2T7y0gxY76UM48%2BTt64qBLPU0F0nOxoOQ0fCJwMH1rRthci8aDqcH%2BmYOj4RUvALi4F9p16UxeSQTb9Mr7hIL2nxjMg5MT58BU4EQMaopKxuC%2BFV03Kk42CJzUsea7xgt%2FWxVEb5ohZuAMX1PRuUYZxU8wyw2HgGfJOSuff5qhQEgaWZufTKP%2B49EnVup%2BVg98bN8Odz5OEukLfbrFuhyaRxchfhiysTTCnEPYxpLDLgGLc5NrQpEdvwWE0ErpynXPavv2zmcBC9NfjwTyLdPAgLHkKz65W65lqMThPmTW9%2FU8ityFHk21quOd0CyTAjj9sy00a%2B%2BiZantq2adOZvuHu3kaK%2FMQy5KVOZdpTFLqL%2FHC0Nytxw185DeA4x7kOGGFPijJd%2BWzV2UkwagixJUGeAkiOXAZi6ZmHKZJ%2FI7rP%2FMOABlu%2FB7gXtCaqYwmfrX4ZlhSWHEF%2BT1WOliPk9sJki63WA1x0CzAq5Y0CmvnU6YRg%2B8X9H0mIXu85w6wBZE9XQ1Oi1VUI3V7BtCCW0ZzPkKbJYtgvg7l7LOQ2Z8jhbzig%2FDaU8WRmGqG5M5Izj4IL1cDk0Jewa6GGtgrRvlfl11Td%2BkCvFh9oub4hyGzsL6cmFZL%2Fx%2Blarqd2JdLX6hVpLRbfgtjwJmMlGncQgPv%2FwQXBeAwKRmwHYRF37uoaACjiRuKcc7e%2Fe1AUhASg6SdiUhB1oAQxQaIEbFLF50Aia5ONXtPZjvm%2FiA8RtJjf8qP38PsqiEP6XQEO31kUWXmAzTdhBWZapQ%2FYhhoCewXfrUYqtwlcEa4lLvGLyix1EIEu41ItIqOPnIVMGyXrFTkAJXXofR2xuS%2FCfDgGTr8OMrq0vJpYrybsr73PGR5tCTr46wzczNRnTc0fEuTNyDuKF%2B54JS4O2xGdIettOygUd1S2oWBhgc572wgqRsskk7oawhLuroGCVir8l912vnqtKYHwtiVaIyStGuiL6tujplyaJW%2Bue555tocJXN8yEjx%2BAJrD6sDflCJNlU7BAylKdZ3FtHGxRpzrt8wRMVXwzqe2%2FDv%2Fy18aSELrPug6zq9i1fawQxrwPUKNgD1EkOs0a%2FJU%2BUdcA%2BrZqMbJJVDbhy5oGpek1Oxu6Qf0Zio9N4Bf%2F24ckFHQz65TJ0rEI%3D,NA,NA,NA,NA,NA,#461307801,NA,NA,NA,NA,NA,NA,NA,NA,NA,NA,NA,NA
176, Parlante Karaoke Bluetooth Master G Spbt15 Con Atril ,84.99,NA,12,1,6,14.165,NA,Envío gratis a todo el país,NA,NA,5,1,https://perfil.mercadolibre.cl/GASEI+S.A.?brandId=278,https://articulo.mercadolibre.cl/MLC-475911980-parlante-karaoke-bluetooth-master-g-spbt15-con-atril-_JM,1,0,0,0,0,#475911980,Master-G,NA,NA,SPBT15,8000 W,Activo,220V,40.5 cm,65 cm,"Auxiliar, USB",Caja,52 cm
177, Parlantes Bluetooth Para La Ducha ,5,NA,3,6,12,417,NA,Envío a todo el país,NA,NA,NA,NA,https://perfil.mercadolibre.cl/SEBAURRUTIAOFFICIAL,https://articulo.mercadolibre.cl/MLC-439793272-parlantes-bluetooth-para-la-ducha-_JM,NA,NA,NA,NA,NA,#439793272,NA,NA,NA,NA,NA,NA,NA,NA,NA,NA,NA,NA
178, Jbl Charge 4 Parlante Portátil Bluetooth Negro ,119.99,149.990,2,8,6,19.998,NA,Envío gratis a todo el país,NA,NA,NA,NA,https://perfil.mercadolibre.cl/MOBILEHUT?brandId=166,https://articulo.mercadolibre.cl/MLC-487749765-jbl-charge-4-parlante-portatil-bluetooth-negro-_JM,NA,NA,NA,NA,NA,#487749765,JBL,NA,0.96 kg,Parlante portátil Bluetooth Charge 4 Negro,30 W,Activo,NA,NA,NA,NA,NA,NA
179, Parlante Sound Bar Bluetooth Barra Line In Usb 24w Irt ,26.99,29.990,5,95,6,4.498,NA,Envío gratis a todo el país,NA,NA,NA,NA,https://perfil.mercadolibre.cl/TECNOPICADA,https://articulo.mercadolibre.cl/MLC-473575084-parlante-sound-bar-bluetooth-barra-line-in-usb-24w-irt-_JM,NA,NA,NA,NA,NA,#473575084,NA,NA,NA,NA,NA,NA,NA,NA,NA,NA,NA,NA
180, Pack 3 Ampolleta Bluetooth Parlante Luz Led Altavoz Musica ,16.99,NA,10,10,6,2.832,NA,Envío a todo el país,NA,NA,NA,NA,https://perfil.mercadolibre.cl/EKIPOFERTAS,https://articulo.mercadolibre.cl/MLC-477264804-pack-3-ampolleta-bluetooth-parlante-luz-led-altavoz-musica-_JM,NA,NA,NA,NA,NA,#477264804,NA,NA,NA,NA,NA,NA,NA,NA,NA,NA,NA,NA
181, Parlante Portátil Bluetooth Master G + Power Bank ,26.99,29.990,15,3,6,4.498,NA,Envío gratis a todo el país,NA,NA,NA,NA,https://perfil.mercadolibre.cl/GASEI+S.A.?brandId=278,https://articulo.mercadolibre.cl/MLC-472640751-parlante-portatil-bluetooth-master-g-power-bank-_JM,NA,NA,NA,NA,NA,#472640751,Master-G,NA,1.6 kg,GBASII,15 W,Activo,220V,29 cm,18.5 cm,"USB, Auxiliar",Caja,16.5 cm
182, Parlante Karaoke Bluetooth Street 8 Mlab 2000w - Mobilehut ,29.99,NA,5,2,6,4.998,NA,Envío gratis a todo el país,NA,NA,NA,NA,https://perfil.mercadolibre.cl/MOBILEHUT?brandId=166,https://articulo.mercadolibre.cl/MLC-473621238-parlante-karaoke-bluetooth-street-8-mlab-2000w-mobilehut-_JM,NA,NA,NA,NA,NA,#473621238,Mlab,NA,NA,Street 8,NA,NA,NA,NA,NA,Auxiliar,NA,NA
183, Pak 2 Parlante Bluetooth Mic Manos Libres Impermeable Ducha ,5.99,NA,55,4,12,499,NA,Envío a todo el país,NA,NA,4,1,https://perfil.mercadolibre.cl/MIAMISTORE2014,https://articulo.mercadolibre.cl/MLC-435493116-pak-2-parlante-bluetooth-mic-manos-libres-impermeable-ducha-_JM,0,1,0,0,0,#435493116,NA,NA,NA,NA,NA,NA,NA,NA,NA,NA,NA,NA
184, Parlante Bluetooth Microlab Vintage Radio / Mundo Electro ,29.99,NA,6,3,12,2.499,NA,Envío gratis a todo el país,NA,NA,NA,NA,https://perfil.mercadolibre.cl/MUNDOELECTROCL,https://articulo.mercadolibre.cl/MLC-471703918-parlante-bluetooth-microlab-vintage-radio-mundo-electro-_JM,NA,NA,NA,NA,NA,#471703918,Microlab,NA,NA,Vintage,20 W,NA,220V,18 cm,19 cm,"Auxiliar, Slot tarjeta memoria SD, Slot para pendrives USB",NA,NA
185, Jbl Go 2 Nuevo Parlante Verde Bluetooth Waterproof ,26.99,34.990,7,4,6,4.498,NA,Envío gratis a todo el país,NA,NA,NA,NA,https://perfil.mercadolibre.cl/MOBILEHUT?brandId=166,https://articulo.mercadolibre.cl/MLC-471129839-jbl-go-2-nuevo-parlante-verde-bluetooth-waterproof-_JM,NA,NA,NA,NA,NA,#471129839,JBL,NA,184 g,GO 2,3 W,Activo,NA,NA,NA,NA,NA,NA
186, Parlante Profesional Jbl Eon 615 - 101db ,419.99,NA,10,53,6,69.998,NA,Envío gratis a todo el país,NA,NA,NA,NA,https://perfil.mercadolibre.cl/101DB+CHILE,https://articulo.mercadolibre.cl/MLC-463345661-parlante-profesional-jbl-eon-615-101db-_JM,NA,NA,NA,NA,NA,#463345661,JBL,NA,NA,EON615,NA,NA,NA,NA,NA,NA,NA,NA
187, Sistema Todo En Uno Jbl- Eon 208p ,599.99,NA,3,3,12,49.999,NA,Envío gratis a todo el país,NA,NA,NA,NA,https://perfil.mercadolibre.cl/101DB+CHILE,https://articulo.mercadolibre.cl/MLC-446898923-sistema-todo-en-uno-jbl-eon-208p-_JM,NA,NA,NA,NA,NA,#446898923,JBL,NA,0 kg,EON208P,300 W,Activo,NA,0 cm,0 cm,NA,NA,NA
188, Parlante Bluetooth Mini Rugby ,6.9,NA,7,5,6,1.150,NA,Envío a todo el país,NA,NA,NA,NA,https://perfil.mercadolibre.cl/IDCORE+STORE,https://articulo.mercadolibre.cl/MLC-451874698-parlante-bluetooth-mini-rugby-_JM,NA,NA,NA,NA,NA,#451874698,NA,NA,NA,NA,NA,NA,NA,NA,NA,NA,NA,NA
189, Parlante Mini Bluetooth Portatil Baño Ducha Resistente Agua ,5.999,NA,12,88,6,1.000,NA,Envío a todo el país,NA,NA,NA,NA,https://perfil.mercadolibre.cl/ESHOPANGIE,https://articulo.mercadolibre.cl/MLC-472776354-parlante-mini-bluetooth-portatil-bano-ducha-resistente-agua-_JM,NA,NA,NA,NA,NA,#472776354,NA,NA,NA,NA,NA,NA,NA,NA,NA,NA,NA,NA
190, Parlante Karaoke Bluetooth Master G Mgultraprolii ,119.99,129.990,5,4,6,19.998,NA,Envío gratis a todo el país,NA,NA,NA,NA,https://perfil.mercadolibre.cl/GASEI+S.A.?brandId=278,https://articulo.mercadolibre.cl/MLC-475909255-parlante-karaoke-bluetooth-master-g-mgultraprolii-_JM,NA,NA,NA,NA,NA,#475909255,Master-G,NA,NA,MGULTRAPROLII,24000 W,Activo/Pasivo,220V,NA,NA,Auxiliar,Caja,NA
191, Parlante Portatil Jbl Flip 4 Bluetooth Azul + Garantia ,74.99,99.990,62,5,6,12.498,NA,Envío gratis a todo el país,NA,NA,NA,NA,https://perfil.mercadolibre.cl/ESTURIONTIENDAOFICIAL?brandId=209,https://articulo.mercadolibre.cl/MLC-450942746-parlante-portatil-jbl-flip-4-bluetooth-azul-garantia-_JM,NA,NA,NA,NA,NA,#450942746,JBL,Flip Series,NA,Flip 4,16 W,Activo,NA,NA,NA,NA,Caja,NA
192, Parlante Karaoke Spbt8b Master-g Bluetooth // Angelstock ,59.99,NA,12,18,12,4.999,NA,Envío gratis a todo el país,NA,NA,NA,NA,https://perfil.mercadolibre.cl/ANGEL+STOCK,https://click1.mercadolibre.cl/mclics/clicks/external/MLC/count?a=EfdGOiwGIgwHbKFtpqBuYImg6x5BPK4Rkmn7jeuq5ifCKadKV9cu2MUbMrF0%2BaJeJT%2FRSsu1Ye904mj6Uis8lRFOd7RT9sOZfSp9dEY59oz7kOjwKXUP2cmmcecK3WJCZh%2FGmDsPO%2FV67eHb0q2w7dd%2BBTihHta6C4Jj6qdEaHxYKHaYgvg0s0POpoaz3Amm8xU4AqIXWi%2Fi08O59Cmmwh7NedpGGPCtAzAWHVDSCw%2F1ZSmIa0Fdd9znZATsVhN0u7GPUfw8pJvcwHWgfTbPJCEDppynZovZXGKdo1iccaXBU7YuP6QpnP8af3PcG6HNCFbPGbWAN2%2BUNY%2FO9bhhZFzMPZykC3fb2QCmheKmyoEj2oHqZCPAYufmQgsqlh8sJSiA54kL6h2BnY%2F71XgtLg9iTn10MzrrrcYM7jSdFjKdQOrFwW3EwMtLGIXzlma6%2BZGNAMf9gCt0aWRXmMe4i%2Bjft0HZGr%2BCBHHYc9fkNjiLEfIIDGpTDUYCiSiEvYtnJsPdDIcli3ROSq5XdBwcT2t3oBZgbWl7GO%2FJDAlZqyfNY4N5Py1vVPkVlR7%2F97wfaJD6swgUsvKOC6kJpJoSyrFHmSGiDXxQQHer1uNtQfuLTepTy9KLEoPv2rXut6ATEWt1hRAblWCkWEHsVuT37ofzgPworrOyRwXz98PvpqTfl3GOpYSgXZsx51aYN%2FzoXP%2B8uaeWwrU3GTNi7MZJs7XiNLlukQRta9%2BeiIA1487DVzkWOn09Cd9m7Qg9H0g%2BnkxWpGeo5Wq97n%2FEb9B9lUO4PXc2BpSBZyiB2INdikrgktyywU9qBRwDOMsjJ530eohd5dGYVPdmCHiBWkAcFKqamYfZ7Ytug9K3LfWoG9hOhf%2FV%2B0L4dUvxE5pUjJVlxhbuyvsUZ8c2xwfldy7NUfKy3ZrdA8KNvNq%2BHmwGBbf6qZseefxsqcuRTf1kuOp3ZhgvvpcRQXkUg%2Ft83scJ%2BBp5PCcROMA%2FPYVOUCVjTSC%2FooBGe9eooBaHqvfy1ex%2BP9KMxfi7zGGxgebymZPn7uA9G8875PxooGdJmhp1xh33dXWbk5r%2BmTsEQqtoo8X8UhZgF9fvRI52Ybz2Wk0507aSsDGHiXwIDXOqgcHHgbznl6EjHXBRZlQC26LDH7CIGrsORqorg6LZVUTdFWbNXiRdEdQG5vQbIwGIqd8SduhhSAxdTYSfKSmwF9qVNS33erdukq96PwuTHsxq3gJ5yuJw6yr5tRchKFRWBbbWnFUbV%2FKwEZv3xFTmzcW6%2BxRgVuqUeWq5YTpwhrW84Z76Pp0urz3JUdahXOQRC%2BC%2BiD0SbKw3%2BsPAs2PBmiNXC0Pql6fvkm5sXajVm%2BDUwp6ula75Zrn%2BMFqatHE068oozgG59%2BbZNZy2NqYLgxNkQu%2BwyzaJGmGVcVLFgV7StXwxa4aRLCA0denwZaSGon99Lv6SP3nMfhFqXZtLzDPZOEKF,NA,NA,NA,NA,NA,#467430392,Master-G,NA,4.4 kg,PORTATIL,NA,NA,NA,35 cm,60 cm,NA,NA,33 cm
193, Lampara Luna Y Parlante Bluetooth 15cm 2 Colores Recargable ,13.99,NA,9,484,6,2.332,NA,Envío a todo el país,NA,NA,NA,NA,https://perfil.mercadolibre.cl/FACTORYNETCL,https://articulo.mercadolibre.cl/MLC-480484243-lampara-luna-y-parlante-bluetooth-15cm-2-colores-recargable-_JM,NA,NA,NA,NA,NA,#480484243,NA,NA,NA,NA,NA,NA,NA,NA,NA,NA,NA,NA
194, Parlante Karaoke Portátil Con Bt Envío Gratis Aiwa-188bt Vc ,34.99,NA,10,11,6,5.832,NA,Envío gratis a todo el país,NA,NA,NA,NA,https://perfil.mercadolibre.cl/IMPORTADORAVICTORIACAPITALLT,https://articulo.mercadolibre.cl/MLC-471400303-parlante-karaoke-portatil-con-bt-envio-gratis-aiwa-188bt-vc-_JM,NA,NA,NA,NA,NA,#471400303,Aiwa,NA,8.6 kg,AW-188BT,NA,NA,NA,NA,NA,NA,NA,NA
195, Parlante Portátil Bazooka Bluetooth Master G Gbassii ,18.99,NA,6,5,6,3.165,NA,Envío a todo el país,NA,NA,NA,NA,https://perfil.mercadolibre.cl/GASEI+S.A.?brandId=278,https://articulo.mercadolibre.cl/MLC-472375905-parlante-portatil-bazooka-bluetooth-master-g-gbassii-_JM,NA,NA,NA,NA,NA,#472375905,Master-G,NA,1.6 kg,GBASSII,10 W,Activo,220V,29 cm,18.5 cm,Auxiliar,Caja,16.5 cm
196, Parlante Bluetooth Fiddler The Nano Fd-10u-g Nuevo ,6.99,NA,1,20,12,582,NA,Envío a todo el país,NA,NA,NA,NA,https://perfil.mercadolibre.cl/MS-TECNO,https://articulo.mercadolibre.cl/MLC-470800588-parlante-bluetooth-fiddler-the-nano-fd-10u-g-nuevo-_JM,NA,NA,NA,NA,NA,#470800588,NA,NA,NA,NA,NA,NA,NA,NA,NA,NA,NA,NA
197, Parlante Jbl Charge4 Negro Paga 12 Cuotas Envios Todo Chile ,134.99,NA,7,4,12,11.249,NA,Envío gratis a todo el país,NA,NA,NA,NA,https://perfil.mercadolibre.cl/VIJAYBHOJ,https://articulo.mercadolibre.cl/MLC-488634022-parlante-jbl-charge4-negro-paga-12-cuotas-envios-todo-chile-_JM,NA,NA,NA,NA,NA,#488634022,JBL,NA,NA,Charge 4,30 W,Activo,NA,NA,NA,NA,NA,NA
198, Parlante Portatil Impermeable Ducha Baño Bluetooth ,3.9,NA,4,96,6,650,NA,Envío a todo el país,NA,NA,NA,NA,https://perfil.mercadolibre.cl/TECNOPICADA,https://articulo.mercadolibre.cl/MLC-481648098-parlante-portatil-impermeable-ducha-bano-bluetooth-_JM,NA,NA,NA,NA,NA,#481648098,NA,NA,NA,NA,NA,NA,NA,NA,NA,NA,NA,NA
199, Parlante Bluetooth Karaoke 6000w Pmpo 12 Pulgadas Usb Sd Mic ,102.99,NA,2,1,6,17.165,NA,Envío gratis a todo el país,NA,NA,NA,NA,https://perfil.mercadolibre.cl/MMSMIKE1,https://articulo.mercadolibre.cl/MLC-446538470-parlante-bluetooth-karaoke-6000w-pmpo-12-pulgadas-usb-sd-mic-_JM,NA,NA,NA,NA,NA,#446538470,NA,NA,NA,NA,NA,NA,NA,NA,NA,NA,NA,NA
200, Parlante Tecmaster Bluetooth A Prueba De Agua ,6.5,NA,4,1,6,1.083,NA,Envío a todo el país,NA,NA,NA,NA,https://perfil.mercadolibre.cl/TECNOMUNDO+CHILE,https://articulo.mercadolibre.cl/MLC-436258365-parlante-tecmaster-bluetooth-a-prueba-de-agua-_JM,NA,NA,NA,NA,NA,#436258365,NA,NA,NA,NA,NA,NA,NA,NA,NA,NA,NA,NA
201, Parlante Bluetooth Microlab Go Twin Single / Mundo Electro ,14.99,NA,20,4,12,1.249,NA,Envío a todo el país,NA,NA,NA,NA,https://perfil.mercadolibre.cl/MUNDOELECTROCL,https://articulo.mercadolibre.cl/MLC-471765884-parlante-bluetooth-microlab-go-twin-single-mundo-electro-_JM,NA,NA,NA,NA,NA,#471765884,Microlab,NA,NA,Go Twin,NA,NA,NA,11 cm,19 cm,NA,NA,NA
202, Jbl Parlante Portatil Boombox Bluetooth ,349.99,519.990,4,3,6,58.332,NA,Envío gratis a todo el país,NA,NA,NA,NA,https://perfil.mercadolibre.cl/ONDAPROCL,https://articulo.mercadolibre.cl/MLC-456755740-jbl-parlante-portatil-boombox-bluetooth-_JM,NA,NA,NA,NA,NA,#456755740,JBL,NA,NA,Boombox,NA,Activo,NA,NA,NA,NA,NA,NA
203, Oferta Parlante Activo Elevate 115 Con Bt. Abregoaudio ,79.9,NA,22,6,6,13.317,NA,Envío gratis a todo el país,NA,NA,3,1,https://perfil.mercadolibre.cl/ABREGOAUDIOSPA,https://articulo.mercadolibre.cl/MLC-445678439-oferta-parlante-activo-elevate-115-con-bt-abregoaudio-_JM,0,0,1,0,0,#445678439,NA,NA,NA,NA,NA,NA,NA,NA,NA,NA,NA,NA
204, Parlante Logitech Ue Megaboom 3 Bluetooth Negro - Techbox ,144.79,NA,2,5,6,24.132,NA,Envío gratis a todo el país,NA,NA,NA,NA,https://perfil.mercadolibre.cl/TECHBOX_CHILE,https://articulo.mercadolibre.cl/MLC-488707830-parlante-logitech-ue-megaboom-3-bluetooth-negro-techbox-_JM,NA,NA,NA,NA,NA,#488707830,Logitech,NA,0.5 kg,NA,NA,NA,NA,15 cm,25 cm,NA,NA,15 cm
205, Parlante Speaker Bluetooth Aiwa Top Ii 21321 / Fernapet ,13.99,NA,5,95,6,2.332,NA,Envío a todo el país,NA,NA,NA,NA,https://perfil.mercadolibre.cl/FERNAPET,https://articulo.mercadolibre.cl/MLC-471414281-parlante-speaker-bluetooth-aiwa-top-ii-21321-fernapet-_JM,NA,NA,NA,NA,NA,#471414281,Aiwa,NA,NA,NA,NA,NA,NA,NA,NA,NA,NA,NA
206, Parlante Portatil Bluetooth Mp3 Usb Micro Sd Fm Radio ,8.99,NA,11,89,12,749,NA,Envío a todo el país,NA,NA,NA,NA,https://perfil.mercadolibre.cl/ESHOPANGIE,https://articulo.mercadolibre.cl/MLC-460754157-parlante-portatil-bluetooth-mp3-usb-micro-sd-fm-radio-_JM,NA,NA,NA,NA,NA,#460754157,NA,NA,NA,NA,NA,NA,NA,NA,NA,NA,NA,NA
207, Parlante Altavoz Karaoke Bluetooth Philco 540bk Proglobal ,29.99,NA,19,1,6,4.998,NA,Envío gratis a todo el país,NA,NA,NA,NA,https://perfil.mercadolibre.cl/PROGLOBALCHILE,https://articulo.mercadolibre.cl/MLC-462200387-parlante-altavoz-karaoke-bluetooth-philco-540bk-proglobal-_JM,NA,NA,NA,NA,NA,#462200387,Philco,NA,NA,NA,NA,NA,NA,NA,NA,NA,NA,NA
208, Parlante Speaker Bluetooth Soundcore Rojo Anker ,39.99,NA,80,13,6,6.665,NA,Envío gratis a todo el país,NA,NA,5,1,https://perfil.mercadolibre.cl/ANKERSTORE?brandId=188,https://articulo.mercadolibre.cl/MLC-475464921-parlante-speaker-bluetooth-soundcore-rojo-anker-_JM,1,0,0,0,0,#475464921,Anker,SoundCore,360 g,NA,NA,NA,NA,NA,NA,Auxiliar,NA,NA
209, Parlante Bluetooth / Usb / Sd / Aux / Radio Para Celulares ,16,NA,1,50,12,1.333,NA,Envío a todo el país,NA,NA,NA,NA,https://perfil.mercadolibre.cl/ORANGE_TECH,https://articulo.mercadolibre.cl/MLC-456656525-parlante-bluetooth-usb-sd-aux-radio-para-celulares-_JM,NA,NA,NA,NA,NA,#456656525,NA,NA,NA,NA,NA,NA,NA,NA,NA,NA,NA,NA
210, Jbl Parlante Bluetooth Charge 4 - Negro ,129.99,149.990,2,4,6,21.665,NA,Envío gratis a todo el país,NA,NA,NA,NA,https://perfil.mercadolibre.cl/ONDAPROCL,https://articulo.mercadolibre.cl/MLC-480663496-jbl-parlante-bluetooth-charge-4-negro-_JM,NA,NA,NA,NA,NA,#480663496,JBL,NA,NA,Charge 4,30 W,Activo,NA,NA,NA,NA,NA,NA
211, Parlante Bluetooth Zuka Karaoke Microlab Mic / Mundo Electro ,17.99,NA,13,2,12,1.499,NA,Envío gratis a todo el país,NA,NA,NA,NA,https://perfil.mercadolibre.cl/MUNDOELECTROCL,https://articulo.mercadolibre.cl/MLC-461780433-parlante-bluetooth-zuka-karaoke-microlab-mic-mundo-electro-_JM,NA,NA,NA,NA,NA,#461780433,Microlab,NA,NA,Zuka Karaoke,20 W,NA,220V,14 cm,27 cm,NA,NA,NA
212, Parlante Kolke Sonic Bluetooth Karaoke 350w Microfono ,55.99,79.990,1013,1,6,9.332,NA,Envío gratis a todo el país,NA,NA,4.4,142,https://perfil.mercadolibre.cl/LOI+CHILE,https://articulo.mercadolibre.cl/MLC-439383862-parlante-kolke-sonic-bluetooth-karaoke-350w-microfono-_JM,96,24,13,4,5,#439383862,KOLKE,NA,NA,Parlante Kolke Sonic Bluetooth Karaoke 350W Microfono,NA,NA,NA,NA,NA,NA,NA,NA
213, Parlante Bazooka Bluetooth Fm Sd Usb Aux Recargable Uk Nuevo ,14.99,NA,3,2,6,2.498,NA,Envío a todo el país,NA,NA,NA,NA,https://perfil.mercadolibre.cl/MMSMIKE1,https://articulo.mercadolibre.cl/MLC-451947807-parlante-bazooka-bluetooth-fm-sd-usb-aux-recargable-uk-nuevo-_JM,NA,NA,NA,NA,NA,#451947807,NA,NA,NA,NA,NA,NA,NA,NA,NA,NA,NA,NA
214, Parlante Karaoke Bowmann Bt+ Microfono 21301 / Fernapet ,19.99,NA,120,928,6,3.332,NA,Envío gratis a todo el país,NA,NA,NA,NA,https://perfil.mercadolibre.cl/FERNAPET,https://articulo.mercadolibre.cl/MLC-468763741-parlante-karaoke-bowmann-bt-microfono-21301-fernapet-_JM,NA,NA,NA,NA,NA,#468763741,NA,NA,NA,NA,NA,NA,NA,NA,NA,Auxiliar,NA,NA
215, Parlante Bluetooth Zukabass4 Mlab Paisley / Mundo Electro ,13.99,NA,4,6,12,1.166,NA,Envío a todo el país,NA,NA,NA,NA,https://perfil.mercadolibre.cl/MUNDOELECTROCL,https://articulo.mercadolibre.cl/MLC-482475529-parlante-bluetooth-zukabass4-mlab-paisley-mundo-electro-_JM,NA,NA,NA,NA,NA,#482475529,Microlab,NA,NA,Zukabass 4 Paisly,20 W,NA,220V,NA,NA,Auxiliar,NA,NA
216, Parlante Bluetooth Manos Libre Philco Px80-a / Fernapet ,9.999,NA,33,20,6,1.666,NA,Envío a todo el país,NA,NA,5,1,https://perfil.mercadolibre.cl/FERNAPET,https://articulo.mercadolibre.cl/MLC-450524368-parlante-bluetooth-manos-libre-philco-px80-a-fernapet-_JM,1,0,0,0,0,#450524368,Philco,NA,NA,NA,NA,NA,NA,NA,NA,NA,NA,NA
217, Parlante Bluetooth Radio Reloj Digital Despertador Fm Usb Tf ,22.99,NA,6,1,6,3.832,NA,Envío gratis a todo el país,NA,NA,NA,NA,https://perfil.mercadolibre.cl/MMSMIKE1,https://articulo.mercadolibre.cl/MLC-472864644-parlante-bluetooth-radio-reloj-digital-despertador-fm-usb-tf-_JM,NA,NA,NA,NA,NA,#472864644,NA,NA,NA,NA,NA,NA,NA,NA,NA,Entrada para Micrófono,NA,NA
218, Parlante Subwoofer 2.1 Bluetooh Philco B2100 800w /3gmarket ,24.99,NA,4,1,6,4.165,NA,Envío gratis a todo el país,NA,NA,NA,NA,https://perfil.mercadolibre.cl/3GMARKET,https://articulo.mercadolibre.cl/MLC-481496100-parlante-subwoofer-21-bluetooh-philco-b2100-800w-3gmarket-_JM,NA,NA,NA,NA,NA,#481496100,Philco,NA,NA,B82100,NA,NA,NA,NA,NA,USB,NA,NA
219, Kit 2 Cajas Parlante Profesional 15 Activas Mp3 Vmr Usb Amp ,229,NA,2,10,12,19.083,NA,Envío gratis a todo el país,NA,NA,NA,NA,https://perfil.mercadolibre.cl/XPRO.STORE,https://articulo.mercadolibre.cl/MLC-435771119-kit-2-cajas-parlante-profesional-15-activas-mp3-vmr-usb-amp-_JM,NA,NA,NA,NA,NA,#435771119,NA,NA,NA,NA,NA,NA,NA,NA,NA,NA,NA,NA
220, Parlante Bluetooth Microlab Adventure Ipx4 / Mundo Electro ,9.99,NA,8,17,12,832,NA,Envío a todo el país,NA,NA,NA,NA,https://perfil.mercadolibre.cl/MUNDOELECTROCL,https://articulo.mercadolibre.cl/MLC-471764992-parlante-bluetooth-microlab-adventure-ipx4-mundo-electro-_JM,NA,NA,NA,NA,NA,#471764992,Microlab,NA,NA,Adventure,NA,NA,220V,8 cm,18 cm,NA,NA,NA
