country,seller_name,link,time_operating,units_of_time_operating,amt_sold,leader_status,top_descriptor1,top_descriptor2,num_reviews,num_neg_reviews,num_neutral_reviews,num_pos_reviews,location,timeframe_of_amt_sold,units_timeframe_of_amt_sold
ARG,LS2 Tienda oficial,https://perfil.mercadolibre.com.ar/LS2-OFICIAL?brandId=157,5,1,1284,MercadoLíder Platinum,Brinda buena atención,Despacha sus productos a tiempo,414,8,6,400,"Núñez, Capital Federal.",4,2
ARG,Hawk Tienda oficial,https://perfil.mercadolibre.com.ar/HAWK+HELMETS?brandId=1746,10,2,718,MercadoLíder Platinum,Brinda buena atención,Despacha sus productos a tiempo,84,1,3,80,"Beccar, Buenos Aires.",4,2
ARG,GRAVEDADX,https://perfil.mercadolibre.com.ar/GRAVEDADX,2,1,1726,MercadoLíder Platinum,Brinda buena atención,Despacha sus productos a tiempo,319,3,10,306,"Rosario, Santa Fe.",4,2
ARG,FASMOTOS00,https://perfil.mercadolibre.com.ar/FASMOTOS00,13,1,62539,MercadoLíder Platinum,Brinda buena atención,Despacha sus productos a tiempo,17120,568,805,15747,"Villa Devoto, Capital Federal.",4,2
ARG,STIMOTOS2008,https://perfil.mercadolibre.com.ar/STIMOTOS2008,12,1,34228,MercadoLíder Platinum,Brinda buena atención,Despacha sus productos a tiempo,9004,290,351,8363,"Mataderos, Capital Federal.",4,2
ARG,NZI Helmets Tienda oficial,https://perfil.mercadolibre.com.ar/WAKEFIELD+ARGENTINA?brandId=1743,2,1,486,MercadoLíder Gold,Brinda buena atención,Despacha sus productos a tiempo,96,0,1,95,"Villa Lugano, Capital Federal.",4,2
ARG,CYCLES MOTO,https://perfil.mercadolibre.com.ar/CYCLES+MOTO,4,1,2019,MercadoLíder Platinum,Brinda buena atención,Despacha sus productos a tiempo,768,4,16,748,"Boedo, Capital Federal.",4,2
ARG,MARELLI SPORTS!,https://perfil.mercadolibre.com.ar/MARELLI+SPORTS%21,9,1,1286,MercadoLíder Platinum,Brinda buena atención,Despacha sus productos a tiempo,347,15,27,305,"La Matanza, Buenos Aires.",4,2
ARG,DEVOTOBIKES,https://perfil.mercadolibre.com.ar/DEVOTOBIKES,13,1,2732,MercadoLíder Platinum,Brinda buena atención,Despacha sus productos a tiempo,849,14,22,813,"Caba, Capital Federal.",4,2
ARG,ANTARES-MOTOS,https://perfil.mercadolibre.com.ar/ANTARES-MOTOS,3,1,2938,MercadoLíder Platinum,Brinda buena atención,Despacha sus productos a tiempo,692,9,18,665,"Escobar, Buenos Aires.",4,2
ARG,Oneal Tienda oficial,https://perfil.mercadolibre.com.ar/MOTOHELMET?brandId=1633,1,1,1304,MercadoLíder Platinum,Brinda buena atención,Despacha sus productos a tiempo,369,3,3,363,"Ezeiza, Buenos Aires.",4,2
ARG,LETT STORE,https://perfil.mercadolibre.com.ar/LETT+STORE,10,2,624,MercadoLíder Platinum,Brinda buena atención,Despacha sus productos a tiempo,125,0,1,124,"San Isidro/beccar, Buenos Aires.",4,2
ARG,WSTANDARD GROUP,https://perfil.mercadolibre.com.ar/WSTANDARD+GROUP,8,1,7644,MercadoLíder Platinum,Brinda buena atención,Despacha sus productos a tiempo,1694,27,33,1634,"El Palomar, Buenos Aires.",4,2
ARG,SUZUKI QUILMES,https://perfil.mercadolibre.com.ar/SUZUKI+QUILMES,13,1,16404,MercadoLíder Platinum,Brinda buena atención,Despacha sus productos a tiempo,3789,131,152,3506,"QUILMES, Buenos Aires.",4,2
ARG,MT Helmets Tienda oficial,https://perfil.mercadolibre.com.ar/MT+HELMETS?brandId=1346,1,1,525,MercadoLíder Platinum,Brinda buena atención,Despacha sus productos a tiempo,226,0,1,225,"Villa Pueyrredón, Capital Federal.",4,2
ARG,TOP-RACING,https://perfil.mercadolibre.com.ar/TOP-RACING,10,1,2074,MercadoLíder Platinum,Brinda buena atención,Despacha sus productos a tiempo,654,7,12,635,"Ituzaingo, Buenos Aires.",4,2
ARG,JM MOTOSTESEI,https://perfil.mercadolibre.com.ar/JM+MOTOSTESEI,3,1,1747,MercadoLíder Platinum,Brinda buena atención,Despacha sus productos a tiempo,481,0,3,478,"Hurlingham, Buenos Aires.",4,2
ARG,MM REPUESTOS,https://perfil.mercadolibre.com.ar/MM+REPUESTOS,6,1,5554,MercadoLíder Platinum,Brinda buena atención,Despacha sus productos a tiempo,1427,60,61,1306,"Villa Ortuzar, Capital Federal.",4,2
ARG,MOTOS RUTA3,https://perfil.mercadolibre.com.ar/MOTOS+RUTA3,7,1,2346,MercadoLíder Platinum,Brinda buena atención,Despacha sus productos a tiempo,696,21,12,663,"La Matanza, Buenos Aires.",4,2
ARG,OPENFACTORY,https://perfil.mercadolibre.com.ar/OPENFACTORY,5,1,16212,MercadoLíder Platinum,Brinda buena atención,Despacha sus productos a tiempo,4441,174,167,4100,"Villa Urquiza, Capital Federal.",4,2
ARG,RPM-1240,https://perfil.mercadolibre.com.ar/RPM-1240,6,1,4756,MercadoLíder Platinum,Brinda buena atención,Despacha sus productos a tiempo,1762,25,42,1695,"Constitución, Capital Federal.",4,2
ARG,AUTOMOTOLANUS,https://perfil.mercadolibre.com.ar/AUTOMOTOLANUS,8,1,628,NA,Brinda buena atención,Despacha sus productos a tiempo,435,3,7,425,"Lanús, Buenos Aires.",5,1
ARG,MOTOS_FREEWAY,https://perfil.mercadolibre.com.ar/MOTOS_FREEWAY,1,1,1589,MercadoLíder Platinum,Brinda buena atención,Despacha sus productos a tiempo,659,19,19,621,"Villa Crespo, Capital Federal.",4,2
ARG,MOTO DELTA,https://perfil.mercadolibre.com.ar/MOTO+DELTA,11,1,2853,MercadoLíder Platinum,Brinda buena atención,Despacha sus productos a tiempo,786,9,12,765,"Tigre, Buenos Aires.",4,2
ARG,URQUIZA MOTOS,https://perfil.mercadolibre.com.ar/URQUIZA+MOTOS,7,1,4914,MercadoLíder Platinum,Brinda buena atención,Despacha sus productos a tiempo,1696,36,65,1595,"Villa Urquiza, Capital Federal.",4,2
ARG,ARIZONAMOTOSREPUESTOS,https://perfil.mercadolibre.com.ar/ARIZONAMOTOSREPUESTOS,1,1,152,MercadoLíder,Brinda buena atención,Despacha sus productos a tiempo,59,1,3,55,"Morón, Buenos Aires.",4,2
ARG,RIDER-PRO,https://perfil.mercadolibre.com.ar/RIDER-PRO,15,1,2030,MercadoLíder Platinum,Brinda buena atención,Despacha sus productos a tiempo,623,4,15,604,"Villa Devoto, Capital Federal.",4,2
ARG,AVANT-REPUESTOS,https://perfil.mercadolibre.com.ar/AVANT-REPUESTOS,3,1,2401,MercadoLíder Platinum,Brinda buena atención,Despacha sus productos a tiempo,885,14,14,857,"Balbanera, Capital Federal.",4,2
ARG,WAGNER-HERMANOS,https://perfil.mercadolibre.com.ar/WAGNER-HERMANOS,4,1,5013,MercadoLíder Platinum,Brinda buena atención,Despacha sus productos a tiempo,1386,25,20,1341,"Florida, Buenos Aires.",4,2
ARG,ARGENMOTOS,https://perfil.mercadolibre.com.ar/ARGENMOTOS,5,1,488,MercadoLíder Platinum,Brinda buena atención,Despacha sus productos a tiempo,200,0,1,199,"Núñez, Capital Federal.",4,2
ARG,LOQUIEROYA-TIENDA,https://perfil.mercadolibre.com.ar/LOQUIEROYA-TIENDA,2,1,8202,MercadoLíder Platinum,Brinda buena atención,Despacha sus productos a tiempo,2683,54,72,2557,"Avellaneda, Buenos Aires.",4,2
ARG,MOTOXSERRALANUS,https://perfil.mercadolibre.com.ar/MOTOXSERRALANUS,4,1,247,MercadoLíder Gold,Brinda buena atención,Despacha sus productos a tiempo,72,0,2,70,"Lanús, Buenos Aires.",4,2
ARG,Just 1 Tienda oficial,https://perfil.mercadolibre.com.ar/WSTANDARDGROUPOFICIAL?brandId=1665,7,2,382,MercadoLíder Platinum,Brinda buena atención,Despacha sus productos a tiempo,92,1,0,91,"El Palomar, Buenos Aires.",4,2
ARG,CICLOFOX,https://perfil.mercadolibre.com.ar/CICLOFOX,11,1,3487,MercadoLíder Platinum,Brinda buena atención,Despacha sus productos a tiempo,1104,20,24,1060,"Balvanera, Capital Federal.",4,2
ARG,CBA.MOTO,https://perfil.mercadolibre.com.ar/CBA.MOTO,18,1,462,MercadoLíder Gold,Brinda buena atención,Despacha sus productos a tiempo,107,0,0,107,"Córdoba, Córdoba.",4,2
ARG,BATERIAS DIRECTORIO,https://perfil.mercadolibre.com.ar/BATERIAS+DIRECTORIO,4,1,1189,MercadoLíder Platinum,Brinda buena atención,Despacha sus productos a tiempo,366,1,7,358,"Floresta, Capital Federal.",4,2
ARG,BELL Tienda oficial,https://perfil.mercadolibre.com.ar/BELLARGENTINA?brandId=571,3,1,51,NA,Brinda buena atención,Despacha sus productos a tiempo,17,0,0,17,"Saavedra, Capital Federal.",4,2
BRA,Quality SP Loja oficial,https://perfil.mercadolivre.com.br/QUALITY+SP?brandId=515,19,1,17856,MercadoLíder PlatinumÉ um dos melhores do site!,Presta um bom atendimento,Entrega os produtos dentro do prazo,1944,56,55,1833,"Barueri, São Paulo.",4,2
BRA,LOI BRASIL,https://perfil.mercadolivre.com.br/LOI+BRASIL,6,1,10159,MercadoLíder PlatinumÉ um dos melhores do site!,Presta um bom atendimento,Entrega os produtos dentro do prazo,820,39,36,745,"Mauá, São Paulo.",4,2
BRA,Sportbay Plus Loja oficial,https://perfil.mercadolivre.com.br/SPORTBAY+PLUS?brandId=2047,1,1,7126,MercadoLíder PlatinumÉ um dos melhores do site!,Presta um bom atendimento,Entrega os produtos dentro do prazo,776,19,20,737,"Siqueira Campos, Paraná.",4,2
BRA,JN.MOTOS,https://perfil.mercadolivre.com.br/JN.MOTOS,2,1,1821,MercadoLíder GoldÉ um dos melhores do site!,Presta um bom atendimento,Entrega os produtos dentro do prazo,209,6,3,200,"Ourinhos, São Paulo.",4,2
BRA,BEE-STORE,https://perfil.mercadolivre.com.br/BEE-STORE,3,1,4515,MercadoLíder PlatinumÉ um dos melhores do site!,Presta um bom atendimento,Entrega os produtos dentro do prazo,688,31,30,627,"Japira, Paraná.",4,2
BRA,EMPORIUM LIVRE,https://perfil.mercadolivre.com.br/EMPORIUM+LIVRE,8,1,2923,MercadoLíder PlatinumÉ um dos melhores do site!,Presta um bom atendimento,Entrega os produtos dentro do prazo,242,10,5,227,"Ponte Nova, Minas Gerais.",4,2
BRA,Sportbay Loja oficial,https://perfil.mercadolivre.com.br/SPORTBAY+2?brandId=721,1,1,4714,MercadoLíder PlatinumÉ um dos melhores do site!,Presta um bom atendimento,Entrega os produtos dentro do prazo,448,8,15,425,"Siqueira Campos, Paraná.",4,2
BRA,VEGASMIX,https://perfil.mercadolivre.com.br/VEGASMIX,8,1,4278,MercadoLíder PlatinumÉ um dos melhores do site!,Presta um bom atendimento,Entrega os produtos dentro do prazo,418,8,10,400,"Limeira, São Paulo.",4,2
BRA,TOPMOTOO,https://perfil.mercadolivre.com.br/TOPMOTOO,1,1,761,MercadoLíderÉ um dos melhores do site!,Presta um bom atendimento,Entrega os produtos dentro do prazo,85,9,5,71,"São Paulo, São Paulo.",4,2
BRA,COMPETIZIONEMR,https://perfil.mercadolivre.com.br/COMPETIZIONEMR,11,1,3453,MercadoLíder PlatinumÉ um dos melhores do site!,Presta um bom atendimento,Entrega os produtos dentro do prazo,541,5,3,533,"Taboão da Serra, São Paulo.",4,2
BRA,FGOLDSHOP,https://perfil.mercadolivre.com.br/FGOLDSHOP,1,1,2520,MercadoLíder GoldÉ um dos melhores do site!,Presta um bom atendimento,Entrega os produtos dentro do prazo,229,5,4,220,"Ponte Nova, Minas Gerais.",4,2
BRA,CIADAMOTO1,https://perfil.mercadolivre.com.br/CIADAMOTO1,10,1,3126,MercadoLíder PlatinumÉ um dos melhores do site!,Presta um bom atendimento,Entrega os produtos dentro do prazo,435,3,10,422,"Patos de Minas, Minas Gerais.",4,2
BRA,KAZZU COMERCIO,https://perfil.mercadolivre.com.br/KAZZU+COMERCIO,4,1,4765,MercadoLíder PlatinumÉ um dos melhores do site!,Presta um bom atendimento,Entrega os produtos dentro do prazo,463,9,11,443,"Ponte Nova, Minas Gerais.",4,2
BRA,HELMET WORLD,https://perfil.mercadolivre.com.br/HELMET+WORLD,1,1,999,NA,Presta um bom atendimento,Entrega os produtos dentro do prazo,85,6,5,74,"Ponte Nova, Minas Gerais.",4,2
BRA,PHOENIX ACESSÓRIOS,https://perfil.mercadolivre.com.br/PHOENIX+ACESS%C3%93RIOS,1,1,197,NA,Presta um bom atendimento,Entrega os produtos dentro do prazo,17,0,1,16,"Ponte Nova, Minas Gerais.",4,2
BRA,PISTAMOTO,https://perfil.mercadolivre.com.br/PISTAMOTO,3,1,8549,MercadoLíder PlatinumÉ um dos melhores do site!,Presta um bom atendimento,Entrega os produtos dentro do prazo,1059,25,34,1000,"Siqueira Campos, Paraná.",4,2
BRA,CMC RIDERS,https://perfil.mercadolivre.com.br/CMC+RIDERS,14,1,7034,MercadoLíder PlatinumÉ um dos melhores do site!,Presta um bom atendimento,Entrega os produtos dentro do prazo,834,30,26,778,"São Paulo, São Paulo.",4,2
BRA,VENDASFREEMARKET,https://perfil.mercadolivre.com.br/VENDASFREEMARKET,1,1,679,NA,Presta um bom atendimento,Entrega os produtos dentro do prazo,74,3,1,70,"Siqueira Campos, Paraná.",4,2
BRA,EMPORIUM MINEIRO,https://perfil.mercadolivre.com.br/EMPORIUM+MINEIRO,1,1,1897,NA,Presta um bom atendimento,Entrega os produtos dentro do prazo,176,6,7,163,"Ponte Nova, Minas Gerais.",4,2
BRA,Sportbay Loja oficial,https://perfil.mercadolivre.com.br/SPORTBAY?brandId=721,15,1,12762,MercadoLíder PlatinumÉ um dos melhores do site!,Presta um bom atendimento,Entrega os produtos dentro do prazo,5301,90,366,4845,"Siqueira Campos, Paraná.",4,2
BRA,RACE ACTION,https://perfil.mercadolivre.com.br/RACE+ACTION,7,1,1517,MercadoLíder GoldÉ um dos melhores do site!,Presta um bom atendimento,Entrega os produtos dentro do prazo,161,2,5,154,"Siqueira Campos, Paraná.",4,2
BRA,ALECARSHOP,https://perfil.mercadolivre.com.br/ALECARSHOP,4,1,5374,MercadoLíder PlatinumÉ um dos melhores do site!,Presta um bom atendimento,Entrega os produtos dentro do prazo,897,24,26,847,"Siqueira Campos, Paraná.",4,2
BRA,KMMOTOSHOP,https://perfil.mercadolivre.com.br/KMMOTOSHOP,18,1,3669,MercadoLíder PlatinumÉ um dos melhores do site!,Presta um bom atendimento,Entrega os produtos dentro do prazo,569,12,13,544,"Jacareí, São Paulo.",4,2
BRA,DEAMOTOPEÇAS BSB-DF,https://perfil.mercadolivre.com.br/DEAMOTOPE%C3%87AS+BSB-DF,6,1,4912,MercadoLíder PlatinumÉ um dos melhores do site!,Presta um bom atendimento,Entrega os produtos dentro do prazo,581,6,20,555,"Brasília, Distrito Federal.",4,2
BRA,MOTOARTPEÇAS,https://perfil.mercadolivre.com.br/MOTOARTPE%C3%87AS,1,1,2559,MercadoLíder PlatinumÉ um dos melhores do site!,Presta um bom atendimento,Entrega os produtos dentro do prazo,366,8,14,344,"São Bernardo do Campo, São Paulo.",4,2
BRA,ON MOTOPARTS,https://perfil.mercadolivre.com.br/ON+MOTOPARTS,8,2,367,NA,Presta um bom atendimento,Entrega os produtos dentro do prazo,36,5,3,28,"Siqueira Campos, Paraná.",4,2
BRA,DISTRIMIX77,https://perfil.mercadolivre.com.br/DISTRIMIX77,3,1,1045,MercadoLíder GoldÉ um dos melhores do site!,Presta um bom atendimento,Entrega os produtos dentro do prazo,140,1,2,137,"Ponte Nova, Minas Gerais.",4,2
BRA,RS1 Loja oficial,https://perfil.mercadolivre.com.br/RS1+OFICIAL?brandId=36,8,1,3613,MercadoLíder PlatinumÉ um dos melhores do site!,Presta um bom atendimento,Entrega os produtos dentro do prazo,366,9,10,347,"Sorocaba, São Paulo.",4,2
BRA,GRIFE_DO_CAPACETE,https://perfil.mercadolivre.com.br/GRIFE_DO_CAPACETE,2,1,3734,MercadoLíder PlatinumÉ um dos melhores do site!,Presta um bom atendimento,Entrega os produtos dentro do prazo,363,7,12,344,"Divinópolis, Minas Gerais.",4,2
BRA,PLUS FERRAMENTAS,https://perfil.mercadolivre.com.br/PLUS+FERRAMENTAS,8,1,6706,MercadoLíder PlatinumÉ um dos melhores do site!,Presta um bom atendimento,Entrega os produtos dentro do prazo,886,18,28,840,"Itapecerica da Serra, São Paulo.",4,2
BRA,EPM ACESSORIOS,https://perfil.mercadolivre.com.br/EPM+ACESSORIOS,2,1,5446,MercadoLíder PlatinumÉ um dos melhores do site!,Presta um bom atendimento,Entrega os produtos dentro do prazo,577,5,3,569,"São Paulo, São Paulo.",4,2
BRA,AD-STORE,https://perfil.mercadolivre.com.br/AD-STORE,9,1,3897,MercadoLíder PlatinumÉ um dos melhores do site!,Presta um bom atendimento,Entrega os produtos dentro do prazo,339,5,9,325,"Siqueira Campos, Paraná.",4,2
BRA,L7 MOTOS_,https://perfil.mercadolivre.com.br/L7+MOTOS_,6,1,1635,MercadoLíder PlatinumÉ um dos melhores do site!,Presta um bom atendimento,Entrega os produtos dentro do prazo,225,1,4,220,"Curitiba, Paraná.",4,2
BRA,CALIL STORE,https://perfil.mercadolivre.com.br/CALIL+STORE,1,1,1412,MercadoLíder PlatinumÉ um dos melhores do site!,Presta um bom atendimento,Entrega os produtos dentro do prazo,182,12,7,163,"Siqueira Campos, Paraná.",4,2
BRA,FEPA5204056,https://perfil.mercadolivre.com.br/FEPA5204056,6,2,2497,MercadoLíder PlatinumÉ um dos melhores do site!,Presta um bom atendimento,Entrega os produtos dentro do prazo,344,8,8,328,"São Bernardo do Campo, São Paulo.",4,2
BRA,Sportbay Plus Loja oficial,https://perfil.mercadolivre.com.br/PFSOLUCOESEIRELI?brandId=2047,5,2,903,MercadoLíderÉ um dos melhores do site!,Presta um bom atendimento,Entrega os produtos dentro do prazo,103,5,2,96,"Itapecerica da Serra, São Paulo.",4,2
BRA,JP MOTOPEÇAS,https://perfil.mercadolivre.com.br/JP+MOTOPE%C3%87AS,13,1,2891,MercadoLíder PlatinumÉ um dos melhores do site!,Presta um bom atendimento,Entrega os produtos dentro do prazo,494,28,22,444,"Japira, Paraná.",4,2
BRA,DRAGON RACING,https://perfil.mercadolivre.com.br/DRAGON+RACING,6,1,8247,MercadoLíder PlatinumÉ um dos melhores do site!,Presta um bom atendimento,Entrega os produtos dentro do prazo,923,25,28,870,"Campinas, São Paulo.",4,2
BRA,GIANZINHO PARTS,https://perfil.mercadolivre.com.br/GIANZINHO+PARTS,1,1,1087,MercadoLíder GoldÉ um dos melhores do site!,Presta um bom atendimento,Entrega os produtos dentro do prazo,164,11,6,147,"Siqueira Campos, Paraná.",4,2
BRA,ATACADISTASMARTSHOP,https://perfil.mercadolivre.com.br/ATACADISTASMARTSHOP,1,1,536,MercadoLíderÉ um dos melhores do site!,Presta um bom atendimento,Entrega os produtos dentro do prazo,57,2,2,53,"Ponte Nova, Minas Gerais.",4,2
BRA,ROYAL GOLDSHOP,https://perfil.mercadolivre.com.br/ROYAL+GOLDSHOP,11,2,667,MercadoLíderÉ um dos melhores do site!,Presta um bom atendimento,Entrega os produtos dentro do prazo,69,1,0,68,"Ponte Nova, Minas Gerais.",4,2
BRA,RPC SHOP,https://perfil.mercadolivre.com.br/RPC+SHOP,2,1,3343,MercadoLíder GoldÉ um dos melhores do site!,Presta um bom atendimento,Entrega os produtos dentro do prazo,496,0,3,493,"Mogi das Cruzes, São Paulo.",4,2
BRA,EMPÓRIODAPEÇA,https://perfil.mercadolivre.com.br/EMP%C3%93RIODAPE%C3%87A,2,1,2809,MercadoLíder GoldÉ um dos melhores do site!,Presta um bom atendimento,Entrega os produtos dentro do prazo,397,7,9,381,"São Bernardo do Campo, São Paulo.",4,2
BRA,MOTOPAN DISTRIBUIDORA,https://perfil.mercadolivre.com.br/MOTOPAN+DISTRIBUIDORA,4,1,1635,MercadoLíder GoldÉ um dos melhores do site!,Presta um bom atendimento,Entrega os produtos dentro do prazo,210,4,7,199,"Tupã, São Paulo.",4,2
BRA,SPEEDMOTOPARTS,https://perfil.mercadolivre.com.br/SPEEDMOTOPARTS,8,1,2310,MercadoLíder PlatinumÉ um dos melhores do site!,Presta um bom atendimento,Entrega os produtos dentro do prazo,327,25,15,287,"Japira, Paraná.",4,2
BRA,CRISTINAFATIMARESENDE,https://perfil.mercadolivre.com.br/CRISTINAFATIMARESENDE,2,1,2789,MercadoLíder PlatinumÉ um dos melhores do site!,Presta um bom atendimento,Entrega os produtos dentro do prazo,374,11,11,352,"São Bernardo do Campo, São Paulo.",4,2
BRA,DM ATACADISTA,https://perfil.mercadolivre.com.br/DM+ATACADISTA,1,1,267,NA,Presta um bom atendimento,Entrega os produtos dentro do prazo,26,1,1,24,"Ponte Nova, Minas Gerais.",4,2
BRA,PREMIUMSHOP-SP,https://perfil.mercadolivre.com.br/PREMIUMSHOP-SP,4,1,2838,MercadoLíder PlatinumÉ um dos melhores do site!,Presta um bom atendimento,Entrega os produtos dentro do prazo,294,16,7,271,"São Paulo, São Paulo.",4,2
BRA,JULLIANADECASTROSOUZACASTRO,https://perfil.mercadolivre.com.br/JULLIANADECASTROSOUZACASTRO,3,1,1562,MercadoLíder GoldÉ um dos melhores do site!,Presta um bom atendimento,Entrega os produtos dentro do prazo,151,5,2,144,"Ponte Nova, Minas Gerais.",4,2
BRA,WOLLOKO MOTOR,https://perfil.mercadolivre.com.br/WOLLOKO+MOTOR,16,1,901,MercadoLíder GoldÉ um dos melhores do site!,Presta um bom atendimento,Entrega os produtos dentro do prazo,117,4,1,112,"Goiânia, Goiás.",4,2
BRA,TUDO-AKI,https://perfil.mercadolivre.com.br/TUDO-AKI,7,1,3040,MercadoLíder PlatinumÉ um dos melhores do site!,Presta um bom atendimento,Entrega os produtos dentro do prazo,312,8,9,295,"Guarulhos, São Paulo.",4,2
BRA,IFORCE57LV8,https://perfil.mercadolivre.com.br/IFORCE57LV8,1,1,4915,MercadoLíder PlatinumÉ um dos melhores do site!,Presta um bom atendimento,Entrega os produtos dentro do prazo,684,36,26,622,"São Paulo, São Paulo.",4,2
BRA,Connect Parts Loja oficial,https://perfil.mercadolivre.com.br/CONNECT+PARTS?brandId=170,13,1,224088,MercadoLíder PlatinumÉ um dos melhores do site!,Presta um bom atendimento,Entrega os produtos dentro do prazo,95219,2567,6197,86455,"Marília, São Paulo.",4,2
BRA,SABOREAVENTURA,https://perfil.mercadolivre.com.br/SABOREAVENTURA,1,1,1273,MercadoLíder GoldÉ um dos melhores do site!,Presta um bom atendimento,Entrega os produtos dentro do prazo,142,6,5,131,"Siqueira Campos, Paraná.",4,2
BRA,HELALMOTOPEÇAS,https://perfil.mercadolivre.com.br/HELALMOTOPE%C3%87AS,15,1,1309,MercadoLíder PlatinumÉ um dos melhores do site!,Presta um bom atendimento,Entrega os produtos dentro do prazo,313,2,3,308,"Campinas, São Paulo.",4,2
BRA,MHF CAPACETES,https://perfil.mercadolivre.com.br/MHF+CAPACETES,5,1,932,MercadoLíder GoldÉ um dos melhores do site!,Presta um bom atendimento,Entrega os produtos dentro do prazo,110,0,3,107,"Siqueira Campos, Paraná.",4,2
BRA,TATIADESIVOS,https://perfil.mercadolivre.com.br/TATIADESIVOS,8,2,1785,NA,Presta um bom atendimento,Entrega os produtos dentro do prazo,319,14,18,287,"São Paulo, São Paulo.",4,2
BRA,MOTOLOPES.COM.BR,https://perfil.mercadolivre.com.br/MOTOLOPES.COM.BR,6,1,174,NA,Presta um bom atendimento,Entrega os produtos dentro do prazo,13,1,0,12,"Teófilo Otoni, Minas Gerais.",4,2
BRA,VSR Motos  Loja oficial,https://perfil.mercadolivre.com.br/BRING.IT?brandId=1867,10,1,38201,MercadoLíder PlatinumÉ um dos melhores do site!,Presta um bom atendimento,Entrega os produtos dentro do prazo,4857,74,75,4708,"Curitiba, Paraná.",4,2
BRA,VENDAS MOTOPEÇAS,https://perfil.mercadolivre.com.br/VENDAS+MOTOPE%C3%87AS,1,1,1067,NA,Presta um bom atendimento,Entrega os produtos dentro do prazo,136,0,4,132,"São Bernardo do Campo, São Paulo.",4,2
BRA,LEOMOTOPARTS,https://perfil.mercadolivre.com.br/LEOMOTOPARTS,3,1,6982,MercadoLíder PlatinumÉ um dos melhores do site!,Presta um bom atendimento,Entrega os produtos dentro do prazo,1115,29,28,1058,"São Paulo, São Paulo.",4,2
BRA,MAGAIVERMOTOSTORE,https://perfil.mercadolivre.com.br/MAGAIVERMOTOSTORE,13,1,654,MercadoLíder GoldÉ um dos melhores do site!,Presta um bom atendimento,Entrega os produtos dentro do prazo,114,2,1,111,"Piracicaba, São Paulo.",4,2
BRA,Peels Loja oficial,https://perfil.mercadolivre.com.br/CLUBEDOCAPACETE?brandId=2038,8,2,621,NA,Presta um bom atendimento,Entrega os produtos dentro do prazo,87,1,1,85,"Limeira, São Paulo.",4,2
BRA,OMOTOCICLISTA_PARTS,https://perfil.mercadolivre.com.br/OMOTOCICLISTA_PARTS,4,1,108,NA,Presta um bom atendimento,Entrega os produtos dentro do prazo,20,0,0,20,"Pirapozinho, São Paulo.",4,2
BRA,GENERAL MOTOS-OFICIAL,https://perfil.mercadolivre.com.br/GENERAL+MOTOS-OFICIAL,3,1,2949,MercadoLíder PlatinumÉ um dos melhores do site!,Presta um bom atendimento,Entrega os produtos dentro do prazo,482,8,8,466,"São Paulo, São Paulo.",4,2
BRA,ATACADO MFE,https://perfil.mercadolivre.com.br/ATACADO+MFE,4,1,3582,MercadoLíder PlatinumÉ um dos melhores do site!,Presta um bom atendimento,Entrega os produtos dentro do prazo,598,7,15,576,"São Bernardo do Campo, São Paulo.",4,2
BRA,LUMASHOPMIX,https://perfil.mercadolivre.com.br/LUMASHOPMIX,4,2,471,NA,Presta um bom atendimento,Entrega os produtos dentro do prazo,39,0,0,39,"Ponte Nova, Minas Gerais.",4,2
BRA,NOVAESMOTOPEÇAS,https://perfil.mercadolivre.com.br/NOVAESMOTOPE%C3%87AS,2,1,2064,MercadoLíder PlatinumÉ um dos melhores do site!,Presta um bom atendimento,Entrega os produtos dentro do prazo,312,13,16,283,"Campinas, São Paulo.",4,2
BRA,Tuning Parts Loja oficial,https://perfil.mercadolivre.com.br/TUNINGPARTS+OFICIAL?brandId=212,14,1,5598,MercadoLíder PlatinumÉ um dos melhores do site!,Presta um bom atendimento,Entrega os produtos dentro do prazo,766,18,24,724,"Curitiba, Paraná.",4,2
CHI,LS2 Tienda oficial,https://perfil.mercadolibre.cl/MOTOXTREME.CL?brandId=329,1,1,470,MercadoLíder Platinum,Brinda buena atención,Entrega sus productos a tiempo,117,1,3,113,"Santiago, RM (Metropolitana).",4,2
CHI,OXS ACCESORIOS,https://perfil.mercadolibre.cl/OXS+ACCESORIOS,2,1,2385,MercadoLíder Platinum,Brinda buena atención,Entrega sus productos a tiempo,357,8,13,336,"Santiago, RM (Metropolitana).",4,2
CHI,REBELSPORTS.CL,https://perfil.mercadolibre.cl/REBELSPORTS.CL,2,1,272,MercadoLíder Platinum,Brinda buena atención,Entrega sus productos a tiempo,64,1,2,61,"La Serena, Antofagasta.",4,2
CHI,MULTISHOPVIRTUAL23,https://perfil.mercadolibre.cl/MULTISHOPVIRTUAL23,7,2,737,MercadoLíder Gold,Brinda buena atención,Entrega sus productos a tiempo,116,6,3,107,"Independencia, RM (Metropolitana).",4,2
CHI,COMERCIALONLINE EIRL,https://perfil.mercadolibre.cl/COMERCIALONLINE+EIRL,4,1,784,MercadoLíder Platinum,Brinda buena atención,Entrega sus productos a tiempo,132,6,5,121,"La Florida, RM (Metropolitana).",4,2
CHI,PINCHEIRAMOTOS.OFICIAL,https://perfil.mercadolibre.cl/PINCHEIRAMOTOS.OFICIAL,3,1,247,MercadoLíder Platinum,Brinda buena atención,Entrega sus productos a tiempo,49,2,0,47,"Santiago, RM (Metropolitana).",4,2
CHI,CIMAALEGRIACL,https://perfil.mercadolibre.cl/CIMAALEGRIACL,1,1,2079,MercadoLíder Platinum,Brinda buena atención,Entrega sus productos a tiempo,375,22,17,336,China.,4,2
CHI,ESTOYKUKU,https://perfil.mercadolibre.cl/ESTOYKUKU,3,1,940,MercadoLíder Platinum,Brinda buena atención,Entrega sus productos a tiempo,181,0,0,181,"Santiago, RM (Metropolitana).",4,2
CHI,Yamaimport Tienda oficial,https://perfil.mercadolibre.cl/YAMAHA+OFICIAL?brandId=146,2,1,365,MercadoLíder Platinum,Brinda buena atención,Entrega sus productos a tiempo,75,0,1,74,"Las Condes, RM (Metropolitana).",4,2
CHI,DUNLOPCHILE,https://perfil.mercadolibre.cl/DUNLOPCHILE,6,1,286,MercadoLíder Platinum,Brinda buena atención,Entrega sus productos a tiempo,108,1,8,99,"Peñalolén, RM (Metropolitana).",4,2
CHI,MOTOSHOW CHILE,https://perfil.mercadolibre.cl/MOTOSHOW+CHILE,2,1,23,NA,Brinda buena atención,Entrega sus productos a tiempo,6,0,0,6,"Las Condes, RM (Metropolitana).",4,2
CHI,MR7_ACCESORIOS,https://perfil.mercadolibre.cl/MR7_ACCESORIOS,6,1,104,MercadoLíder,Brinda buena atención,Entrega sus productos a tiempo,20,0,1,19,"Santiago, RM (Metropolitana).",4,2
CHI,WANGQINCL,https://perfil.mercadolibre.cl/WANGQINCL,5,2,16,NA,Brinda buena atención,Entrega sus productos a tiempo,1,0,0,1,China.,4,2
CHI,SIMNYILIQI,https://perfil.mercadolibre.cl/SIMNYILIQI,4,1,446,MercadoLíder,Brinda buena atención,Entrega sus productos a tiempo,93,5,7,81,"Santiago, RM (Metropolitana).",4,2
CHI,DISTRITHUNDER MOTOS,https://perfil.mercadolibre.cl/DISTRITHUNDER+MOTOS,1,1,236,MercadoLíder Gold,Brinda buena atención,Entrega sus productos a tiempo,55,0,0,55,"Macul, RM (Metropolitana).",4,2
CHI,REBAJATOTAL15,https://perfil.mercadolibre.cl/REBAJATOTAL15,7,1,162,MercadoLíder,Brinda buena atención,Entrega sus productos a tiempo,44,1,1,42,"San Miguel, RM (Metropolitana).",4,2
CHI,CORO RONDON,https://perfil.mercadolibre.cl/CORO+RONDON,1,1,36,NA,Brinda buena atención,Entrega sus productos a tiempo,5,0,1,4,"Santiago, RM (Metropolitana).",4,2
CHI,COMPRATECHCL,https://perfil.mercadolibre.cl/COMPRATECHCL,1,1,2051,NA,Brinda buena atención,Entrega sus productos a tiempo,322,33,15,274,China.,4,2
CHI,QHXSTOPCL,https://perfil.mercadolibre.cl/QHXSTOPCL,4,2,153,NA,Brinda buena atención,Entrega sus productos a tiempo,29,3,1,25,China.,4,2
CHI,DRESSTOPCL,https://perfil.mercadolibre.cl/DRESSTOPCL,8,2,542,NA,Brinda buena atención,Entrega sus productos a tiempo,72,7,7,58,China.,4,2
CHI,CARMOTORSPORTSCL,https://perfil.mercadolibre.cl/CARMOTORSPORTSCL,11,2,1874,NA,Brinda buena atención,Entrega sus productos a tiempo,268,11,9,248,China.,4,2
CHI,CHUANGMINGJINGCL,https://perfil.mercadolibre.cl/CHUANGMINGJINGCL,1,1,98,MercadoLíder,Brinda buena atención,Entrega sus productos a tiempo,13,1,0,12,China.,4,2
CHI,FULLPACIFICO.CL,https://perfil.mercadolibre.cl/FULLPACIFICO.CL,3,1,227,MercadoLíder Platinum,Brinda buena atención,Entrega sus productos a tiempo,88,4,4,80,"Santiago, RM (Metropolitana).",4,2
CHI,UP-SHOP,https://perfil.mercadolibre.cl/UP-SHOP,2,1,724,MercadoLíder Platinum,Brinda buena atención,Entrega sus productos a tiempo,161,5,4,152,"Las Condes, RM (Metropolitana).",4,2
CHI,MARDONESISAAC,https://perfil.mercadolibre.cl/MARDONESISAAC,3,1,88,NA,Brinda buena atención,Entrega sus productos a tiempo,53,0,0,53,"Huechuraba, RM (Metropolitana).",3,1
CHI,SUNTEKSTORECL,https://perfil.mercadolibre.cl/SUNTEKSTORECL,1,1,1342,MercadoLíder Platinum,Brinda buena atención,Entrega sus productos a tiempo,164,7,7,150,China.,4,2
CHI,Fox Tienda oficial,https://perfil.mercadolibre.cl/SPATRAIL?brandId=287,10,2,565,MercadoLíder Platinum,Brinda buena atención,Entrega sus productos a tiempo,95,1,0,94,"Quilicura, RM (Metropolitana).",4,2
CHI,MARCOGENNARO,https://perfil.mercadolibre.cl/MARCOGENNARO,14,1,74,NA,Brinda buena atención,Entrega sus productos a tiempo,47,0,0,47,"Ñuñoa, RM (Metropolitana).",5,1
CHI,CAVA7978333,https://perfil.mercadolibre.cl/CAVA7978333,4,1,145,NA,Brinda buena atención,Entrega sus productos a tiempo,83,1,2,80,"Las Condes, RM (Metropolitana).",4,1
COL,LUJOACCESORIOS,https://perfil.mercadolibre.com.co/LUJOACCESORIOS,4,1,1417,MercadoLíder Platinum,Brinda buena atención,Entrega sus productos a tiempo,281,1,1,279,"Bello, Antioquia.",4,2
COL,IMCOVALLE SAS,https://perfil.mercadolibre.com.co/IMCOVALLE+SAS,1,1,969,MercadoLíder Platinum,Brinda buena atención,Entrega sus productos a tiempo,252,8,9,235,"Cali, Valle Del Cauca.",4,2
COL,ADRIAN`S STORE,https://perfil.mercadolibre.com.co/ADRIAN%60S+STORE,10,1,603,MercadoLíder Platinum,Brinda buena atención,Entrega sus productos a tiempo,159,0,3,156,"Bogotá, Bogotá D.C..",4,2
COL,BEHA9030420,https://perfil.mercadolibre.com.co/BEHA9030420,6,2,52,NA,Brinda buena atención,Entrega sus productos a tiempo,18,0,0,18,"Bogotá, Bogotá D.C..",6,2
COL,MUNDOTACIONES3,https://perfil.mercadolibre.com.co/MUNDOTACIONES3,8,2,40,NA,Brinda buena atención,Entrega sus productos a tiempo,20,0,1,19,"Puente Aranda, Bogotá D.C..",8,2
COL,LUJOACCESORIOS.,https://perfil.mercadolibre.com.co/LUJOACCESORIOS.,2,1,79,MercadoLíder,Brinda buena atención,Entrega sus productos a tiempo,14,1,0,13,"Bello, Antioquia.",4,2
COL,COJE1458660,https://perfil.mercadolibre.com.co/COJE1458660,3,1,743,MercadoLíder Gold,Brinda buena atención,Entrega sus productos a tiempo,165,1,1,163,"Bogotá, Bogotá D.C..",4,2
COL,OUTLETMOTERO.COM.CO,https://perfil.mercadolibre.com.co/OUTLETMOTERO.COM.CO,5,1,116,MercadoLíder,Brinda buena atención,Entrega sus productos a tiempo,26,0,2,24,"Bogotá, Bogotá D.C..",4,2
COL,MYTECHCO,https://perfil.mercadolibre.com.co/MYTECHCO,12,1,159,MercadoLíder Gold,Brinda buena atención,Entrega sus productos a tiempo,58,0,2,56,"Bogotá, Bogotá D.C..",4,2
COL,OSSA3358167,https://perfil.mercadolibre.com.co/OSSA3358167,1,1,347,NA,Brinda buena atención,Entrega sus productos a tiempo,77,6,1,70,"Bello, Antioquia.",4,2
COL,POSA4722849,https://perfil.mercadolibre.com.co/POSA4722849,3,1,361,NA,Brinda buena atención,Entrega sus productos a tiempo,193,4,3,186,"Cúcuta, Norte De Santander.",3,1
COL,AOLMOTO,https://perfil.mercadolibre.com.co/AOLMOTO,16,1,526,MercadoLíder Platinum,Brinda buena atención,Entrega sus productos a tiempo,120,0,3,117,"Fontibón, Bogotá D.C..",4,2
COL,EDINSONCARDENAS,https://perfil.mercadolibre.com.co/EDINSONCARDENAS,7,1,166,MercadoLíder,Brinda buena atención,Entrega sus productos a tiempo,35,0,0,35,"Melgar, Tolima.",4,2
COL,BOUTIQUE MOTOS,https://perfil.mercadolibre.com.co/BOUTIQUE+MOTOS,7,1,784,NA,Brinda buena atención,Entrega sus productos a tiempo,539,6,62,471,"Medellín, Antioquia.",5,1
COL,ROME1416,https://perfil.mercadolibre.com.co/ROME1416,5,1,167,NA,Brinda buena atención,Entrega sus productos a tiempo,41,1,0,40,"Cali, Valle Del Cauca.",4,2
COL,IMPORTKEYS,https://perfil.mercadolibre.com.co/IMPORTKEYS,13,1,468,MercadoLíder,Brinda buena atención,Entrega sus productos a tiempo,76,1,1,74,"Bogotá, Bogotá D.C..",4,2
COL,MOTOSTOREBOGOTA.COM,https://perfil.mercadolibre.com.co/MOTOSTOREBOGOTA.COM,2,1,3456,MercadoLíder Platinum,Brinda buena atención,Entrega sus productos a tiempo,827,4,13,810,"Bogotá, Bogotá D.C..",4,2
COL,COMERGOTICA,https://perfil.mercadolibre.com.co/COMERGOTICA,3,1,966,MercadoLíder Platinum,Brinda buena atención,Entrega sus productos a tiempo,180,4,2,174,"Cali, Valle Del Cauca.",4,2
COL,SIABATO25,https://perfil.mercadolibre.com.co/SIABATO25,2,1,65,NA,Brinda buena atención,Entrega sus productos a tiempo,23,0,0,23,"Bogotá, Bogotá D.C..",4,2
COL,Yamaha Tienda oficial,https://perfil.mercadolibre.com.co/YAMAHA-COLOMBIA?brandId=262,2,1,780,MercadoLíder Platinum,Brinda buena atención,Entrega sus productos a tiempo,195,0,11,184,"Girardota, Antioquia.",4,2
COL,LARECOMPRA.COM,https://perfil.mercadolibre.com.co/LARECOMPRA.COM,1,1,1372,MercadoLíder Platinum,Brinda buena atención,Entrega sus productos a tiempo,272,10,7,255,"Bogotá, Bogotá D.C..",4,2
COL,WAGNERPARTS,https://perfil.mercadolibre.com.co/WAGNERPARTS,13,1,186,MercadoLíder,Brinda buena atención,Entrega sus productos a tiempo,49,2,2,45,"Cali, Valle Del Cauca.",4,2
COL,CASCOLOCO.COM,https://perfil.mercadolibre.com.co/CASCOLOCO.COM,1,1,349,MercadoLíder Gold,Brinda buena atención,Entrega sus productos a tiempo,89,2,1,86,"Martires, Bogotá D.C..",4,2
COL,AFMPUNTO2,https://perfil.mercadolibre.com.co/AFMPUNTO2,2,1,706,NA,Brinda buena atención,Entrega sus productos con demora,182,4,9,169,"Bogotá, Bogotá D.C..",4,2
COL,PROTSEG.CO,https://perfil.mercadolibre.com.co/PROTSEG.CO,11,1,155,MercadoLíder,Brinda buena atención,Entrega sus productos a tiempo,32,0,2,30,"Barrios Unidos, Bogotá D.C..",4,2
COL,NOLBERTOMESINO,https://perfil.mercadolibre.com.co/NOLBERTOMESINO,2,1,151,NA,Brinda buena atención,Entrega sus productos a tiempo,75,0,2,73,"Barranquilla, Atlantico.",2,1
COL,LINAMOR1,https://perfil.mercadolibre.com.co/LINAMOR1,6,1,120,NA,Brinda buena atención,Entrega sus productos a tiempo,22,0,0,22,"Medellín, Antioquia.",4,2
COL,YELRRA,https://perfil.mercadolibre.com.co/YELRRA,11,1,161,NA,Brinda buena atención,Entrega sus productos a tiempo,63,0,0,63,"Bogotá, Bogotá D.C..",5,1
COL,DOTACIONESLABORALES,https://perfil.mercadolibre.com.co/DOTACIONESLABORALES,11,1,118,MercadoLíder,Brinda buena atención,Entrega sus productos a tiempo,27,0,0,27,"Medellín, Antioquia.",4,2
COL,JHEIS07,https://perfil.mercadolibre.com.co/JHEIS07,11,1,18,NA,Brinda buena atención,Entrega sus productos a tiempo,11,0,0,11,"Valledupar, Cesar.",5,1
COL,PUNTOMOTERO,https://perfil.mercadolibre.com.co/PUNTOMOTERO,6,1,143,MercadoLíder,Brinda buena atención,Entrega sus productos a tiempo,33,0,1,32,"Medellín, Antioquia.",4,2
COL,CAMILOANDRESPEAURREA,https://perfil.mercadolibre.com.co/CAMILOANDRESPEAURREA,6,1,77,MercadoLíder,Brinda buena atención,Entrega sus productos a tiempo,15,0,0,15,"Barrios Unidos, Bogotá D.C..",4,2
COL,LUXORHELMETS,https://perfil.mercadolibre.com.co/LUXORHELMETS,2,1,7,NA,Brinda buena atención,Entrega sus productos a tiempo,0,0,0,0,"Barrios Unidos, Bogotá D.C..",2,1
COL,SITIOVENTAS.COM,https://perfil.mercadolibre.com.co/SITIOVENTAS.COM,4,1,694,MercadoLíder Gold,Brinda buena atención,Entrega sus productos a tiempo,109,0,0,109,"Medellín, Antioquia.",4,2
COL,FADA492667,https://perfil.mercadolibre.com.co/FADA492667,3,2,17,NA,Brinda buena atención,Entrega sus productos a tiempo,7,0,0,7,"Bogotá, Bogotá D.C..",3,2
COL,CRAR3117694,https://perfil.mercadolibre.com.co/CRAR3117694,2,1,152,NA,Brinda buena atención,Entrega sus productos a tiempo,24,0,0,24,"Bogotá, Bogotá D.C..",4,2
COL,ICT-4-YOU,https://perfil.mercadolibre.com.co/ICT-4-YOU,7,1,104,MercadoLíder,Brinda buena atención,Entrega sus productos a tiempo,38,0,0,38,"Bogotá, Bogotá D.C..",4,2
COL,AND_GT2005,https://perfil.mercadolibre.com.co/AND_GT2005,13,1,35,NA,Brinda buena atención,Entrega sus productos con demora,13,0,0,13,"Yopal, Casanare.",5,1
COL,EASYRIDER COLOMBIA,https://perfil.mercadolibre.com.co/EASYRIDER+COLOMBIA,14,1,990,NA,Brinda buena atención,Entrega sus productos a tiempo,630,0,11,619,"Popayán, Cauca.",5,1
COL,PORTALVENTAS 2014,https://perfil.mercadolibre.com.co/PORTALVENTAS+2014,5,1,219,NA,Tuvo problemas en sus ventas,Entrega sus productos a tiempo,49,6,3,40,"Medellín, Antioquia.",4,2
COL,SHOPPRA,https://perfil.mercadolibre.com.co/SHOPPRA,2,1,1165,MercadoLíder Platinum,Brinda buena atención,Entrega sus productos a tiempo,551,11,13,527,"Medellín, Antioquia.",4,2
COL,MOTOACCESORIOSGPGP,https://perfil.mercadolibre.com.co/MOTOACCESORIOSGPGP,2,1,391,MercadoLíder Gold,Brinda buena atención,Entrega sus productos a tiempo,82,2,1,79,"Cali, Valle Del Cauca.",4,2
COL,HERRAMIENTAS_TECNOLOGIA_CALI,https://perfil.mercadolibre.com.co/HERRAMIENTAS_TECNOLOGIA_CALI,10,2,2503,MercadoLíder Platinum,Brinda buena atención,Entrega sus productos a tiempo,378,25,23,330,"Cali, Valle Del Cauca.",4,2
COL,ORTEGAADRIANA40,https://perfil.mercadolibre.com.co/ORTEGAADRIANA40,6,1,14,NA,Brinda buena atención,Entrega sus productos a tiempo,6,0,0,6,"Bogotá, Bogotá D.C..",5,1
COL,AKARGO COLOMBIA,https://perfil.mercadolibre.com.co/AKARGO+COLOMBIA,6,1,3495,MercadoLíder Platinum,Brinda buena atención,Entrega sus productos a tiempo,2025,37,68,1920,"Bogotá, Bogotá D.C..",4,2
COL,FACTORYHORSE,https://perfil.mercadolibre.com.co/FACTORYHORSE,8,1,420,NA,Brinda buena atención,Entrega sus productos a tiempo,310,3,9,298,"Bogotá, Bogotá D.C..",5,1
COL,TECNICOM-MEDELLIN,https://perfil.mercadolibre.com.co/TECNICOM-MEDELLIN,16,1,68,MercadoLíder,Brinda buena atención,Entrega sus productos a tiempo,29,1,0,28,"Medellín, Antioquia.",4,2
COL,RIDECLUBSHOP,https://perfil.mercadolibre.com.co/RIDECLUBSHOP,8,1,108,NA,Brinda buena atención,Entrega sus productos a tiempo,22,0,2,20,"La Ceja, Antioquia.",4,2
COL,MOTOCUSTOM2015,https://perfil.mercadolibre.com.co/MOTOCUSTOM2015,4,1,643,NA,Brinda buena atención,Entrega sus productos a tiempo,508,6,14,488,"Chía, Cundinamarca.",4,1
COL,HEILYNCONTRERAS,https://perfil.mercadolibre.com.co/HEILYNCONTRERAS,8,1,25,NA,Brinda buena atención,Entrega sus productos a tiempo,16,1,0,15,"Bogotá, Bogotá D.C..",5,1
COL,ANDOORESU,https://perfil.mercadolibre.com.co/ANDOORESU,8,1,272,NA,Brinda buena atención,Entrega sus productos a tiempo,113,2,4,107,"Barranquilla, Atlantico.",5,1
COL,ALIANZA MUSICAL,https://perfil.mercadolibre.com.co/ALIANZA+MUSICAL,14,1,738,MercadoLíder Gold,Brinda buena atención,Entrega sus productos a tiempo,128,0,1,127,"Socorro, Santander.",4,2
COL,LCGALAN,https://perfil.mercadolibre.com.co/LCGALAN,7,1,71,NA,Tuvo problemas en sus ventas,Entrega sus productos con demora,25,1,0,24,"Puente Aranda, Bogotá D.C..",5,1
COL,DOTALOPAMEDELLIN,https://perfil.mercadolibre.com.co/DOTALOPAMEDELLIN,7,1,838,NA,Brinda buena atención,Entrega sus productos a tiempo,471,2,15,454,"Medellín, Antioquia.",5,1
COL,BETA_STORE,https://perfil.mercadolibre.com.co/BETA_STORE,1,1,52,NA,Brinda buena atención,Entrega sus productos a tiempo,12,0,0,12,"Bogotá, Bogotá D.C..",1,1
COL,BICICLETASRUBIANO.COM.CO,https://perfil.mercadolibre.com.co/BICICLETASRUBIANO.COM.CO,6,1,350,MercadoLíder,Brinda buena atención,Entrega sus productos a tiempo,126,3,3,120,"Fontibón, Bogotá D.C..",4,2
COL,GUZMANYULE,https://perfil.mercadolibre.com.co/GUZMANYULE,2,1,12,NA,Brinda buena atención,Entrega sus productos a tiempo,2,0,0,2,"Bogotá, Bogotá D.C..",2,1
COL,NERGAL38,https://perfil.mercadolibre.com.co/NERGAL38,10,1,197,MercadoLíder,Brinda buena atención,Entrega sus productos a tiempo,39,1,0,38,"Suba, Bogotá D.C..",4,2
COL,HECTORDARIOGRISALESLOPEZ,https://perfil.mercadolibre.com.co/HECTORDARIOGRISALESLOPEZ,1,1,51,NA,Brinda buena atención,Entrega sus productos a tiempo,14,1,1,12,"Medellín, Antioquia.",1,1
COL,DALI STORE_COLOMBIA,https://perfil.mercadolibre.com.co/DALI+STORE_COLOMBIA,2,1,473,MercadoLíder Gold,Brinda buena atención,Entrega sus productos a tiempo,96,0,0,96,"Bogotá, Bogotá D.C..",4,2
COL,LOAN2795672,https://perfil.mercadolibre.com.co/LOAN2795672,1,1,16,NA,Brinda buena atención,Entrega sus productos a tiempo,5,1,0,4,"El Carmen de Viboral, Antioquia.",1,1
COL,VESE5109348,https://perfil.mercadolibre.com.co/VESE5109348,9,2,354,MercadoLíder,Brinda buena atención,Entrega sus productos a tiempo,64,0,0,64,"Bogotá, Bogotá D.C..",4,2
COL,FOXCOL TIENDA,https://perfil.mercadolibre.com.co/FOXCOL+TIENDA,3,2,165,NA,Brinda buena atención,Entrega sus productos a tiempo,19,1,0,18,"Los Patios, Norte De Santander.",3,2
COL,MERCADO_DIGITAL_COLOMBIA,https://perfil.mercadolibre.com.co/MERCADO_DIGITAL_COLOMBIA,5,1,119,NA,Brinda buena atención,Entrega sus productos a tiempo,29,0,1,28,"Cali, Valle Del Cauca.",4,2
COL,JOTAJOTA-JJ,https://perfil.mercadolibre.com.co/JOTAJOTA-JJ,8,1,38,NA,Brinda buena atención,Entrega sus productos a tiempo,11,0,0,11,"Quinchía, Risaralda.",5,1
COL,LACLETERIAPUNTOCOM,https://perfil.mercadolibre.com.co/LACLETERIAPUNTOCOM,2,1,62,NA,Brinda buena atención,Entrega sus productos a tiempo,46,0,0,46,"Envigado, Antioquia.",2,1
COL,OSCARANDRSESPEJOHOYOS,https://perfil.mercadolibre.com.co/OSCARANDRSESPEJOHOYOS,3,1,25,NA,Brinda buena atención,Entrega sus productos a tiempo,20,1,0,19,"Bogotá, Bogotá D.C..",3,1
COL,MARLONBRANZ01,https://perfil.mercadolibre.com.co/MARLONBRANZ01,13,1,6,NA,Brinda buena atención,Entrega sus productos a tiempo,3,0,1,2,"Girón, Santander.",5,1
COL,TIENDA MALU,https://perfil.mercadolibre.com.co/TIENDA+MALU,7,1,1230,MercadoLíder Platinum,Brinda buena atención,Entrega sus productos a tiempo,473,2,17,454,"Bogotá, Bogotá D.C..",4,2
COL,XBIKES CO,https://perfil.mercadolibre.com.co/XBIKES+CO,3,1,300,NA,Brinda buena atención,Entrega sus productos a tiempo,167,0,1,166,"Medellín, Antioquia.",3,1
COL,MASFRESALIMON,https://perfil.mercadolibre.com.co/MASFRESALIMON,3,1,87,MercadoLíder,Brinda buena atención,Entrega sus productos a tiempo,17,0,0,17,"La Estrella, Antioquia.",4,2
COL,YOUR.MARKET,https://perfil.mercadolibre.com.co/YOUR.MARKET,2,1,493,NA,Brinda buena atención,Entrega sus productos a tiempo,91,11,7,73,"Bogotá, Bogotá D.C..",4,2
COL,JOSEANTONIOMOCLETON,https://perfil.mercadolibre.com.co/JOSEANTONIOMOCLETON,1,1,4755,NA,Brinda buena atención,Entrega sus productos a tiempo,858,29,19,810,"Bogotá, Bogotá D.C..",4,2
COL,E-TAG,https://perfil.mercadolibre.com.co/E-TAG,9,1,480,MercadoLíder Platinum,Brinda buena atención,Entrega sus productos a tiempo,124,0,2,122,"Medellín, Antioquia.",4,2
COL,SUNTEKSTORECO,https://perfil.mercadolibre.com.co/SUNTEKSTORECO,1,1,1870,NA,Brinda buena atención,Entrega sus productos a tiempo,319,8,10,301,China.,4,2
MEX,LOWEN GRUPO,https://perfil.mercadolibre.com.mx/LOWEN+GRUPO,3,1,1701,MercadoLíder Platinum,Brinda buena atención,Entrega sus productos a tiempo,230,4,8,218,"León, Guanajuato.",4,2
MEX,MOTOCITY STORE,https://perfil.mercadolibre.com.mx/MOTOCITY+STORE,11,1,2473,MercadoLíder Platinum,Brinda buena atención,Entrega sus productos a tiempo,308,9,7,292,"León, Guanajuato.",4,2
MEX,INNOVANDO_OFERTAS,https://perfil.mercadolibre.com.mx/INNOVANDO_OFERTAS,5,1,3205,MercadoLíder Platinum,Brinda buena atención,Entrega sus productos a tiempo,313,30,14,269,"Tlalnepantla de Baz, Estado De México.",4,2
MEX,MEXMART_ML,https://perfil.mercadolibre.com.mx/MEXMART_ML,14,1,3084,MercadoLíder Platinum,Brinda buena atención,Entrega sus productos a tiempo,252,5,10,237,"Nezahualcoyotl, Estado De México.",4,2
MEX,NINJAMOTOSHOP,https://perfil.mercadolibre.com.mx/NINJAMOTOSHOP,3,1,551,MercadoLíder Platinum,Brinda buena atención,Entrega sus productos a tiempo,84,1,3,80,"Cuauhtémoc, Distrito Federal.",4,2
MEX,ACCESORIOSEXCLUSIVOSMX,https://perfil.mercadolibre.com.mx/ACCESORIOSEXCLUSIVOSMX,6,1,3906,MercadoLíder Platinum,Brinda buena atención,Entrega sus productos a tiempo,470,33,18,419,"Cuauhtémoc, Distrito Federal.",4,2
MEX,JSMANSHOP,https://perfil.mercadolibre.com.mx/JSMANSHOP,5,2,4189,NA,Brinda buena atención,Entrega sus productos a tiempo,468,36,19,413,"Cuauhtémoc, Distrito Federal.",4,2
MEX,GUERREROBIKER,https://perfil.mercadolibre.com.mx/GUERREROBIKER,14,1,1174,MercadoLíder Platinum,Brinda buena atención,Entrega sus productos a tiempo,170,1,2,167,"Tlalnepantla, Estado De México.",4,2
MEX,SKULLGUARD_MOTO,https://perfil.mercadolibre.com.mx/SKULLGUARD_MOTO,11,1,595,MercadoLíder Platinum,Brinda buena atención,Entrega sus productos a tiempo,87,0,1,86,"Tlalnepantla de Baz, Estado De México.",4,2
MEX,RIDERONE1,https://perfil.mercadolibre.com.mx/RIDERONE1,3,1,1343,MercadoLíder Platinum,Brinda buena atención,Entrega sus productos a tiempo,261,5,2,254,"Miguel Hidalgo, Distrito Federal.",4,2
MEX,BAJAJ POLANCO,https://perfil.mercadolibre.com.mx/BAJAJ+POLANCO,5,2,60,NA,Tuvo problemas en sus ventas,Entrega sus productos con demora,9,0,0,9,"Miguel Hidalgo, Distrito Federal.",4,2
MEX,VALERIARIOU,https://perfil.mercadolibre.com.mx/VALERIARIOU,2,1,8321,MercadoLíder Platinum,Brinda buena atención,Entrega sus productos a tiempo,842,37,20,785,"Nezahualcoyotl, Estado De México.",4,2
MEX,SHOP IGARTUA,https://perfil.mercadolibre.com.mx/SHOP+IGARTUA,1,1,1312,MercadoLíder Platinum,Brinda buena atención,Entrega sus productos a tiempo,181,6,6,169,"Guadalajara, Jalisco.",4,2
MEX,JK MOTORS,https://perfil.mercadolibre.com.mx/JK+MOTORS,4,1,2088,MercadoLíder Platinum,Brinda buena atención,Entrega sus productos a tiempo,284,7,6,271,"San Matías Tlalancaleca, Puebla.",4,2
MEX,SESUCONSA.COM,https://perfil.mercadolibre.com.mx/SESUCONSA.COM,4,1,1433,MercadoLíder Platinum,Brinda buena atención,Entrega sus productos a tiempo,190,5,3,182,"Tlaquepaque, Jalisco.",4,2
MEX,REMATESCENTRO,https://perfil.mercadolibre.com.mx/REMATESCENTRO,14,1,2309,MercadoLíder Platinum,Brinda buena atención,Entrega sus productos a tiempo,209,8,7,194,"Gustavo A. Madero, Distrito Federal.",4,2
MEX,GRUPO AEP,https://perfil.mercadolibre.com.mx/GRUPO+AEP,9,1,514,MercadoLíder Platinum,Brinda buena atención,Entrega sus productos a tiempo,64,0,1,63,"Iztacalco, Distrito Federal.",4,2
MEX,MSREFACCIONES,https://perfil.mercadolibre.com.mx/MSREFACCIONES,1,1,1694,MercadoLíder Platinum,Brinda buena atención,Entrega sus productos a tiempo,162,7,2,153,"Nezahualcoyotl, Estado De México.",4,2
MEX,SELLATODO,https://perfil.mercadolibre.com.mx/SELLATODO,8,1,4553,MercadoLíder Platinum,Brinda buena atención,Entrega sus productos a tiempo,383,24,12,347,"Tlalpan, Distrito Federal.",4,2
MEX,ARTICULOSDEPORITVOSRT,https://perfil.mercadolibre.com.mx/ARTICULOSDEPORITVOSRT,2,1,1022,NA,Brinda buena atención,Entrega sus productos a tiempo,129,3,6,120,"Nezahualcoyotl, Estado De México.",4,2
MEX,ZAMUDIO8AA,https://perfil.mercadolibre.com.mx/ZAMUDIO8AA,10,1,716,MercadoLíder Platinum,Brinda buena atención,Entrega sus productos a tiempo,91,2,0,89,"Coyoacán, Distrito Federal.",4,2
MEX,MOTO-HELMETS,https://perfil.mercadolibre.com.mx/MOTO-HELMETS,10,1,2223,MercadoLíder Platinum,Brinda buena atención,Entrega sus productos a tiempo,397,6,5,386,"Zapopan, Jalisco.",4,2
MEX,SIGMA,https://perfil.mercadolibre.com.mx/SIGMA,19,1,897,MercadoLíder Platinum,Brinda buena atención,Entrega sus productos a tiempo,135,0,0,135,"León, Guanajuato.",4,2
MEX,ESNAKIZAR_GUADALAJARA,https://perfil.mercadolibre.com.mx/ESNAKIZAR_GUADALAJARA,10,2,297,MercadoLíder Gold,Brinda buena atención,Entrega sus productos a tiempo,46,0,0,46,"Tlajomulco De Zúñiga, Jalisco.",4,2
MEX,ONeal Tienda oficial,https://perfil.mercadolibre.com.mx/OFICIAL+STORE?brandId=375,4,1,606,MercadoLíder Platinum,Brinda buena atención,Entrega sus productos a tiempo,81,1,4,76,"León, Guanajuato.",4,2
MEX,ESNAKIZAR,https://perfil.mercadolibre.com.mx/ESNAKIZAR,3,1,488,MercadoLíder Platinum,Brinda buena atención,Entrega sus productos a tiempo,87,0,0,87,"San Luis Potosí, San Luis Potosí.",4,2
MEX,XTREME-RACING-PARTS,https://perfil.mercadolibre.com.mx/XTREME-RACING-PARTS,4,1,1091,NA,Brinda buena atención,Entrega sus productos a tiempo,169,5,5,159,"Jiutepec, Morelos.",4,2
MEX,MOTO HOUSE,https://perfil.mercadolibre.com.mx/MOTO+HOUSE,15,1,452,MercadoLíder Gold,Brinda buena atención,Entrega sus productos a tiempo,109,2,1,106,"Naucalpan, Estado De México.",4,2
MEX,ASTRO BIKER,https://perfil.mercadolibre.com.mx/ASTRO+BIKER,2,1,310,MercadoLíder Platinum,Brinda buena atención,Entrega sus productos a tiempo,57,2,1,54,"Iztapalapa, Distrito Federal.",4,2
MEX,LAMOTO52,https://perfil.mercadolibre.com.mx/LAMOTO52,11,2,2857,MercadoLíder Platinum,Brinda buena atención,Entrega sus productos a tiempo,371,3,7,361,"Guadalajara, Jalisco.",4,2
MEX,OVERNIGHT ACCESORIOS,https://perfil.mercadolibre.com.mx/OVERNIGHT+ACCESORIOS,4,1,1998,MercadoLíder Platinum,Brinda buena atención,Entrega sus productos a tiempo,185,6,7,172,"Atizapán De Zaragoza, Estado De México.",4,2
MEX,ONSALEMEX,https://perfil.mercadolibre.com.mx/ONSALEMEX,6,1,754,MercadoLíder Platinum,Brinda buena atención,Entrega sus productos a tiempo,74,1,0,73,"Tlalnepantla, Estado De México.",4,2
MEX,PABLOALONSO123,https://perfil.mercadolibre.com.mx/PABLOALONSO123,7,1,1857,NA,Brinda buena atención,Entrega sus productos a tiempo,203,5,6,192,"Alvaro Obregón, Distrito Federal.",4,2
MEX,VERDEMILITAR,https://perfil.mercadolibre.com.mx/VERDEMILITAR,5,1,2987,MercadoLíder Platinum,Brinda buena atención,Entrega sus productos a tiempo,289,3,3,283,"Tlalpan, Distrito Federal.",4,2
MEX,MS HELMETS,https://perfil.mercadolibre.com.mx/MS+HELMETS,9,2,348,MercadoLíder,Brinda buena atención,Entrega sus productos a tiempo,33,0,3,30,"Nezahualcoyotl, Estado De México.",4,2
MEX,SACHSOLUTIONS,https://perfil.mercadolibre.com.mx/SACHSOLUTIONS,1,1,680,NA,Brinda buena atención,Entrega sus productos a tiempo,61,6,5,50,"Tlalnepantla de Baz, Estado De México.",4,2
MEX,BURO-BUY,https://perfil.mercadolibre.com.mx/BURO-BUY,2,1,3612,MercadoLíder Platinum,Brinda buena atención,Entrega sus productos a tiempo,433,10,10,413,"Monterrey, Nuevo León.",4,2
MEX,MOTOMOPED,https://perfil.mercadolibre.com.mx/MOTOMOPED,9,1,1988,MercadoLíder Platinum,Brinda buena atención,Entrega sus productos a tiempo,274,3,6,265,"Guadalajara, Jalisco.",4,2
MEX,F.O VAZQUEZ,https://perfil.mercadolibre.com.mx/F.O+VAZQUEZ,7,1,805,NA,Brinda buena atención,Entrega sus productos a tiempo,94,4,4,86,"Benito Juárez, Distrito Federal.",4,2
MEX,WII-U,https://perfil.mercadolibre.com.mx/WII-U,5,1,3413,MercadoLíder Platinum,Brinda buena atención,Entrega sus productos a tiempo,384,2,1,381,"Gustavo A. Madero, Distrito Federal.",4,2
MEX,VAZQUEZ F.O.,https://perfil.mercadolibre.com.mx/VAZQUEZ+F.O.,2,1,258,NA,Brinda buena atención,Entrega sus productos a tiempo,28,0,0,28,"Benito Juárez, Distrito Federal.",4,2
MEX,MOTO ACCION,https://perfil.mercadolibre.com.mx/MOTO+ACCION,4,1,939,MercadoLíder Platinum,Brinda buena atención,Entrega sus productos a tiempo,157,3,2,152,"San Luis Potosí, San Luis Potosí.",4,2
MEX,COMA1712137,https://perfil.mercadolibre.com.mx/COMA1712137,3,1,2301,NA,Brinda buena atención,Entrega sus productos a tiempo,271,14,9,248,"Miguel Hidalgo, Distrito Federal.",4,2
MEX,MAFE3726166,https://perfil.mercadolibre.com.mx/MAFE3726166,4,1,155,MercadoLíder,Brinda buena atención,Entrega sus productos a tiempo,26,0,1,25,"Querétaro, Querétaro.",4,2
MEX,MOTO RIDE,https://perfil.mercadolibre.com.mx/MOTO+RIDE,8,1,1195,MercadoLíder Gold,Brinda buena atención,Entrega sus productos a tiempo,143,4,4,135,"Iztapalapa, Distrito Federal.",4,2
MEX,POMISSHOP,https://perfil.mercadolibre.com.mx/POMISSHOP,8,1,821,MercadoLíder Platinum,Brinda buena atención,Entrega sus productos a tiempo,132,2,2,128,"Iztapalapa, Distrito Federal.",4,2
MEX,ENDORCOMIC,https://perfil.mercadolibre.com.mx/ENDORCOMIC,13,1,711,NA,Brinda buena atención,Entrega sus productos a tiempo,79,5,5,69,"Azcapotzalco, Distrito Federal.",4,2
MEX,BIKERTECHLAGOS,https://perfil.mercadolibre.com.mx/BIKERTECHLAGOS,8,1,129,NA,Brinda buena atención,Entrega sus productos a tiempo,48,0,1,47,"Lagos De Moreno, Jalisco.",5,1
MEX,Bike Bar Tienda oficial,https://perfil.mercadolibre.com.mx/THEBIKEBAR?brandId=837,5,1,5491,MercadoLíder Platinum,Brinda buena atención,Entrega sus productos a tiempo,759,41,39,679,"Mérida, Yucatán.",4,2
MEX,Scorpion Exo Tienda oficial,https://perfil.mercadolibre.com.mx/OFICIAL+STORE?brandId=1722,4,1,606,MercadoLíder Platinum,Brinda buena atención,Entrega sus productos a tiempo,81,1,4,76,"León, Guanajuato.",4,2
MEX,DANIYCAR ONLINE,https://perfil.mercadolibre.com.mx/DANIYCAR+ONLINE,10,1,211,MercadoLíder Gold,Brinda buena atención,Entrega sus productos a tiempo,32,0,1,31,"Gustavo A. Madero, Distrito Federal.",4,2
MEX,SURDDOLOPEZ,https://perfil.mercadolibre.com.mx/SURDDOLOPEZ,5,1,56,NA,Brinda buena atención,Entrega sus productos a tiempo,15,0,0,15,"Coyoacán, Distrito Federal.",4,2
MEX,SCOOTER REVOLUTION,https://perfil.mercadolibre.com.mx/SCOOTER+REVOLUTION,7,1,1615,NA,Brinda buena atención,Entrega sus productos a tiempo,191,9,8,174,"Atizapán De Zaragoza, Estado De México.",4,2
MEX,MSRYA,https://perfil.mercadolibre.com.mx/MSRYA,9,2,499,MercadoLíder Gold,Brinda buena atención,Entrega sus productos a tiempo,58,5,4,49,"Nezahualcoyotl, Estado De México.",4,2
MEX,BEEPMOTO,https://perfil.mercadolibre.com.mx/BEEPMOTO,4,1,290,NA,Brinda buena atención,Entrega sus productos a tiempo,38,4,1,33,"Iztacalco, Distrito Federal.",4,2
MEX,TONYMOTTONY,https://perfil.mercadolibre.com.mx/TONYMOTTONY,5,1,1771,MercadoLíder Platinum,Brinda buena atención,Entrega sus productos a tiempo,241,7,4,230,"Benito Juárez, Distrito Federal.",4,2
MEX,COMMERCIAL STUFF,https://perfil.mercadolibre.com.mx/COMMERCIAL+STUFF,8,1,1326,MercadoLíder Platinum,Brinda buena atención,Entrega sus productos a tiempo,168,2,3,163,"Zapopan, Jalisco.",4,2
MEX,WONDERBIKES,https://perfil.mercadolibre.com.mx/WONDERBIKES,10,2,128,MercadoLíder Gold,Brinda buena atención,Entrega sus productos a tiempo,13,0,0,13,"Aguascalientes, Aguascalientes.",4,2
MEX,LAS_MEJORESVENTAS,https://perfil.mercadolibre.com.mx/LAS_MEJORESVENTAS,8,1,791,NA,Brinda buena atención,Entrega sus productos a tiempo,81,8,2,71,"Tlalnepantla, Estado De México.",4,2
MEX,MOTOSAPIENS SHOP,https://perfil.mercadolibre.com.mx/MOTOSAPIENS+SHOP,11,1,184,MercadoLíder,Brinda buena atención,Entrega sus productos a tiempo,22,0,0,22,"Xochimilco, Distrito Federal.",4,2
MEX,MOTOCLICK MX,https://perfil.mercadolibre.com.mx/MOTOCLICK+MX,10,2,631,MercadoLíder Gold,Brinda buena atención,Entrega sus productos a tiempo,59,0,1,58,"Cuauhtémoc, Distrito Federal.",4,2
MEX,LAS KALAVERAS,https://perfil.mercadolibre.com.mx/LAS+KALAVERAS,7,1,828,MercadoLíder Platinum,Brinda buena atención,Entrega sus productos a tiempo,88,3,1,84,"Guadalajara, Jalisco.",4,2
MEX,JESUSABRAHAMRUIZJIMENEZ,https://perfil.mercadolibre.com.mx/JESUSABRAHAMRUIZJIMENEZ,6,1,81,MercadoLíder,Brinda buena atención,Entrega sus productos a tiempo,12,0,0,12,"Acapulco, Guerrero.",4,2
MEX,MOTODO.DE.JUAREZ,https://perfil.mercadolibre.com.mx/MOTODO.DE.JUAREZ,5,1,119,NA,Brinda buena atención,Entrega sus productos con demora,35,0,0,35,"Juárez, Chihuahua.",4,2
MEX,JIVS MOTOSTORE,https://perfil.mercadolibre.com.mx/JIVS+MOTOSTORE,10,1,197,MercadoLíder Gold,Brinda buena atención,Entrega sus productos a tiempo,46,1,0,45,"Gustavo A. Madero, Distrito Federal.",4,2
MEX,Protork Tienda oficial,https://perfil.mercadolibre.com.mx/EG2137361?brandId=1731,10,2,999,MercadoLíder Platinum,Brinda buena atención,Entrega sus productos a tiempo,120,0,3,117,"Veracruz, Veracruz.",4,2
MEX,Immortale Tienda oficial,https://perfil.mercadolibre.com.mx/OFICIAL+STORE?brandId=1633,4,1,606,MercadoLíder Platinum,Brinda buena atención,Entrega sus productos a tiempo,81,1,4,76,"León, Guanajuato.",4,2
MEX,HRO Tienda oficial,https://perfil.mercadolibre.com.mx/OFICIAL+STORE?brandId=1623,4,1,606,MercadoLíder Platinum,Brinda buena atención,Entrega sus productos a tiempo,81,1,4,76,"León, Guanajuato.",4,2
MEX,OFFROAD.ZONE,https://perfil.mercadolibre.com.mx/OFFROAD.ZONE,2,1,436,NA,Brinda buena atención,Entrega sus productos a tiempo,133,1,2,130,"Nuevo Laredo, Tamaulipas.",2,1
MEX,RAFR509566,https://perfil.mercadolibre.com.mx/RAFR509566,4,1,216,NA,Brinda buena atención,Entrega sus productos a tiempo,39,1,0,38,"San Luis Potosí, San Luis Potosí.",4,2
MEX,CHG ACCESORIOS,https://perfil.mercadolibre.com.mx/CHG+ACCESORIOS,2,1,192,MercadoLíder Gold,Brinda buena atención,Entrega sus productos a tiempo,58,1,0,57,"Guadalupe, Nuevo León.",4,2
MEX,EVARUIZCRUZ,https://perfil.mercadolibre.com.mx/EVARUIZCRUZ,5,2,12,NA,Brinda buena atención,Entrega sus productos con demora,2,0,0,2,"Tlalpan, Distrito Federal.",5,2
MEX,MOTOREFAC,https://perfil.mercadolibre.com.mx/MOTOREFAC,9,1,60,NA,Brinda buena atención,Entrega sus productos a tiempo,11,0,0,11,"Zitacuaro, Michoacán.",5,1
MEX,CIMAALEGRIAMX,https://perfil.mercadolibre.com.mx/CIMAALEGRIAMX,1,1,11390,NA,Brinda buena atención,Entrega sus productos a tiempo,1942,107,143,1692,China.,4,2
MEX,MOTOBOUTIQUEBIKE.COM,https://perfil.mercadolibre.com.mx/MOTOBOUTIQUEBIKE.COM,12,1,314,MercadoLíder Gold,Brinda buena atención,Entrega sus productos a tiempo,58,1,0,57,"Morelia, Michoacán.",4,2
MEX,MOTO_TY_BIKER_STORE,https://perfil.mercadolibre.com.mx/MOTO_TY_BIKER_STORE,6,1,246,NA,Tuvo problemas en sus ventas,Entrega sus productos con demora,43,3,2,38,"Alvaro Obregón, Distrito Federal.",4,2
MEX,MARDAMMX,https://perfil.mercadolibre.com.mx/MARDAMMX,6,1,373,MercadoLíder Platinum,Brinda buena atención,Entrega sus productos a tiempo,84,2,2,80,"Azcapotzalco, Distrito Federal.",4,2
MEX,CAER3742044,https://perfil.mercadolibre.com.mx/CAER3742044,2,1,59,NA,Brinda buena atención,Entrega sus productos a tiempo,7,1,1,5,"San Luis Potosí, San Luis Potosí.",4,2
MEX,BROTHERHOOD BIKERSTORE,https://perfil.mercadolibre.com.mx/BROTHERHOOD+BIKERSTORE,5,1,327,MercadoLíder,Brinda buena atención,Entrega sus productos a tiempo,37,3,0,34,"Mérida, Yucatán.",4,2
MEX,COMODIDADES,https://perfil.mercadolibre.com.mx/COMODIDADES,13,1,2794,MercadoLíder Platinum,Brinda buena atención,Entrega sus productos a tiempo,198,8,9,181,"Cuautitlan Izcalli, Estado De México.",4,2
MEX,MOTOSHOP-X,https://perfil.mercadolibre.com.mx/MOTOSHOP-X,4,1,72,NA,Brinda buena atención,Entrega sus productos a tiempo,10,0,0,10,"Cuauhtémoc, Chihuahua.",4,2
MEX,MIMOTOBOUTIQUE,https://perfil.mercadolibre.com.mx/MIMOTOBOUTIQUE,6,1,128,MercadoLíder,Brinda buena atención,Entrega sus productos a tiempo,27,0,2,25,"Villa De Álvarez, Colima.",4,2
MEX,GOLDENDUCK,https://perfil.mercadolibre.com.mx/GOLDENDUCK,3,1,232,NA,Brinda buena atención,Entrega sus productos a tiempo,21,1,2,18,"Atlixco, Puebla.",4,2
PER,FUNDASYCOBERTORESPERU,http://perfil.mercadolibre.com.pe/FUNDASYCOBERTORESPERU,4,1,2601,MercadoLíder Gold,NA,NA,1218,12,43,1163,"Lima, Lima.",4,1
PER,MERCOMAX SAC,http://perfil.mercadolibre.com.pe/MERCOMAX+SAC,4,1,339,NA,NA,NA,161,1,9,151,"Lima, Lima.",4,1
PER,FULLMOTOSPERU,http://perfil.mercadolibre.com.pe/FULLMOTOSPERU,9,2,62,NA,NA,NA,44,1,2,41,"Lima, Lima.",9,2
PER,ESE QUIERO,http://perfil.mercadolibre.com.pe/ESE+QUIERO,4,1,2475,MercadoLíder,NA,NA,1160,22,123,1015,"Lima, Lima.",4,1
PER,TECH-COOL,http://perfil.mercadolibre.com.pe/TECH-COOL,10,2,58,NA,NA,NA,41,3,2,36,"Lima, Lima.",10,2
PER,ZOYUO,http://perfil.mercadolibre.com.pe/ZOYUO,9,1,3867,MercadoLíder Gold,NA,NA,1640,13,70,1557,"Lima, Lima.",9,1
PER,PKIMPORTS TIENDAVIRTUAL,http://perfil.mercadolibre.com.pe/PKIMPORTS+TIENDAVIRTUAL,2,1,418,MercadoLíder,NA,NA,194,6,46,142,"Lima, Lima.",2,1
PER,MOTORACINGPERU,http://perfil.mercadolibre.com.pe/MOTORACINGPERU,1,1,213,NA,NA,NA,114,0,3,111,"Lima, Lima.",1,1
PER,CADI.PE,http://perfil.mercadolibre.com.pe/CADI.PE,12,1,18239,MercadoLíder Gold,NA,NA,7745,4,210,7531,"Lima, Lima.",12,1
PER,PEGASOPERU1,http://perfil.mercadolibre.com.pe/PEGASOPERU1,NA,NA,NA,NA,NA,NA,243,18,47,178,"Lima, Lima.",NA,NA
PER,BUENASRUTASPERU1,http://perfil.mercadolibre.com.pe/BUENASRUTASPERU1,6,2,30,NA,NA,NA,24,1,0,23,"Lima, Lima.",6,2
PER,QUINTANILLAMARIA,http://perfil.mercadolibre.com.pe/QUINTANILLAMARIA,6,1,338,MercadoLíder,NA,NA,266,10,34,222,"Lima, Lima.",6,1
PER,PANDORASBOXX,http://perfil.mercadolibre.com.pe/PANDORASBOXX,3,1,94,NA,NA,NA,59,0,1,58,"Miraflores, Lima.",3,1
PER,PRODUCTOSRS,http://perfil.mercadolibre.com.pe/PRODUCTOSRS,5,1,322,NA,NA,NA,86,2,4,80,"Lima, Lima.",5,1
PER,THONY_C,http://perfil.mercadolibre.com.pe/THONY_C,NA,NA,NA,NA,NA,NA,45,4,4,37,"Lima, Lima.",NA,NA
PER,IMPORTACIONESMYJASOCIADOS,http://perfil.mercadolibre.com.pe/IMPORTACIONESMYJASOCIADOS,13,1,122,NA,NA,NA,75,0,6,69,"Lima, Lima.",13,1
PER,DIABLORACINGPARTS,http://perfil.mercadolibre.com.pe/DIABLORACINGPARTS,1,1,18,NA,NA,NA,16,0,0,16,"Lima, Lima.",1,1
PER,JOZJOZE,http://perfil.mercadolibre.com.pe/JOZJOZE,3,1,27,NA,NA,NA,11,0,2,9,"Callao, Callao.",3,1
PER,IMPORTGMR,http://perfil.mercadolibre.com.pe/IMPORTGMR,9,2,12,NA,NA,NA,14,1,2,11,"Lima, Lima.",9,2
PER,NEODEPORTE PERU,http://perfil.mercadolibre.com.pe/NEODEPORTE+PERU,3,1,1374,MercadoLíder Gold,NA,NA,1073,2,12,1059,"Lima, Lima.",3,1
PER,KECHVR.COM,http://perfil.mercadolibre.com.pe/KECHVR.COM,5,1,568,MercadoLíder Gold,NA,NA,307,2,7,298,"Lima, Lima.",5,1
PER,DAVIDDVDARROVALIVE.IT,http://perfil.mercadolibre.com.pe/DAVIDDVDARROVALIVE.IT,3,1,52,NA,NA,NA,30,0,1,29,"Lima, Lima.",3,1
PER,EGMA5771778,http://perfil.mercadolibre.com.pe/EGMA5771778,NA,NA,NA,NA,NA,NA,9,2,0,7,"Lima, Lima.",NA,NA
PER,KAISALAUTOMOTRIZ,http://perfil.mercadolibre.com.pe/KAISALAUTOMOTRIZ,1,1,23,NA,NA,NA,5,0,0,5,"Lima, Lima.",1,1
PER,9447CARD31041,http://perfil.mercadolibre.com.pe/9447CARD31041,5,1,13,NA,NA,NA,9,0,0,9,"Lima, Lima.",5,1
PER,CAJO5781133,http://perfil.mercadolibre.com.pe/CAJO5781133,NA,NA,NA,NA,NA,NA,1,0,0,1,"Lima, Lima.",NA,NA
PER,MERKADOPERU,http://perfil.mercadolibre.com.pe/MERKADOPERU,NA,NA,NA,NA,NA,NA,3330,12,732,2586,"Lima, Lima.",NA,NA
PER,VERONICAALCAZARNARVAEZ,http://perfil.mercadolibre.com.pe/VERONICAALCAZARNARVAEZ,NA,NA,NA,NA,NA,NA,8,1,1,6,"Lima, Lima.",NA,NA
PER,JONATHANJONATHAN76,http://perfil.mercadolibre.com.pe/JONATHANJONATHAN76,NA,NA,NA,NA,NA,NA,23,3,2,18,"Lima, Lima.",NA,NA
PER,*TRUJILLO.VENTAS*,http://perfil.mercadolibre.com.pe/*TRUJILLO.VENTAS*,8,1,609,NA,NA,NA,441,0,19,422,"Trujillo, La Libertad.",8,1
PER,IMPORTACIONES LAKSHMI,http://perfil.mercadolibre.com.pe/IMPORTACIONES+LAKSHMI,2,1,622,NA,NA,NA,334,14,38,282,"Lima, Lima.",2,1
PER,MOTOSHOCK ZONE,http://perfil.mercadolibre.com.pe/MOTOSHOCK+ZONE,6,1,135,NA,NA,NA,29,1,5,23,"Lima, Lima.",6,1
PER,DIABLORACING,http://perfil.mercadolibre.com.pe/DIABLORACING,3,1,179,NA,NA,NA,127,0,5,122,"Lima, Lima.",3,1
PER,PERUPROYECTOS,http://perfil.mercadolibre.com.pe/PERUPROYECTOS,5,1,250,NA,NA,NA,162,4,20,138,"Lima, Lima.",5,1
PER,ONEDEALER,http://perfil.mercadolibre.com.pe/ONEDEALER,8,1,51,NA,NA,NA,50,1,8,41,"Lima, Lima.",8,1
PER,SEMA617314,http://perfil.mercadolibre.com.pe/SEMA617314,NA,NA,NA,NA,NA,NA,35,1,3,31,"Lima, Lima.",NA,NA
PER,HERCRU_PERU,http://perfil.mercadolibre.com.pe/HERCRU_PERU,10,1,61,NA,NA,NA,34,0,3,31,"Lima, Lima.",10,1
PER,CAAN6094005,http://perfil.mercadolibre.com.pe/CAAN6094005,2,1,102,NA,NA,NA,60,1,3,56,"Lima, Lima.",2,1
PER,ADVANCEMOTO,http://perfil.mercadolibre.com.pe/ADVANCEMOTO,13,1,60,NA,NA,NA,37,0,6,31,"Lima, Lima.",13,1
PER,GANDHYND,http://perfil.mercadolibre.com.pe/GANDHYND,12,1,120,NA,NA,NA,68,1,17,50,"Trujillo, La Libertad.",12,1
URU,MOTOSHOPSRLMOTOSHOPSRL,http://perfil.mercadolibre.com.uy/MOTOSHOPSRLMOTOSHOPSRL,2,1,7105,MercadoLíder Gold,NA,NA,4458,2,58,4398,"Centro, Montevideo.",2,1
URU,RUBIBIKES,http://perfil.mercadolibre.com.uy/RUBIBIKES,12,1,2188,MercadoLíder Gold,NA,NA,1573,2,9,1562,"Buceo, Montevideo.",12,1
URU,MOTO_TORRE,http://perfil.mercadolibre.com.uy/MOTO_TORRE,10,1,3246,MercadoLíder Gold,NA,NA,3374,0,245,3129,"Aguada, Montevideo.",10,1
URU,GKMOTOS,http://perfil.mercadolibre.com.uy/GKMOTOS,10,1,266,MercadoLíder,NA,NA,214,2,8,204,"Cerro, Montevideo.",10,1
URU,ALLROADURUGUAY,http://perfil.mercadolibre.com.uy/ALLROADURUGUAY,5,1,705,MercadoLíder,NA,NA,459,2,13,444,"San José de Carrasco, Canelones.",5,1
URU,URURACER,http://perfil.mercadolibre.com.uy/URURACER,9,1,917,MercadoLíder,NA,NA,1170,9,203,958,"Cordón, Montevideo.",9,1
URU,CAFERACEUY,http://perfil.mercadolibre.com.uy/CAFERACEUY,6,1,650,MercadoLíder,NA,NA,466,1,31,434,"Malvin, Montevideo.",6,1
URU,AMERICANDREAM URUGUAY,http://perfil.mercadolibre.com.uy/AMERICANDREAM+URUGUAY,7,1,248,NA,NA,NA,134,2,0,132,"Carrasco, Montevideo.",7,1
URU,NANY MOTOS,http://perfil.mercadolibre.com.uy/NANY+MOTOS,6,1,113,NA,NA,NA,60,1,2,57,"La Teja, Montevideo.",6,1
URU,INTERNACIONALRACEIMPORT,http://perfil.mercadolibre.com.uy/INTERNACIONALRACEIMPORT,2,1,258,NA,NA,NA,187,2,3,182,"Rivera, Rivera.",2,1
URU,WINSTONG2010,http://perfil.mercadolibre.com.uy/WINSTONG2010,9,1,329,NA,NA,NA,199,1,1,197,"Melo, Cerro Largo.",9,1
URU,SEJO2377096,http://perfil.mercadolibre.com.uy/SEJO2377096,4,2,8,NA,NA,NA,7,0,0,7,"Centro, Montevideo.",4,2
URU,POCHOMOTOSPB,http://perfil.mercadolibre.com.uy/POCHOMOTOSPB,10,1,2567,MercadoLíder,NA,NA,1121,17,42,1062,"Piedras Blancas, Montevideo.",10,1
URU,MADEINCHINAUY0,http://perfil.mercadolibre.com.uy/MADEINCHINAUY0,6,1,18386,MercadoLíder,NA,NA,11771,128,474,11169,"Tres Cruces, Montevideo.",6,1
URU,NAHUELARAUJO10,http://perfil.mercadolibre.com.uy/NAHUELARAUJO10,5,1,825,NA,NA,NA,560,15,25,520,"Chuy, Rocha.",5,1
URU,VAIMACAMOTOS,http://perfil.mercadolibre.com.uy/VAIMACAMOTOS,6,1,1721,MercadoLíder Gold,NA,NA,893,10,20,863,"Otras, Montevideo.",6,1
URU,TRILPARK SA,http://perfil.mercadolibre.com.uy/TRILPARK+SA,2,1,215,NA,NA,NA,165,1,4,160,"Tres Cruces, Montevideo.",2,1
URU,FISHCOMPANY URUGUAY,http://perfil.mercadolibre.com.uy/FISHCOMPANY+URUGUAY,3,1,1725,MercadoLíder,NA,NA,1037,6,19,1012,"Brazo Oriental, Montevideo.",3,1
URU,Ebay Tienda oficial,http://perfil.mercadolibre.com.uy/HERMES_STORE?brandId=520,1,1,4947,MercadoLíder Platinum,NA,NA,2284,29,304,1951,"Cordón, Montevideo.",1,1
URU,ROUMAX DIRECTO,http://perfil.mercadolibre.com.uy/ROUMAX+DIRECTO,NA,NA,NA,NA,NA,NA,170,8,7,155,"Aguada, Montevideo.",NA,NA
URU,FAMAELECTRODOMESTICOS,http://perfil.mercadolibre.com.uy/FAMAELECTRODOMESTICOS,5,1,10838,MercadoLíder Platinum,NA,NA,7048,39,178,6831,"Paso de la Arena, Montevideo.",5,1
URU,JUGUECTILCOM,http://perfil.mercadolibre.com.uy/JUGUECTILCOM,4,1,2380,MercadoLíder Gold,NA,NA,1467,0,12,1455,"Tres Cruces, Montevideo.",4,1
URU,Salvador Livio Tienda oficial,http://perfil.mercadolibre.com.uy/SALVADOR+LIVIO?brandId=210,3,1,10908,MercadoLíder Platinum,NA,NA,7444,2,101,7341,"Centro, Montevideo.",3,1
URU,VIRTUAL SHOP.,http://perfil.mercadolibre.com.uy/VIRTUAL+SHOP.,4,1,128,NA,NA,NA,71,0,4,67,"Delta El Tigre, San José.",4,1
URU,MACMOTOUY,http://perfil.mercadolibre.com.uy/MACMOTOUY,2,1,339,NA,NA,NA,189,2,2,185,"Bella Italia, Montevideo.",2,1
URU,ALARMAS URUGUAY,http://perfil.mercadolibre.com.uy/ALARMAS+URUGUAY,NA,NA,NA,NA,NA,NA,160,2,12,146,"Cerrito, Montevideo.",NA,NA
URU,JUGUECTIL COM,http://perfil.mercadolibre.com.uy/JUGUECTIL+COM,4,1,208,MercadoLíder,NA,NA,89,0,0,89,"Maldonado, Maldonado.",4,1
URU,TUOFERTA8,http://perfil.mercadolibre.com.uy/TUOFERTA8,NA,NA,NA,NA,NA,NA,410,33,30,347,"Cordón, Montevideo.",NA,NA
