search_position,name,curr_price,orig_price,num_sold,in_stock,num_installments,amt_installments,arrival_time,shipping,free_return,free_return_info,review_avg,num_reviews,seller_link,product_link,five_star,four_star,three_star,two_star,one_star,item_id,Marca,Modelo,Formato
1, Audífonos Bluetooth Bt-100 Negro Maxell- Con Obsequio ,9.99,15.990,276,2,12,832,NA,Envío a todo el país,NA,NA,4.5,29,https://perfil.mercadolibre.cl/MAXELL+CHILE?brandId=219,https://articulo.mercadolibre.cl/MLC-452371070-audifonos-bluetooth-bt-100-negro-maxell-con-obsequio-_JM,21,4,2,2,0,#452371070,Maxell,EB-BT100 CARBON,NA
2, Audífono Inalámbrico Sennheiser Pxc 550 Negro ,199.99,299.990,18,2,6,33.332,NA,Envío gratis a todo el país,NA,NA,5,1,https://perfil.mercadolibre.cl/MOBILEHUT?brandId=477,https://articulo.mercadolibre.cl/MLC-476118783-audifono-inalambrico-sennheiser-pxc-550-negro-_JM,1,0,0,0,0,#476118783,Sennheiser,PXC 550 negro,NA
3, Audifonos Inalámbrico Bluetooth Tws-k2 AirPods Mano Libre ,14.99,NA,92,8,6,2.498,NA,Envío a todo el país,NA,NA,4.5,2,https://perfil.mercadolibre.cl/MUNDOMAGIA%C3%91U%C3%91OA,https://articulo.mercadolibre.cl/MLC-478331938-audifonos-inalambrico-bluetooth-tws-k2-airpods-mano-libre-_JM,1,1,0,0,0,#478331938,NA,NA,NA
4, Audifonos Bluetooth Tipo iPhone 7 iPhone 8 ,14.99,NA,188,1,6,2.498,NA,Envío a todo el país,NA,NA,5,1,https://perfil.mercadolibre.cl/TELOTENEMOS.CL,https://articulo.mercadolibre.cl/MLC-461170076-audifonos-bluetooth-tipo-iphone-7-iphone-8-_JM,1,0,0,0,0,#461170076,NA,NA,NA
5, 2 Unidades Audifonos Bluetooth I7s Tws iPhone Samsung ,15.5,NA,123,5,6,2.583,NA,Envío a todo el país,NA,NA,1,1,https://perfil.mercadolibre.cl/CASALIVING,https://articulo.mercadolibre.cl/MLC-476398231-2-unidades-audifonos-bluetooth-i7s-tws-iphone-samsung-_JM,0,0,0,0,1,#476398231,Samsung,NA,NA
6, Audífonos Bluetooth Auriculares Inalámbrico Caildad!!! ,9.99,NA,434,291,6,1.665,NA,Envío a todo el país,NA,NA,4.7,33,https://perfil.mercadolibre.cl/MUNDOMAGIA%C3%91U%C3%91OA,https://articulo.mercadolibre.cl/MLC-447161588-audifonos-bluetooth-auriculares-inalambrico-caildad-_JM,28,3,1,0,1,#447161588,NA,NA,NA
7, Audífonos Bluetooth 1a Bt Extrabass / Mundo Electro ,24.99,NA,86,2,12,2.082,NA,Envío gratis a todo el país,NA,NA,5,1,https://perfil.mercadolibre.cl/MUNDOELECTROCL,https://articulo.mercadolibre.cl/MLC-479754166-audifonos-bluetooth-1a-bt-extrabass-mundo-electro-_JM,1,0,0,0,0,#479754166,Sony,1ABT,Headset
8, Audifono Bluetooth V4.2 Inalámbrico Hbq I7-tws ,7.99,14.990,376,124,6,1.332,NA,Envío a todo el país,NA,NA,3.2,6,https://perfil.mercadolibre.cl/ONLINECLUB,https://articulo.mercadolibre.cl/MLC-459017997-audifono-bluetooth-v42-inalambrico-hbq-i7-tws-_JM,2,0,2,1,1,#459017997,TWS,I7S,NA
9, Audifono Bluetooth Jbl Ck700 Oem ,19.98,NA,72,19,6,3.330,NA,Envío a todo el país,NA,NA,4.2,5,https://perfil.mercadolibre.cl/VENTASMACUL2014,https://articulo.mercadolibre.cl/MLC-462764799-audifono-bluetooth-jbl-ck700-oem-_JM,3,1,0,1,0,#462764799,JBL,NA,NA
10, Audifono Bluetooth Universal Inalambrico Para Deportes ,3.99,7.990,643,20,6,665,NA,Envío a todo el país,NA,NA,2.5,11,https://perfil.mercadolibre.cl/ONLINECLUB,https://articulo.mercadolibre.cl/MLC-436105516-audifono-bluetooth-universal-inalambrico-para-deportes-_JM,1,1,3,3,3,#436105516,NA,NA,NA
11, Audifonos Bluetooth Qcy T1s ,26.99,NA,66,7,6,4.498,NA,Envío gratis a todo el país,NA,NA,5,2,https://perfil.mercadolibre.cl/AFRICCA+STORE,https://articulo.mercadolibre.cl/MLC-488306883-audifonos-bluetooth-qcy-t1s-_JM,2,0,0,0,0,#488306883,QCY,T1s,TWS
12, Audifonos Beats Studio 3 Wireless Inalambricos ,120,NA,58,5,12,10.000,NA,Envío gratis a todo el país,NA,NA,4.5,2,https://perfil.mercadolibre.cl/CELLBOX.CL,https://articulo.mercadolibre.cl/MLC-462252354-audifonos-beats-studio-3-wireless-inalambricos-_JM,1,1,0,0,0,#462252354,Beats,NA,NA
13, Audifonos Bluetooth I7s Tws iPhone Samsung V4.2 Inalámbrico ,8.5,NA,67,8,6,1.417,NA,Envío a todo el país,NA,NA,4,1,https://perfil.mercadolibre.cl/CASALIVING,https://articulo.mercadolibre.cl/MLC-476398183-audifonos-bluetooth-i7s-tws-iphone-samsung-v42-inalambrico-_JM,0,1,0,0,0,#476398183,Samsung,NA,NA
14, Audifonos Pioneer Bluetooth Aptx Hi-res Se-ms7bt ,69.99,119.990,85,2,12,5.832,NA,Envío gratis a todo el país,NA,NA,5,9,https://perfil.mercadolibre.cl/MUSICWORLDCHILE?brandId=183,https://click1.mercadolibre.cl/mclics/clicks/external/MLC/count?a=BvFMsRREFTZ%2F7AwQ1wB91NRsoJc4pxCf3W10NzV5f0Z6DVrmvtUV49pbtLiq2h8B%2BDa1V%2Foku1Yg%2BHtyUFf4DzNKh4FS6jrZFThywVLA2q9cHnBbRA66NlMLULABNrQkOlTiP5Jp8oXNZIyDFm2copAEY1C2oFvvNxI3PA0wxnpLLwbt62rm2CoJ8w%2FnD4yipGic3nuw9NARau2wn0UmzvHlL95Tyz4Qemvd3CsrOeESON8rWXNVHvCM8WXlJCEiPfEydgCW71QLhGJEINAAh4bIYo7JEgD7%2BMtMw5QCAdrmQUy4B0IHp32FY5I6ln6EQDmCiAagkt4JlzTuZszfywlF0A3TkEeVXFU9gQR%2Fr%2FiSTbCzL2QubgXAd51lA51fo7r9e5Wxkr4tussroIZxUuyPUkAF3WUnAwsXUOXWGSh7bspwzM1hUEif%2F%2BPCgqhfZjYIZu6KVgrxZMzj9HpoZJts4EpRwE0j%2BYBNHatfqjHQ8%2FnmVu2luC2WzXr9gt09sxSEf%2Fn0Sotx6j7WMzF85mcK2%2FjFEgZtpGfmMRbPbMhIHbTUekG3gbEfMnQzTjaOkF294ofCKGV2jGWpEgK9X2FV3rSy38nxqv7mSRXWIejBQqEhISlaeAtLJZTVF05ozGTzTNNihjBhbUrOHu%2BuRIAYVbNJOsHE0ube6LyiUtU9DVjDMScoAGgrm2CJhdzqfSPjKbJ5W45X9GMVteh9x3MGyuHuVzMghCbx7gP%2BgXvWmVB3LyvpkHH5NLHruxiW7w3Ig7qhNgJGUcrEAMaH2B6Q8RFWDHKeIBc97mzTTWpp7Xt%2B9YXMhNBVE5HWdTKtwPdo1nPvTk1jpBx%2BvZtMUDt%2Feix7KBaTgCqQrvMVSdmVM1mZUIo4bpAxYehX5zBGgMkO2rSeNKMxf%2F2GLhYylVfhYrOSyZmX30n3s9gTQKTuL4148QOi%2BAdpAdZacmkSCApWNoIdCSgyy84sG5U%2FiL3i7AZFKOleLJ%2Bf0gBBqiRnZrzv2M0SWtM0SU6cvIypNHL%2BI%2FJ%2BincvIdpbGt%2B9of8dDWjbItnK6Is%2Bh7463XX12watzGuOpqty4y3mT1vCjZHZVhJb8Yuoyl0YuQevACKLlWf3SqGrqqhUjgDAnyaL8BdKBt55g50g3w8QGjnU7up9HRQZIOIwPgfZZl32WZrnhu5rfTVPGulp3V6S0xMQoTlj2LrsIBcfWqZjb3M4TKS1luDZyEyP1kKojr5%2Bx70dbwCJnhrPKcLWZtnaJXNvfugazlQ8ErwpP%2F%2BMCtsXdsrdjkaGt2WJOfUQp7iis%2FjZSKT3e2v21soSb5HEezGwXNTeD8QaQmO3E0Qanqn7rFHOm11MS4t51dTaSGXQHvh1XxbUpWS%2FiAL8lhzMrMet%2F8%2FX225xaadUdigd7Jff3I6x0ijX5wcgU%2FYRz7nJVoa39aSNrMo%3D,9,0,0,0,0,#445968498,Pioneer,SE-MS7BT,NA
15, Par De Audífonos Bluetooth I7s Tws Inalámbricos | Maxtech ,12.99,NA,89,941,12,1.082,NA,Envío a todo el país,NA,NA,2.3,3,https://perfil.mercadolibre.cl/MAXTECHCHILELTDA,https://articulo.mercadolibre.cl/MLC-477090402-par-de-audifonos-bluetooth-i7s-tws-inalambricos-maxtech-_JM,1,0,0,0,2,#477090402,NA,NA,NA
16, Audifonos Bluetooth Deportivos Kolke Manos Libre Y Clip Loi ,5.99,8.990,416,93,6,998,NA,Envío a todo el país,NA,NA,4.5,12,https://perfil.mercadolibre.cl/LOI+CHILE,https://articulo.mercadolibre.cl/MLC-451786898-audifonos-bluetooth-deportivos-kolke-manos-libre-y-clip-loi-_JM,7,4,1,0,0,#451786898,Kolke,NA,NA
17, Manos Libres Bluetooth Mini Auricular ,3.99,NA,303,57,12,332,NA,Envío a todo el país,NA,NA,4.3,3,https://perfil.mercadolibre.cl/LAOCASIONSTORE,https://articulo.mercadolibre.cl/MLC-465965042-manos-libres-bluetooth-mini-auricular-_JM,2,0,1,0,0,#465965042,NA,NA,NA
18, Audifonos Pioneer Bluetooth Se-mj553bt ,39.99,59.990,38,1,12,3.332,NA,Envío gratis a todo el país,NA,NA,4,2,https://perfil.mercadolibre.cl/MUSICWORLDCHILE?brandId=183,https://click1.mercadolibre.cl/mclics/clicks/external/MLC/count?a=jHMKqcbqIECs6HKWBK8W112O9IU4d%2B0qCGjbDvTPwVS1yaRrtTnufTcH1p0lIsSLzafuSfPEb1Jsi5FE9Y5m3P7ycfwWjFTzcGfr0994qb9PhJGjiy0D79cp1ZsbqswXdfvDgSsroocXrRGtUzP5XKzgsr3LtWpbxb56aKDITWCrc%2BEpgbX%2Fk6cRldsZ06XTlxJhWPdhC7TaQJUFosTiFwLZOSJ3z4pkvB3%2BA5qOwVagfjhCOQ2EiaXaNvXayqvvhDlBhDDu43NsqLjgqAbCI54ictZHEUvT2J9muN%2FBnivzwwTkFbQelIw6bN01ciNGeOf2QaB9UQ%2Fx6cT9tb3RmPo3C4rLH36B%2FbvZhl%2B2lDpDY9%2BRi3kpUak5%2F2JTi%2BWMc66ZthztcWBsZvtKcS9U%2B1Ag%2BJw8TRHVK9uVlvZgZSOOXRc5CGkd6Y8KyO3N78mfTc5e4ma6xh1qiDqkU8e3a9PKYWYTpP2uHaIUMSRg3mkPBFyy%2Ba75MpPYOqftp6L8Az7QpbNtakh66itklKvRAK%2FsauUUbLJ%2BJ3HkGltKENUYkmLBxOUzkMrRNthCP9irtt79fd6p19ZbFijVrwyyWz59cCOGusQ9yFvYPD3D7fsVXAFDSsASHd2mKcx8OG1fatoGFjZo%2BGCUeaLh969p1pEbLBVpU091CO0gxVKfQ%2BV9KuoB6RgnmUdSPTk0H3bn5bsnb9ko62Ulv4bCq1OaRo6%2BlOfviqvgSMA6O3KrhrZkue1vxXtjDyP0stgEIZoRKJHReA%2FW%2BJdWhgVDmo939Fz7Iib645HoqhAoRM7ifh5VO%2BsGa4yFyIVaUFCuD7Ec738aSwO0Dv%2Ft6dVxXvjarI1Hqfn%2FkzWCURYvEoj9shJUuz%2BKxw%2FHDsAMzRk%2Fz4cCuBP0Q14OwAR0Kbu0VQjozS%2FJJRBpPNLAmHbvV0Hh0QqsgZEYIa9ZdkfIEDtsQbaLnI6p7jNuCa4wPcCymmQ5nIbL%2BI911ztQk3aDiKlSKLgFD8xCGBcGKjA%2BJMcHwEWAfnzhpqMIGdPpm70t2RvvDBukIcdc63LX01q6r6zfUF%2B5NFdUqaDsHGA9OfgzTdv%2Fp7oWUj%2BqIqnRIUNi2iUp6qcHOruHR3KZHGyoIKsCHRYpBbJJBTBMtauuVlJ0w29i7tp6fiD2r0s23uI%2BB6eBoFQgEw2RxWWp6dTiDRA9nl5%2BbPO0qQyBuMUI6%2BIujsDV%2F1eUyGCo9P0u%2FV8OKJBF0uox2odXBeXXy0BnV9eSmAdXbXZK18hVXC45WkxKh%2FSG7ccOCYg37hhjHvfDW3pgwnPEyi6WTa5hCyAz3iHemhYURMcr2z412KEhn%2FNZwWzhykCBqI9kLyNPvrslzFd9Iq5Fz8DlxGX3upGPO%2FbqNjuQJttXZZR300RI%2B5HrwALKN63udDJ3OScuEte6xA%3D%3D,0,2,0,0,0,#446131952,Pioneer,SE-MJ553BT,NA
19, Audifonos Bluetooth 5.0 Qcy T1c AirPods iPhone Manos Libres ,26.99,NA,124,1,12,2.249,NA,Envío gratis a todo el país,NA,NA,5,10,https://perfil.mercadolibre.cl/WIRELESS+MUNDO,https://articulo.mercadolibre.cl/MLC-470585752-audifonos-bluetooth-50-qcy-t1c-airpods-iphone-manos-libres-_JM,10,0,0,0,0,#470585752,QCY,T1C,NA
20, Auricular Inalambrico Bluetooth Manos Libres Tipo Airpod ,3.79,NA,148,9,12,316,NA,Envío a todo el país,NA,NA,5,1,https://perfil.mercadolibre.cl/LAOCASIONSTORE,https://articulo.mercadolibre.cl/MLC-460325127-auricular-inalambrico-bluetooth-manos-libres-tipo-airpod-_JM,1,0,0,0,0,#460325127,i7,I7,Headset
21, Audifonos Con Bluetooth Sony Oem Con Luz Led ,19.99,NA,65,35,6,3.332,NA,Envío gratis a todo el país,NA,NA,3.8,4,https://perfil.mercadolibre.cl/ELECTRONICA_ROCA,https://articulo.mercadolibre.cl/MLC-464459355-audifonos-con-bluetooth-sony-oem-con-luz-led-_JM,2,1,0,0,1,#464459355,Sony,NA,NA
22, Audífonos Bluetooth Zx330bt Extra Bass / Mundo Electro ,14.99,NA,147,6,12,1.249,NA,Envío a todo el país,NA,NA,4.7,10,https://perfil.mercadolibre.cl/MUNDOELECTROCL,https://articulo.mercadolibre.cl/MLC-454549696-audifonos-bluetooth-zx330bt-extra-bass-mundo-electro-_JM,8,1,1,0,0,#454549696,Sony,ZX330,Over-ear
23, Audífonos Bluetooth Soundcore Vortex ,59.99,79.990,189,2,6,9.998,NA,Envío gratis a todo el país,NA,NA,4.8,17,https://perfil.mercadolibre.cl/ANKERSTORE?brandId=188,https://articulo.mercadolibre.cl/MLC-463308442-audifonos-bluetooth-soundcore-vortex-_JM,15,1,1,0,0,#463308442,NA,NA,NA
24, Audífonos Am61 Inalámbrico Bluetooth Huawei Am 61 -mobilehut ,28.99,39.990,172,4,6,4.832,NA,Envío gratis a todo el país,NA,NA,4.8,54,https://perfil.mercadolibre.cl/MOBILEHUT?brandId=166,https://articulo.mercadolibre.cl/MLC-451201533-audifonos-am61-inalambrico-bluetooth-huawei-am-61-mobilehut-_JM,45,6,2,1,0,#451201533,Huawei,AM61,NA
25, Audifonos Bluetooth Estéreo Deportivos Hifi ,3.99,NA,157,191,12,332,NA,Envío a todo el país,NA,NA,NA,NA,https://perfil.mercadolibre.cl/OFERTABKNCL,https://articulo.mercadolibre.cl/MLC-462977061-audifonos-bluetooth-estereo-deportivos-hifi-_JM,NA,NA,NA,NA,NA,#462977061,NA,NA,NA
26, Defunc Audífonos Earbud Bt Hybrid Bluetooh 4.1 - Negro ,16.99,32.990,413,68,6,2.832,NA,Envío a todo el país,NA,NA,4.6,39,https://perfil.mercadolibre.cl/ONDAPROCL,https://articulo.mercadolibre.cl/MLC-463910455-defunc-audifonos-earbud-bt-hybrid-bluetooh-41-negro-_JM,26,11,2,0,0,#463910455,Motorola,Hybrid Mate,NA
27, Audifono Extra Bass Sony Oem Bluetooth Fm Manos Libres ,19.99,21.990,270,14,6,3.332,NA,Envío gratis a todo el país,NA,NA,4,25,https://perfil.mercadolibre.cl/VENTASMACUL2014,https://articulo.mercadolibre.cl/MLC-453174599-audifono-extra-bass-sony-oem-bluetooth-fm-manos-libres-_JM,12,7,3,1,2,#453174599,Sony,NA,NA
28, Pack 3 Audifonos Deportivos Bluetooth Inalambricos ,10.45,NA,264,392,12,871,NA,Envío a todo el país,NA,NA,3.8,18,https://perfil.mercadolibre.cl/KING.STORE.CHILE,https://articulo.mercadolibre.cl/MLC-450154603-pack-3-audifonos-deportivos-bluetooth-inalambricos-_JM,9,2,3,2,2,#450154603,NA,NA,NA
29, Audífonos Bluetooth - Con Reducción De Ruido - Zealot B20 ,15.99,NA,69,3,12,1.332,NA,Envío gratis a todo el país,NA,NA,5,4,https://perfil.mercadolibre.cl/LEMUS.NICOLAS,https://articulo.mercadolibre.cl/MLC-464861559-audifonos-bluetooth-con-reduccion-de-ruido-zealot-b20-_JM,4,0,0,0,0,#464861559,Zealot,NA,NA
30, Audifono Bluetooth Manos Libres Inalambrico Radio Fm ,9.99,12.990,292,40,6,1.665,NA,Envío a todo el país,NA,NA,4.3,18,https://perfil.mercadolibre.cl/VENTASMACUL2014,https://articulo.mercadolibre.cl/MLC-436176812-audifono-bluetooth-manos-libres-inalambrico-radio-fm-_JM,11,4,1,2,0,#436176812,NA,NA,NA
31, Audífonos Inalámbricos Bluetooth I7s Tws ,9.99,NA,47,3,6,1.665,NA,Envío a todo el país,NA,NA,5,1,https://perfil.mercadolibre.cl/TIENDA+EFAS,https://articulo.mercadolibre.cl/MLC-472906714-audifonos-inalambricos-bluetooth-i7s-tws-_JM,1,0,0,0,0,#472906714,NA,NA,NA
32, Audifonos Bluetooth I7s Gamer Blanco + Base De Carga ,12.99,NA,54,14,12,1.082,NA,Envío a todo el país,NA,NA,4,1,https://perfil.mercadolibre.cl/NICE+HOME,https://articulo.mercadolibre.cl/MLC-474089151-audifonos-bluetooth-i7s-gamer-blanco-base-de-carga-_JM,0,1,0,0,0,#474089151,NA,NA,NA
33, Audífonos Bluetooth Stereo Mp3- Aux ,19.99,NA,275,5,12,1.666,NA,Envío gratis a todo el país,NA,NA,4.3,28,https://perfil.mercadolibre.cl/MARE8077404,https://articulo.mercadolibre.cl/MLC-448133358-audifonos-bluetooth-stereo-mp3-aux-_JM,15,9,1,2,1,#448133358,NA,NA,NA
34, Audifonos Inalambricos Bluetooth Tws K2 AirPods Ios/android ,19.49,NA,35,9,12,1.624,NA,Envío a todo el país,NA,NA,5,1,https://perfil.mercadolibre.cl/HEXAGONO+IMPORTACIONES,https://articulo.mercadolibre.cl/MLC-464347774-audifonos-inalambricos-bluetooth-tws-k2-airpods-iosandroid-_JM,1,0,0,0,0,#464347774,NA,NA,NA
35, Audifonos Bluetooth 5.0 Qcy T1c AirPods iPhone Manos Libres ,26.99,NA,124,1,12,2.249,NA,Envío gratis a todo el país,NA,NA,5,10,https://perfil.mercadolibre.cl/WIRELESS+MUNDO,https://click1.mercadolibre.cl/mclics/clicks/external/MLC/count?a=BLfFfi1Wlk2qhVOnHAuUtfgCAgyrfwnPFKoU1UNNK163qbDsowE6v2CCdrM%2FzeDLTSHXFot8YubtFe1czLx992Ych%2BqVG0XqR0UMFq8lBOJLC8KGordLfoSFr9n9b6SbjETSw9rV0zcKD1H1dvKCSgfsj2JxoS7PWB9xHSHLc08pZEyuPPPHe7VDujabnsH0GDyFPg%2BSI6hXrctw4PpTtrDXit%2FVJl43mtuxREUHZ94uLoO69czKWKracIhjL3e4m92fRALiMiFg985MOPuYJ5Z5wc43D%2FbHmtpR8duI0vLI7X3E6TZcUMdQpWMJJtMIzOzM1f4CTjQdu4gfK%2BSA5dIZfwE5Y4vL%2FZjIOZ6N1%2FcD153GLwQfUP8vDCUjHjYrYLsnk%2FIBhDyEwZ%2BbA0pNb1aPnBt9sRWXG5GQEFlYkU8IGSoeFOOkmzlTIE8rFH6gQm8qP7u9D26lL1AHE6JZSAw3CUuTaOYMn3kdG38m6C5nkRSBLRA8%2By%2BDrsbxDA7ieF7njC0QscHpge4hSxDaXmCi4Mu8%2B4AkE%2F4AvMdotOMOIi4POb9p2luy1GlOfAhM8jPSPwtwwhbrL7yyNl0OBdkyfXcGTxyj3zSe70bpJauZ0uYEMFdNT%2B4RBmPWAQUlHZnCdpsWDwQWu25cQyTiFsy%2BoP5caQuUcZQHExxaw9uDfWI745v%2Fti0VY5GLnJoWcmax67DrA8TkOOW2NXyAQI%2BdxEP42aRyeXLc1RLhX8yYqmzbw52DqZxM%2FKcQigFEgeuyJc%2BDGAg%2BEu040WETEM4pn3ylAc%2BDcWCD%2B5XLhb2kLZTjhd2Mzf6NhRe6f4FAuYG5RKmp9qcjPM%2BEG1%2BblpM2kK4F5XLTe1TllRwGUgQPGy87dbc%2BDGNi36tyiPleyhiNNZBX7huoTTwf8TAnHc6GCv2ZJ%2BNHrlnT5jNqz7j55Ltyt%2F9b1D5VRcfje20RlDO%2Be9VG0t0w%2Fna%2Bx8tSXuJHXdYLFgIHXObtQoYwKQBNWDItVxPIU2yF7o4pxurHuac0lBsvzmEEPR2PJ04gNiGCRmv5w%2BdytAo8uOKBdTpO2a8bXFExcwl2bk639DpFiUS6PrCly%2BpZGjQT%2BeHf%2B4OGJRPBA9ArEVp4xbn%2BTW2vmntc55pimUJUiZqLp0Y2CO%2BI77Psj1vTo6UciEen33qnH31o7lUIyTqd99JCigfaG0oLCAaQz2fPQImPoh4bxb1JTxH0SWXaTz4I09kIFHZqgHhPRY638Ji1ue%2BOx%2BbifBtAmIqKQ4BzsAQvXEkNByj8D%2Fjl%2FaQ%2Bn8rxJODWOTuZz6DbAa1UAZt0uE47lMqsMTjsoY6wOTWNOgoNRqvEo9N2MmyJC%2BC%2FwiaplX5Tq5EWixkytl2cONVMIQRNWfQia5sBtEEaF6MQ4wPs2Bj6DwH0BpkFyk%2BzdRmIvrYRJpAQ3WGCtCuzPOV1gkjTEzXp,10,0,0,0,0,#470585752,QCY,T1C,NA
36, Apple Audífono AirPods (2da Gen) ,144.99,179.990,50,3,6,24.165,NA,Envío gratis a todo el país,NA,NA,5,26,https://perfil.mercadolibre.cl/MOBILEHUT?brandId=166,https://articulo.mercadolibre.cl/MLC-488712872-apple-audifono-airpods-2da-gen-_JM,26,0,0,0,0,#488712872,Apple,Airpods con estuche de carga (2da Gen),In-ear
37, Audifonos Bluetooth I7s Tws Alta Calidad Colores + Base ,19.99,NA,411,1096,12,1.666,NA,Envío gratis a todo el país,NA,NA,4.3,15,https://perfil.mercadolibre.cl/WSTECHNOLOGY.,https://articulo.mercadolibre.cl/MLC-472793392-audifonos-bluetooth-i7s-tws-alta-calidad-colores-base-_JM,9,2,3,1,0,#472793392,CHINO,I7S,In-ear
38, Audifonos Bluetooh Tipo I 7 Tws iPhone Y Samsung ,11.9,NA,73,57,12,992,NA,Envío a todo el país,NA,NA,NA,NA,https://perfil.mercadolibre.cl/MAXDESCUENTOSCL,https://articulo.mercadolibre.cl/MLC-474106955-audifonos-bluetooh-tipo-i-7-tws-iphone-y-samsung-_JM,NA,NA,NA,NA,NA,#474106955,Samsung,NA,NA
39, Audífono Bluetooth Universal Inalambrico Gocy 53204 ,3.98,6.990,1160,97979,6,663,NA,Envío a todo el país,NA,NA,4.5,18,https://perfil.mercadolibre.cl/GOCYEXPRESS,https://articulo.mercadolibre.cl/MLC-435673524-audifono-bluetooth-universal-inalambrico-gocy-53204-_JM,12,3,3,0,0,#435673524,NA,NA,NA
40, Audifonos Pioneer Bluetooth Aptx Hi-res Se-ms7bt ,69.99,119.990,85,2,12,5.832,NA,Envío gratis a todo el país,NA,NA,5,9,https://perfil.mercadolibre.cl/MUSICWORLDCHILE?brandId=183,https://articulo.mercadolibre.cl/MLC-445968498-audifonos-pioneer-bluetooth-aptx-hi-res-se-ms7bt-_JM,9,0,0,0,0,#445968498,Pioneer,SE-MS7BT,NA
41, Audífonos Kz Zst + Cable Bluetooth+ Estuche+espumas T400 ,35.98,NA,79,1,6,5.997,NA,Envío gratis a todo el país,NA,NA,4.8,81,https://perfil.mercadolibre.cl/EARPHONE-PRO-STORECHILE,https://articulo.mercadolibre.cl/MLC-460013442-audifonos-kz-zst-cable-bluetooth-estucheespumas-t400-_JM,67,11,2,1,0,#460013442,KZ,ZST,NA
42, Audífonos Huawei Am61 Bluetooth Negro ,29.99,NA,93,13,6,4.998,NA,Envío gratis a todo el país,NA,NA,4.9,13,https://perfil.mercadolibre.cl/ADMINISTRADORA+ADP?brandId=105,https://articulo.mercadolibre.cl/MLC-458110260-audifonos-huawei-am61-bluetooth-negro-_JM,12,1,0,0,0,#458110260,NA,NA,NA
43, Audifonos Bluetooth I12 Para iPhone Y Android Envio Gratis ,24.99,NA,23,7,6,4.165,NA,Envío gratis a todo el país,NA,NA,NA,NA,https://perfil.mercadolibre.cl/TIENDA+8-BITS.CL,https://articulo.mercadolibre.cl/MLC-486601906-audifonos-bluetooth-i12-para-iphone-y-android-envio-gratis-_JM,NA,NA,NA,NA,NA,#486601906,NA,NA,NA
44, Audífono Apple AirPods 2da Generación Garantía - Inetshop ,144.99,NA,193,43,6,24.165,NA,Envío gratis a todo el país,NA,NA,5,26,https://perfil.mercadolibre.cl/INETSHOP_2011,https://articulo.mercadolibre.cl/MLC-458388896-audifono-apple-airpods-2da-generacion-garantia-inetshop-_JM,26,0,0,0,0,#458388896,Apple,AirPods,In-ear
45, Audífono Inalambrico Huawei Freebuds Lite Blanco ,64.99,99.990,13,5,6,10.832,NA,Envío gratis a todo el país,NA,NA,5,1,https://perfil.mercadolibre.cl/MOBILEHUT?brandId=166,https://articulo.mercadolibre.cl/MLC-480792628-audifono-inalambrico-huawei-freebuds-lite-blanco-_JM,1,0,0,0,0,#480792628,Huawei,FreeBubs Lite,NA
46, Audífonos Lighting Bluetooth Compatible iPhone 7/ 8/ Plus X ,6.99,NA,22,4,6,1.165,NA,Envío a todo el país,NA,NA,1,1,https://perfil.mercadolibre.cl/TELOTENEMOS.CL,https://articulo.mercadolibre.cl/MLC-480090898-audifonos-lighting-bluetooth-compatible-iphone-7-8-plus-x-_JM,0,0,0,0,1,#480090898,NA,NA,NA
47, Oferta Audífono Bluetooth V4.2 M5 Deportivos Magnéticos ,4.999,NA,35,64,12,417,NA,Envío a todo el país,NA,NA,NA,NA,https://perfil.mercadolibre.cl/OFERTABKNCL,https://articulo.mercadolibre.cl/MLC-473455109-oferta-audifono-bluetooth-v42-m5-deportivos-magneticos-_JM,NA,NA,NA,NA,NA,#473455109,NA,NA,NA
48, Kz Zs10 (5 Drivers) +cable Plateado + Bluethoot + Estuche ,48.89,NA,28,1,6,8.148,NA,Envío gratis a todo el país,NA,NA,4.5,4,https://perfil.mercadolibre.cl/EARPHONE-PRO-STORECHILE,https://articulo.mercadolibre.cl/MLC-459131137-kz-zs10-5-drivers-cable-plateado-bluethoot-estuche-_JM,2,2,0,0,0,#459131137,KZ,ZS10,NA
49, Audífonos Bluetooth Bt-100 Rojo Maxell- Con Obsequio ,9.99,15.990,53,1,12,832,NA,Envío a todo el país,NA,NA,4.3,7,https://perfil.mercadolibre.cl/MAXELL+CHILE?brandId=219,https://articulo.mercadolibre.cl/MLC-448947008-audifonos-bluetooth-bt-100-rojo-maxell-con-obsequio-_JM,4,2,0,1,0,#448947008,Maxell,EB-BT100,NA
50, Audifonos Marshall Major Ii Bluetooth (major2):envio Gratis ,68.9,NA,35,6,12,5.742,NA,Envío gratis a todo el país,NA,NA,5,6,https://perfil.mercadolibre.cl/IMPORTADORABON,https://articulo.mercadolibre.cl/MLC-463460246-audifonos-marshall-major-ii-bluetooth-major2envio-gratis-_JM,6,0,0,0,0,#463460246,Marshall,Major II Bluetooth,NA
51, Audifonos Bluetooth Sport Huawei Am61 Negro - Electroplay ,28.99,NA,68,47,6,4.832,NA,Envío gratis a todo el país,NA,NA,4.9,13,https://perfil.mercadolibre.cl/ELECTROPLAY+OFICIAL,https://articulo.mercadolibre.cl/MLC-459961701-audifonos-bluetooth-sport-huawei-am61-negro-electroplay-_JM,12,1,0,0,0,#459961701,Huawei,AM61,NA
52," Receptor Bluetooth Auto Audífonos Plug 3.5 Aux, Manos Libres ",3.99,NA,235,35,6,665,NA,Envío a todo el país,NA,NA,4.7,3,https://perfil.mercadolibre.cl/ESHOPANGIE,https://articulo.mercadolibre.cl/MLC-472109708-receptor-bluetooth-auto-audifonos-plug-35-aux-manos-libres-_JM,2,1,0,0,0,#472109708,NA,NA,NA
53, Marshall Audífono Bluetooth Major 2 Crema ,69.99,159.990,9,2,6,11.665,NA,Envío gratis a todo el país,NA,NA,5,6,https://perfil.mercadolibre.cl/MOBILEHUT?brandId=466,https://articulo.mercadolibre.cl/MLC-487286276-marshall-audifono-bluetooth-major-2-crema-_JM,6,0,0,0,0,#487286276,Marshall,Major 2,Over-ear
54, 2 Par De Audífonos Bluetooth I7s Tws Inalámbricos | Maxtech ,24.99,NA,16,14,12,2.082,NA,Envío gratis a todo el país,NA,NA,NA,NA,https://perfil.mercadolibre.cl/MAXTECHCHILELTDA,https://articulo.mercadolibre.cl/MLC-477090577-2-par-de-audifonos-bluetooth-i7s-tws-inalambricos-maxtech-_JM,NA,NA,NA,NA,NA,#477090577,NA,NA,NA
55, Audífonos Auriculares Bluetooth Oem Sport Lkd-850bt ,14.99,NA,55,2,12,1.249,NA,Envío a todo el país,NA,NA,4.5,2,https://perfil.mercadolibre.cl/NICE+HOME,https://articulo.mercadolibre.cl/MLC-465560757-audifonos-auriculares-bluetooth-oem-sport-lkd-850bt-_JM,1,1,0,0,0,#465560757,Sony,NA,NA
56, Audifonos Pioneer Bluetooth Se-mj553bt ,39.99,59.990,38,1,12,3.332,NA,Envío gratis a todo el país,NA,NA,4,2,https://perfil.mercadolibre.cl/MUSICWORLDCHILE?brandId=183,https://articulo.mercadolibre.cl/MLC-446131952-audifonos-pioneer-bluetooth-se-mj553bt-_JM,0,2,0,0,0,#446131952,Pioneer,SE-MJ553BT,NA
57, Audífonos Kz Zs3 Hifi+ Bluetooth+ Estuche Y Espumas Aislante ,33.59,NA,27,1,6,5.598,NA,Envío gratis a todo el país,NA,NA,5,9,https://perfil.mercadolibre.cl/EARPHONE-PRO-STORECHILE,https://articulo.mercadolibre.cl/MLC-464134233-audifonos-kz-zs3-hifi-bluetooth-estuche-y-espumas-aislante-_JM,9,0,0,0,0,#464134233,KZ,ZS3,NA
58, Audifonos Sony Bluetooth Envio Gratis ,19.99,NA,50,5938,12,1.666,NA,Envío gratis a todo el país,NA,NA,5,4,https://perfil.mercadolibre.cl/XMASTERGAMEX,https://articulo.mercadolibre.cl/MLC-455869560-audifonos-sony-bluetooth-envio-gratis-_JM,4,0,0,0,0,#455869560,Sony,NA,NA
59, Audífonos Bluetooth Tipo I8 Mini iPhone/ Samsung Bluetooth ,19.99,NA,13,8,6,3.332,NA,Envío gratis a todo el país,NA,NA,5,1,https://perfil.mercadolibre.cl/MAXDESCUENTOSCL,https://articulo.mercadolibre.cl/MLC-484620041-audifonos-bluetooth-tipo-i8-mini-iphone-samsung-bluetooth-_JM,1,0,0,0,0,#484620041,Samsung,MINI,NA
60, Audifonos Bluetooth Soundbuds Curve Anker ,38.99,NA,381,4,6,6.498,NA,Envío gratis a todo el país,NA,NA,4.7,44,https://perfil.mercadolibre.cl/ANKERSTORE?brandId=188,https://articulo.mercadolibre.cl/MLC-457960897-audifonos-bluetooth-soundbuds-curve-anker-_JM,36,3,5,0,0,#457960897,Anker,Curve,NA
61, Apple Audífono AirPods Con Estuche De Carga Inalámbrica ,174.99,199.990,23,2,6,29.165,NA,Envío gratis a todo el país,NA,NA,5,26,https://perfil.mercadolibre.cl/MOBILEHUT?brandId=166,https://articulo.mercadolibre.cl/MLC-488713235-apple-audifono-airpods-con-estuche-de-carga-inalambrica-_JM,26,0,0,0,0,#488713235,Apple,Airpods con estuche de carga inalámbrica,In-ear
62, Audífono Aftershokz Bluetooth Trekz Titanium Conducción Ósea ,59.99,69.990,26,3,6,9.998,NA,Envío gratis a todo el país,NA,NA,NA,NA,https://perfil.mercadolibre.cl/MOBILEHUT?brandId=166,https://articulo.mercadolibre.cl/MLC-461805988-audifono-aftershokz-bluetooth-trekz-titanium-conduccion-osea-_JM,NA,NA,NA,NA,NA,#461805988,AfterShokz,Trekz Titanium,NA
63, Audífono Plantronics M70 Bluetooth - Techbox ,26.99,NA,21,3,6,4.498,NA,Envío gratis a todo el país,NA,NA,NA,NA,https://perfil.mercadolibre.cl/TECHBOX_CHILE,https://articulo.mercadolibre.cl/MLC-458816925-audifono-plantronics-m70-bluetooth-techbox-_JM,NA,NA,NA,NA,NA,#458816925,Plantronics,NA,NA
64, Auricular Bluetooth I7 Tws / Alfashop.cl ,10.99,NA,51,7,6,1.832,NA,Envío a todo el país,NA,NA,NA,NA,https://perfil.mercadolibre.cl/ALFASHOP.CL,https://articulo.mercadolibre.cl/MLC-474213103-auricular-bluetooth-i7-tws-alfashopcl-_JM,NA,NA,NA,NA,NA,#474213103,NA,NA,NA
65, Audífono Bluetooth V4.1 Aiwa Aw-880bt 21255 / Fernapet ,12.99,NA,136,863,6,2.165,NA,Envío a todo el país,NA,NA,4.6,9,https://perfil.mercadolibre.cl/FERNAPET,https://articulo.mercadolibre.cl/MLC-452499706-audifono-bluetooth-v41-aiwa-aw-880bt-21255-fernapet-_JM,7,1,0,1,0,#452499706,NA,NA,NA
66, Audífonos Huawei Am61 Bluetooth Rojo ,29.99,NA,48,6,6,4.998,NA,Envío gratis a todo el país,NA,NA,4.8,54,https://perfil.mercadolibre.cl/ADMINISTRADORA+ADP?brandId=105,https://articulo.mercadolibre.cl/MLC-458110422-audifonos-huawei-am61-bluetooth-rojo-_JM,45,6,2,1,0,#458110422,Huawei,AM61,NA
67, Audífonos Bluetooth In-ear Tws-x10 Perfecta Calidad ,49.99,NA,44,1023,12,4.166,NA,Envío gratis a todo el país,NA,NA,4.8,6,https://perfil.mercadolibre.cl/WSTECHNOLOGY.,https://click1.mercadolibre.cl/mclics/clicks/external/MLC/count?a=qUqY48Hr6JU8EXEkS9joHoVrffcpdGicFT4uKKIwQj7r219678RQDdcPQZ4hdnU%2FpGAqcseSyEQykydblgip67l5esvV%2Fu4ow270pnynytXIT3ydo9BPswOozf0CaccaPZVKgo%2BFPA%2BdJ00JNW7gAHZq1PVdMAplo0B40f%2FQKwm5j2ojKM61MvfAv9DaCBm1A7l9lCBBOkg2%2BLWIbhNsSfvoWPOWMelHNFWRoYMZPcA4pLyZlfSxtrCZGVV%2FA3%2FG87%2FXxO%2Bzm7f9kXKy1P5u7%2FrHZ0%2FIRBvdE%2FvoXQSW3LmNGJN5h%2FP0TE5fsU4yQ2Xg7onlWbhZM%2FYK0Nq8V7G%2FE8OFd8lIriHszco%2FbAs7ePG%2Fm2t0dy7GNv%2BPXQiURcMxoEW5M7TqIBFVNUcwhoIWxOfGsCHWDL65AZlrR7p3j8M8yUsi6gsDTY15PAKvC%2BA7xRCYcfMdUhLel8OUphr%2BG%2FO5BziX5xkpJ1ouCx3KRdbatuT5UzO%2Fdy2WBISGOi8lKN9MC4Kd9NHJdESOLdq6wg4ECXJI8N6jQDLyKzag218RmtETe9dyiCxYf1jta6q0iqRsHYJv3u6mvJyGS12%2Bhfb3cUNKcLdkO0DoBomLQGQYXcHZUUsSztVPtvqxUUojwkDtha%2FolUx6ANAi0lML0aHk5bDHkJV9eSWaTkuz%2F%2Bp2RtAcd0O9049H8mlvy5PiQlBSkGWJtw1X3iNTzX8E24iLqzavrkC2DzTRozWFHTtR1hieMcUKX6DbEjK%2F4NV%2BzZV5ytgur%2F4nSTkGgH5HSTaidA4GHtF1P72KRWDfO3i5KBjLjnNKtFY%2Fif02n6pGeqh1y9vkQlLicYxbzrg0fI78tkN%2FUbqVQ1mg%2F6KjoEYKSKEzlEKf29KCZj6JO2PLraqIpTaDJZhQ2wuA3LhG6E92967N8SEY45OHnKka1ws0CdZgZ2%2FNqvKZ1847KZUk5M3bk4C0Ohnrs%2B6EPAwjPj52k2ovpMqWbLg4dyajfnL12w2OVTYx5Xt%2FpxClolufpLYiirAo8gmIkMKL7INNQ2h2T43yzH9TDFP2ulvkIOOGTvbCxajA%2FFwIf2%2BAEqRYBZQBQTkbSYj%2FI676DFvVkMIGgm02bG2tjZ6rr7DkWMXWudq%2Ft7IwHKtENsYKy89Hv9%2FzaCzPAc3A9kPlbkoZyRv3WH5PtbOXwofiO2r7c1uy82700U3jeEHV5b31faNo2jWrMwbWwFZgXTFCjMK3QWuXEZp1W%2FLJRO4BxgM6QS83QOMtyZJN2NMBns0Z2KHyF8nsQG9iX%2FB7yoTHkbyu5buH8vlftckZ75A%2Blk6oQ2YXvnlzorVcjXq3%2FfAzbQmW4dMz7nz38DHk6%2BLGHTSFFpyzNPQ6LXBDTqrn7Wlmn5AYcSjg88D76Uu%2FxnPulJRS0DmwIzrxSPZn6wFAnjdPjEfBWpG%2F7va1RVeqzCJw8eHb8YxJUF6YFGR9biUqwQ%3D%3D,5,1,0,0,0,#476939296,CHINO,XT10,In-ear
68, Pack 3 Audífonos Inalámbricos Bluetooth I7s// Feiyi ,21.9,NA,19,11,12,1.825,NA,Envío gratis a todo el país,NA,NA,NA,NA,https://perfil.mercadolibre.cl/FEIYICL,https://articulo.mercadolibre.cl/MLC-484682254-pack-3-audifonos-inalambricos-bluetooth-i7s-feiyi-_JM,NA,NA,NA,NA,NA,#484682254,NA,NA,NA
69, Audífonos Bluetooth Sport Ear Clip Microlab / Mundo Electro ,7.99,NA,41,15,12,666,NA,Envío a todo el país,NA,NA,5,1,https://perfil.mercadolibre.cl/MUNDOELECTROCL,https://articulo.mercadolibre.cl/MLC-461567287-audifonos-bluetooth-sport-ear-clip-microlab-mundo-electro-_JM,1,0,0,0,0,#461567287,Mlab,Sport Ear Clip,In-ear
70, Qcy T1s Audífonos Bluetooth 2019 Originales +espumas Y Envío ,32.99,NA,26,3,6,5.498,NA,Envío gratis a todo el país,NA,NA,5,2,https://perfil.mercadolibre.cl/DOLC32,https://articulo.mercadolibre.cl/MLC-476422638-qcy-t1s-audifonos-bluetooth-2019-originales-espumas-y-envio-_JM,2,0,0,0,0,#476422638,QCY,T1S 2019,NA
71, Audífonos Bluetooth In-ear V5 Alta Calidad + Accesorios ,39.99,NA,38,1018,12,3.332,NA,Envío gratis a todo el país,NA,NA,5,3,https://perfil.mercadolibre.cl/WSTECHNOLOGY.,https://click1.mercadolibre.cl/mclics/clicks/external/MLC/count?a=aKBd4lqE7fJN2e4woXXgPNkUr8LD%2B3x1XoSY7HwuFKMwU5mUjlplId%2BSzucitmbTTv4DhmKvuYgI4aXyk%2FoMJiIXBFPAU2MyYzKn0P4wjgBlZRUWWaet11cZ4ca3ScXYMvOBajDsZrK9cLHSfoJ8fWQySWYq8SY7XNG68rognMRwxfnxmRwPomZ7%2BT2YbU4OsLMSFwr3o7RwBBwJ6vOYChRla29E0nuBQUYSpzVhOp26WdFFNNfdZ9isGkt%2F0VVfrYx75il4NTX3xkYShs%2F4XRMKxccGMtpPTcpxYwurM7rxCWJCzqNsq3CaS6C5H%2BN9tlqHAH%2ByyUNleeiaVFqRjJM6qaon%2FpWd0LGc3Y%2BU7W9uR6KTbXd3VVBvdEduuz0JVgqjcZSNzUyLWO9cjmHIVr9KhpV6lkh3g3E%2F5aINfD2Az7tZU%2F2OJgjYDZ1uQVkK32Z%2BiX%2FmV4H0ceenrUw%2BBQTEoes1UQudvHovqOD9RUjf891R%2BDL3D3Cs%2BMv7M8F3x390QQJ2Ku9uf%2B3cjoUs3QziuTD4ZzXxEdXQKgApzhrXoBALS2wqiChkCNMrlq7JoRNiRgrEpmTH6ggXCS139OQNWd4qm78yp1H7AE%2BLKJQ4LI2x9rsUrI4gau7%2FESj1NDLbXCNdurHyqs6d9%2Bcu15HairQu%2BmyhvsBuuZKy%2Fu7cbdG5V5lO4PuxK4nZmultK1jphLb9%2FSU0HJF9pIlR2E0BQ3ja6U9eWBEAYN7WU6FQAqTcHPsnrxqp2khJ%2B6a2QoSAv1hlclAJEm%2BQU523DSHAcAvYk%2BQWU2810M1I%2BVZRJT6yl4dnJ3sLx4HxkdwY4NfmLFvOnI3mzBuv5DugTQD5u77RjJ50eLVXt5fwYyNykjRwCXVSNXASYV%2BrQ2eDWwQOsGNHSZ6BcIA1WAHNksK1y%2BeyBQ5YEf4WCwLVX1u3nCDVtVsbIdWT1peFVUFMwGXWhDBV%2FQybuSVxoC7Uxz3Yxa1R5iMKKtZe22HFopeK%2FcJktYOxxajmu9D3MSgHaqM%2BfJIIydrP4sTOHg2vfBOQRyy828WsZ%2Bod8ujzaxYMBT%2BJ24%2F6RQmIP79ci93sdqr2k828o9O1KVIITkaRsiD0H%2Bjz3whBVQnRNY59FPCw4%2F75YqGLraj%2BzXFuQ4N6SfBSO0uPpPgN9qAvt0O0ikqH2drXvlriBgcCbE271N6gJK5Uts7o5bXtrsU5FtUhyGZUgimzYRzFtysqVlmysfGMfCTH1nT9g9I%2B3E%2B%2BsYjq6gMSNeJC085wphFWmsAhgk0yUywJcx%2B2WutEapThkwmMrIR%2FzdFT7cuFAhqVpZiKBZNVta6wIz2yGu0RQjAHFIoTXAr3c7DnN1hj0JgTNjrL5Q9k6ANJ2XA64BhpjvMwQ5Tv%2FtVwWGDOhMmVR15eQgxhxyWaN7JyBhRR%2BqssaEa2fA0VgLOG4mOXgLxqBO2hCeQf9JKgav4PV5Um039j,3,0,0,0,0,#476953078,CHINO,V5,In-ear
72, Audífonos Bluetooth Inalámbricos Tipo AirPods iPhone I7s Tws ,15.9,NA,19,40,6,2.650,NA,Envío gratis a todo el país,NA,NA,NA,NA,https://perfil.mercadolibre.cl/TIENDANOTEBOOK.CL,https://articulo.mercadolibre.cl/MLC-472599586-audifonos-bluetooth-inalambricos-tipo-airpods-iphone-i7s-tws-_JM,NA,NA,NA,NA,NA,#472599586,NA,NA,NA
73, Audifonos Bluetooth Xiaomi Mi Sport Youth Edition ,19.99,NA,22,2,6,3.332,NA,Envío gratis a todo el país,NA,NA,5,1,https://perfil.mercadolibre.cl/ESH2517823,https://articulo.mercadolibre.cl/MLC-476453271-audifonos-bluetooth-xiaomi-mi-sport-youth-edition-_JM,1,0,0,0,0,#476453271,XIaomi,Mi Sport Bluetooth,In-ear
74, Audífonos Over Ear Bluetooth Fm Micro Sd Micrófono Fun Great ,9.9,12.900,70,30,6,1.650,NA,Envío a todo el país,NA,NA,4.5,4,https://perfil.mercadolibre.cl/TECNOPICADA,https://articulo.mercadolibre.cl/MLC-457474644-audifonos-over-ear-bluetooth-fm-micro-sd-microfono-fun-great-_JM,3,0,1,0,0,#457474644,NA,NA,NA
75, Audífonos Bluetooth Bt-100 Azul Maxell- Con Obsequio ,9.99,15.990,55,25,12,832,NA,Envío a todo el país,NA,NA,4.2,6,https://perfil.mercadolibre.cl/MAXELL+CHILE?brandId=219,https://articulo.mercadolibre.cl/MLC-448947088-audifonos-bluetooth-bt-100-azul-maxell-con-obsequio-_JM,4,0,1,1,0,#448947088,Maxell,EB-BT100,NA
76, Audifonos Bluetooth 5.0 Qcy T2c T1 Tws ,28.99,NA,18,19,12,2.416,NA,Envío gratis a todo el país,NA,NA,4.5,4,https://perfil.mercadolibre.cl/WIRELESS+MUNDO,https://articulo.mercadolibre.cl/MLC-488363279-audifonos-bluetooth-50-qcy-t2c-t1-tws-_JM,2,2,0,0,0,#488363279,QCY,T2C,In-ear
77, Audífono Manos Libres Muela Bluetooth ,6.9,NA,93,26,12,575,NA,Envío a todo el país,NA,NA,2.7,3,https://perfil.mercadolibre.cl/IDCORE+STORE,https://articulo.mercadolibre.cl/MLC-451872812-audifono-manos-libres-muela-bluetooth-_JM,1,0,0,1,1,#451872812,NA,NA,NA
78, Audifonos Deportivos Bluetooth Inalambricos ,3.49,NA,233,224,12,291,NA,Envío a todo el país,NA,NA,3.6,9,https://perfil.mercadolibre.cl/KING.STORE.CHILE,https://articulo.mercadolibre.cl/MLC-446302687-audifonos-deportivos-bluetooth-inalambricos-_JM,1,5,1,2,0,#446302687,NA,NA,NA
79, Audifono Bluetooth I7s Tws Portátil Inalámbrico / Vitrina ,9.99,12.639,28,18,6,1.665,NA,Envío a todo el país,NA,NA,NA,NA,https://perfil.mercadolibre.cl/VITRINASTORE.CL,https://articulo.mercadolibre.cl/MLC-473460212-audifono-bluetooth-i7s-tws-portatil-inalambrico-vitrina-_JM,NA,NA,NA,NA,NA,#473460212,NA,NA,NA
80, Audífono Bluetooth Jaybird X-4 Metallic Black ,74.99,89.990,7,2,6,12.498,NA,Envío gratis a todo el país,NA,NA,NA,NA,https://perfil.mercadolibre.cl/MOBILEHUT?brandId=484,https://articulo.mercadolibre.cl/MLC-484765779-audifono-bluetooth-jaybird-x-4-metallic-black-_JM,NA,NA,NA,NA,NA,#484765779,Jaybird,X-4 metallic black,NA
81, Audífonos Xiaomi Redmi Airdots +cable Cargador/ Matpro Store ,33.99,NA,17,9,6,5.665,NA,Envío gratis a todo el país,NA,NA,5,1,https://perfil.mercadolibre.cl/MATPRO+STORE,https://articulo.mercadolibre.cl/MLC-491229415-audifonos-xiaomi-redmi-airdots-cable-cargador-matpro-store-_JM,1,0,0,0,0,#491229415,XIaomi,AirDots,NA
82, Audifonos Bluetooth Xiaomi Mi Sports - Youth Edition ,19.99,NA,101,13,6,3.332,NA,Envío gratis a todo el país,NA,NA,NA,NA,https://perfil.mercadolibre.cl/AFRICCA+STORE,https://articulo.mercadolibre.cl/MLC-460321055-audifonos-bluetooth-xiaomi-mi-sports-youth-edition-_JM,NA,NA,NA,NA,NA,#460321055,NA,NA,NA
83, Audifonos Bluetooth 5.0 Touch Qcy T1 Pro 2019 Tws ,34.99,NA,12,13,12,2.916,NA,Envío gratis a todo el país,NA,NA,4.5,4,https://perfil.mercadolibre.cl/WIRELESS+MUNDO,https://articulo.mercadolibre.cl/MLC-483839100-audifonos-bluetooth-50-touch-qcy-t1-pro-2019-tws-_JM,2,2,0,0,0,#483839100,QCY,T1,In-ear
84, Audifonos Bluetooth Huawei Rojo Am61 - Techbox ,29.79,NA,12,4,6,4.965,NA,Envío gratis a todo el país,NA,NA,4.8,54,https://perfil.mercadolibre.cl/TECHBOX_CHILE,https://articulo.mercadolibre.cl/MLC-471751898-audifonos-bluetooth-huawei-rojo-am61-techbox-_JM,45,6,2,1,0,#471751898,Huawei,AM61,NA
85, Audífonos Lighting Bluetooth Compatible iPhone 7/ 8/ Plus X ,7.9,NA,87,4,6,1.317,NA,Envío a todo el país,NA,NA,5,1,https://perfil.mercadolibre.cl/ILPROYECTOS,https://articulo.mercadolibre.cl/MLC-461630089-audifonos-lighting-bluetooth-compatible-iphone-7-8-plus-x-_JM,1,0,0,0,0,#461630089,NA,NA,NA
86, Audifonos Marshall Major 3 Bluetooth:...oferta::envio Gratis ,89,NA,11,7,12,7.417,NA,Envío gratis a todo el país,NA,NA,4.8,45,https://perfil.mercadolibre.cl/IMPORTADORABON,https://articulo.mercadolibre.cl/MLC-481845629-audifonos-marshall-major-3-bluetoothofertaenvio-gratis-_JM,38,7,0,0,0,#481845629,Marshall,Major,NA
87, Gancho Audifono Bluetooth Soporte Oreja ,1,NA,160,48,6,167,NA,Envío a todo el país,NA,NA,NA,NA,https://perfil.mercadolibre.cl/SEBILLASTORE,https://articulo.mercadolibre.cl/MLC-438280371-gancho-audifono-bluetooth-soporte-oreja-_JM,NA,NA,NA,NA,NA,#438280371,NA,NA,NA
88, Audífono Pioneer Bluetooth On Ear Se-mj561bt ,44.99,49.990,10,1,12,3.749,NA,Envío gratis a todo el país,NA,NA,NA,NA,https://perfil.mercadolibre.cl/MUSICWORLDCHILE?brandId=183,https://click1.mercadolibre.cl/mclics/clicks/external/MLC/count?a=54OcnG5ClLU57DOQkhMlXE0ISBZcPuoUo0D2MTWYcgaGlUvHVV5hG4%2FsGAknpKG4lzLXW7NLjhdV7e7jLjXjZ1VzNbMpDjvDw%2BAqmtpbVsm6zLmeDk3v6BzjsvGazbOCGUC6HYbnYzjY%2FA0lCigTA63mn%2FoFu1gc5i2V24xrgqofTs9378jDz1J01tDlKwBgozyQEtpuRxMEWQ%2BCc67dYOsoM6W7jaAg3mbmvbT6sKAUqF2u18NZ4Qdu927mEPz9baDw38iDlDIYs4fOzdKDWBIIcvfCsb9AJsxtjLjgi6qThMOkXJ3PebAeOQKDN3s7PgEIsC6nGXumq4wxkRGowvfXOPQXmb8nnwMnW%2F6%2Fvfe91aYBxD5nsomxVu%2FBEIem7b3wRFt%2FeAUovMsM09UOHakrVSUK3AK4C7K7Q95LVGuGu69Z3W8UKtPDZwfH%2F7QdXVJfAd8RjtzwDNYeOt0505wX5UA56539MwmaehKuCR%2FtD1aTtCIgLAamxsmcjvIdgHJhsCMXJwSDDE%2FSOvg9ntF51RK5WaDx8b0AdJN0Obh2bK3xYN7rhbwGlAs82PS9fnR8epiBlFVcDyNMS9rXGd0qxzdW8CDiiMDT02Q2JXdyV%2BtU9sjedKj%2BM28ovWFgXkBmwCMdKVu0mpRM9Pm0pw28MsON9IfwZ6lgSGyF9PiAYTf7aWUf0vNTlNHKrK2P5To6K%2FhnnE%2B%2Fu7tXxUoR8FE17PfPvvD4Fj1LpSZjSL2KsGoZt6hUOJGBq9BjsRub%2FbfIH%2FZmypoJqILcLeGiS6xJmQN99ux8HQNE32fcVs6rAcSmakJ1JwQRDbvV4Ndlrsh6aNi9I7i%2B13b4LcnYi1H7Ur7sOFUGaBMU%2BE151KVBSQOpBEtO2odwkF0Pay6D35DovGpWI1n%2FcoBlqHrYJntwQnRBndR0%2Fdy7f2SUKXBU8PtG8ZSt%2B5EhbNLRzu8VW7UzLX9FXT7arDXr7MNIWUl6raSvafAypy69EX%2BcH6C1NOfI%2F%2B2nMo2a4LlIXYOOsZ7swv289VmRGPl3VzRNG78jUB9piaDchbxQEh%2BeG%2FdrRaLxAuThyrYI%2Byz4Os8f%2FTVdwrZC5Srq31ui%2BOIHTRDfP8VJ2PVAOKAI%2Bt4oPtXVLfUlRtbkL20Jhs%2Fobqs8tnOyEZAnbMFhmvvA5HHq35rNmK5vsbK5MNM6fye6TOxRVBio4GETilMfNf4zWkfOQiNHl%2FEOdj1Cf%2FjqxroNDWrf6hDoWYsdSJZeFFF7KQeenGaLJnfW19scQMd%2FI2EmeqJA1JmTP9uCli4zordt%2FpprjZZofAbku5bY1aBu6IToEJRb3BFGq%2BiMkPgtpYwAYIWO0eqNByiKaMF8if7BJP79c1MB8HYvlPRzukyxuYYO3ioE9hIz9K%2FAT8sb%2FhI4Ol2Ck6Orff%2FAOMD0JjXCVfp8x5%2FJ9ZbJeWCgECwTt1%2FcVPCqDfB4,NA,NA,NA,NA,NA,#446224837,Pioneer,SE-MJ561BT,NA
89, Pack 2 Audífonos Lightning Bluetooth iPhone 7/ 8/ X| Maxtech ,14.99,NA,12,38,12,1.249,NA,Envío a todo el país,NA,NA,NA,NA,https://perfil.mercadolibre.cl/MAXTECHCHILELTDA,https://articulo.mercadolibre.cl/MLC-477194136-pack-2-audifonos-lightning-bluetooth-iphone-7-8-x-maxtech-_JM,NA,NA,NA,NA,NA,#477194136,NA,NA,NA
90, Audífonos Bluetooth In-ear V5 Alta Calidad + Accesorios ,39.99,NA,38,1018,12,3.332,NA,Envío gratis a todo el país,NA,NA,5,3,https://perfil.mercadolibre.cl/WSTECHNOLOGY.,https://articulo.mercadolibre.cl/MLC-476953078-audifonos-bluetooth-in-ear-v5-alta-calidad-accesorios-_JM,3,0,0,0,0,#476953078,CHINO,V5,In-ear
91, Audífonos Bluetooth Bt-100 Gris Maxell- Con Obsequio ,9.99,15.990,24,7,12,832,NA,Envío a todo el país,NA,NA,3,1,https://perfil.mercadolibre.cl/MAXELL+CHILE?brandId=219,https://articulo.mercadolibre.cl/MLC-448714085-audifonos-bluetooth-bt-100-gris-maxell-con-obsequio-_JM,0,0,1,0,0,#448714085,Maxell,NA,NA
92, Audifonos Bluetooth Huawei Negro Am61 - Techbox ,29.79,NA,9,3,6,4.965,NA,Envío gratis a todo el país,NA,NA,4.9,13,https://perfil.mercadolibre.cl/TECHBOX_CHILE,https://articulo.mercadolibre.cl/MLC-488178430-audifonos-bluetooth-huawei-negro-am61-techbox-_JM,12,1,0,0,0,#488178430,Huawei,Xsport,NA
93, Audífonos Bluetooth Tipo I7s Tws Gamer V4.2 Oem ,6.99,NA,13,83,6,1.165,NA,Envío a todo el país,NA,NA,NA,NA,https://perfil.mercadolibre.cl/MAMI+HOUSE,https://articulo.mercadolibre.cl/MLC-491571996-audifonos-bluetooth-tipo-i7s-tws-gamer-v42-oem-_JM,NA,NA,NA,NA,NA,#491571996,NA,NA,NA
94, Audifonos Bluetooth P47 Stereo Radio Mp3 Inalambricos Sonido ,6.89,NA,6,98,12,574,NA,Envío a todo el país,NA,NA,NA,NA,https://perfil.mercadolibre.cl/MULTISHOPVIRTUAL23,https://articulo.mercadolibre.cl/MLC-479134060-audifonos-bluetooth-p47-stereo-radio-mp3-inalambricos-sonido-_JM,NA,NA,NA,NA,NA,#479134060,NA,NA,NA
95, Audífonos Bluetooth Jbl T450bt / Mundo Electro ,39.99,NA,7,8,12,3.332,NA,Envío gratis a todo el país,NA,NA,4.8,16,https://perfil.mercadolibre.cl/MUNDOELECTROCL,https://articulo.mercadolibre.cl/MLC-480775444-audifonos-bluetooth-jbl-t450bt-mundo-electro-_JM,12,4,0,0,0,#480775444,Sony,T450BT,Over-ear
96, Audífonos Bluetooth iPhone 7/ 8/ Plus X | Maxtech ,7.9,NA,20,50,6,1.317,NA,Envío a todo el país,NA,NA,1,1,https://perfil.mercadolibre.cl/MAXTECHCHILELTDA,https://articulo.mercadolibre.cl/MLC-470274845-audifonos-bluetooth-iphone-7-8-plus-x-maxtech-_JM,0,0,0,0,1,#470274845,NA,NA,NA
97, Audifono Bt 4.1 Bluedio T4 Cancelacion Mic Negro Proglobal ,37.99,NA,45,1,6,6.332,NA,Envío gratis a todo el país,NA,NA,4.7,7,https://perfil.mercadolibre.cl/PROGLOBALCHILE,https://articulo.mercadolibre.cl/MLC-458060298-audifono-bt-41-bluedio-t4-cancelacion-mic-negro-proglobal-_JM,5,2,0,0,0,#458060298,Bluedio,T4,NA
98, Audífonos Bluetooth In-ear Tws-x10 Perfecta Calidad ,49.99,NA,44,1023,12,4.166,NA,Envío gratis a todo el país,NA,NA,4.8,6,https://perfil.mercadolibre.cl/WSTECHNOLOGY.,https://articulo.mercadolibre.cl/MLC-476939296-audifonos-bluetooth-in-ear-tws-x10-perfecta-calidad-_JM,5,1,0,0,0,#476939296,CHINO,XT10,In-ear
99, Samsung Galaxy A30 Negro Carcasa Y Audifonos De Fabrica ,149.999,NA,43,9,6,25.000,NA,Envío gratis a todo el país,NA,NA,4,4,https://perfil.mercadolibre.cl/OFME9109138,https://articulo.mercadolibre.cl/MLC-489466115-samsung-galaxy-a30-negro-carcasa-y-audifonos-de-fabrica-_JM,3,0,0,0,1,#489466115,Samsung,A30,NA
100, Audífono Pioneer Bluetooth On Ear Se-mj561bt ,44.99,49.990,10,1,12,3.749,NA,Envío gratis a todo el país,NA,NA,NA,NA,https://perfil.mercadolibre.cl/MUSICWORLDCHILE?brandId=183,https://articulo.mercadolibre.cl/MLC-446224837-audifono-pioneer-bluetooth-on-ear-se-mj561bt-_JM,NA,NA,NA,NA,NA,#446224837,Pioneer,SE-MJ561BT,NA
101, Audifonos Inalámbricos Ger Tong Magnéticos Bluetooth ,5.2,NA,18,11,12,433,NA,Envío a todo el país,NA,NA,NA,NA,https://perfil.mercadolibre.cl/ONNYA,https://articulo.mercadolibre.cl/MLC-476576841-audifonos-inalambricos-ger-tong-magneticos-bluetooth-_JM,NA,NA,NA,NA,NA,#476576841,NA,NA,NA
102, 1 Par De Audífonos Bluetooth I7s Tws Gamer V2.0 ,4.99,NA,22,78,12,416,NA,Envío a todo el país,NA,NA,NA,NA,https://perfil.mercadolibre.cl/CELLBOX.CL,https://articulo.mercadolibre.cl/MLC-469009538-1-par-de-audifonos-bluetooth-i7s-tws-gamer-v20-_JM,NA,NA,NA,NA,NA,#469009538,NA,NA,NA
103, Audifonos Jbl T600 Bluetooth Noise Canceling Negro - Techbox ,86.99,NA,6,3,6,14.498,NA,Envío gratis a todo el país,NA,NA,NA,NA,https://perfil.mercadolibre.cl/TECHBOX_CHILE,https://articulo.mercadolibre.cl/MLC-474734749-audifonos-jbl-t600-bluetooth-noise-canceling-negro-techbox-_JM,NA,NA,NA,NA,NA,#474734749,JBL,NA,NA
104, Audifonos Bluetooth P47 Stereo 6 Horas De Autonomia ,7.99,NA,220,1,12,666,NA,Envío a todo el país,NA,NA,4.8,6,https://perfil.mercadolibre.cl/KIOSKOFAST.COM,https://articulo.mercadolibre.cl/MLC-463431068-audifonos-bluetooth-p47-stereo-6-horas-de-autonomia-_JM,5,1,0,0,0,#463431068,NA,NA,NA
105, Audifonos I7s Tws Bluetooth iPhone Android ,8.99,NA,14,80,12,749,NA,Envío a todo el país,NA,NA,NA,NA,https://perfil.mercadolibre.cl/LAOCASIONSTORE,https://articulo.mercadolibre.cl/MLC-471461822-audifonos-i7s-tws-bluetooth-iphone-android-_JM,NA,NA,NA,NA,NA,#471461822,NA,NA,NA
106, Audifonos Inalàmbricos Bluetooth I9s Tws 5.0 Double Call ,19.99,NA,11,1,12,1.666,NA,Envío gratis a todo el país,NA,NA,NA,NA,https://perfil.mercadolibre.cl/VARIEDADESLUNANUEVA,https://articulo.mercadolibre.cl/MLC-488973995-audifonos-inalmbricos-bluetooth-i9s-tws-50-double-call-_JM,NA,NA,NA,NA,NA,#488973995,NA,NA,NA
107, Audífonos Bluetooth Bt-100 Blanco Maxell- Con Obsequio ,9.99,15.990,16,4,12,832,NA,Envío a todo el país,NA,NA,NA,NA,https://perfil.mercadolibre.cl/MAXELL+CHILE?brandId=219,https://articulo.mercadolibre.cl/MLC-457317859-audifonos-bluetooth-bt-100-blanco-maxell-con-obsequio-_JM,NA,NA,NA,NA,NA,#457317859,Maxell,NA,NA
108, Audifonos Bluetooth Aptx Qcy Qy8 ,14.99,NA,13,15,12,1.249,NA,Envío a todo el país,NA,NA,5,4,https://perfil.mercadolibre.cl/WIRELESS+MUNDO,https://articulo.mercadolibre.cl/MLC-459671520-audifonos-bluetooth-aptx-qcy-qy8-_JM,4,0,0,0,0,#459671520,QCY,QY8,NA
109, Auriculares Bluetooth Inalámbrico Earpods 17 Twins ,16.99,NA,47,3,12,1.416,NA,Envío a todo el país,NA,NA,5,3,https://perfil.mercadolibre.cl/WILLIECOYOTE68,https://articulo.mercadolibre.cl/MLC-459416903-auriculares-bluetooth-inalambrico-earpods-17-twins-_JM,3,0,0,0,0,#459416903,NA,NA,NA
110, Audífonos Kz Zst Black Doble Driver + Bluetooth + Estuche ,35.98,NA,24,1,6,5.997,NA,Envío gratis a todo el país,NA,NA,4.8,81,https://perfil.mercadolibre.cl/EARPHONE-PRO-STORECHILE,https://articulo.mercadolibre.cl/MLC-464133095-audifonos-kz-zst-black-doble-driver-bluetooth-estuche-_JM,67,11,2,1,0,#464133095,KZ,ZST,NA
111, Auriculares Audífonos Bluetooth In-ear Qcy Qy8 Deportivos ,19.99,NA,14,2,6,3.332,NA,Envío gratis a todo el país,NA,NA,5,4,https://perfil.mercadolibre.cl/DFAST+CL,https://articulo.mercadolibre.cl/MLC-466988583-auriculares-audifonos-bluetooth-in-ear-qcy-qy8-deportivos-_JM,4,0,0,0,0,#466988583,QCY,QY8,NA
112," Receptor Bluetooth Auto Audífonos Plug 3.5 Aux, Manos Libres ",3.99,NA,71,29,6,665,NA,Envío a todo el país,NA,NA,3,1,https://perfil.mercadolibre.cl/HDFACTORY,https://articulo.mercadolibre.cl/MLC-471738085-receptor-bluetooth-auto-audifonos-plug-35-aux-manos-libres-_JM,0,0,1,0,0,#471738085,NA,NA,NA
113, Audifono Bluetooth Pioneer In-ear Secl5bt ,29.99,39.990,18,3,12,2.499,NA,Envío gratis a todo el país,NA,NA,4.3,4,https://perfil.mercadolibre.cl/MUSICWORLDCHILE?brandId=183,https://articulo.mercadolibre.cl/MLC-456503170-audifono-bluetooth-pioneer-in-ear-secl5bt-_JM,2,1,1,0,0,#456503170,Pioneer,NA,NA
114, Audífonos Lighting Compatible iPhone 7/8/x. Activ(bluetooth) ,7.99,NA,27,6,6,1.332,NA,Envío a todo el país,NA,NA,NA,NA,https://perfil.mercadolibre.cl/TIENDA+EFAS,https://articulo.mercadolibre.cl/MLC-466905830-audifonos-lighting-compatible-iphone-78x-activbluetooth-_JM,NA,NA,NA,NA,NA,#466905830,NA,NA,NA
115, Audífono Jbl Tune T500 Bluetooth Negro - Mobilehut ,49.99,69.990,5,4,6,8.332,NA,Envío gratis a todo el país,NA,NA,NA,NA,https://perfil.mercadolibre.cl/MOBILEHUT?brandId=166,https://articulo.mercadolibre.cl/MLC-484768652-audifono-jbl-tune-t500-bluetooth-negro-mobilehut-_JM,NA,NA,NA,NA,NA,#484768652,JBL,TUNE T500 BT,NA
116, Pack 5 Audifono Bluetooth V4.2 Inalámbrico Hbq I7-tws ,29.99,74.950,7,30,6,4.998,NA,Envío gratis a todo el país,NA,NA,NA,NA,https://perfil.mercadolibre.cl/ONLINECLUB,https://articulo.mercadolibre.cl/MLC-490465136-pack-5-audifono-bluetooth-v42-inalambrico-hbq-i7-tws-_JM,NA,NA,NA,NA,NA,#490465136,HBQ,NA,NA
117, Audífonos Bluetooth Soundcore Space Nc ,119.99,149.990,28,3,6,19.998,NA,Envío gratis a todo el país,NA,NA,5,4,https://perfil.mercadolibre.cl/ANKERSTORE?brandId=188,https://articulo.mercadolibre.cl/MLC-461818226-audifonos-bluetooth-soundcore-space-nc-_JM,4,0,0,0,0,#461818226,NA,NA,NA
118, Auricular Bluetooth 3.0 Philips Shb1623 Manos Libres Ligero ,13.99,NA,12,1,6,2.332,NA,Envío a todo el país,NA,NA,NA,NA,https://perfil.mercadolibre.cl/MMSMIKE1,https://articulo.mercadolibre.cl/MLC-471039296-auricular-bluetooth-30-philips-shb1623-manos-libres-ligero-_JM,NA,NA,NA,NA,NA,#471039296,Philips,NA,NA
119, Audífono Monster Bluetooth Profesional Blanco 40 Hrs Musica ,24.89,NA,15,85,6,4.148,NA,Envío gratis a todo el país,NA,NA,NA,NA,https://perfil.mercadolibre.cl/OUTLETNET-LTDA,https://articulo.mercadolibre.cl/MLC-460166748-audifono-monster-bluetooth-profesional-blanco-40-hrs-musica-_JM,NA,NA,NA,NA,NA,#460166748,Monster,NA,NA
120, Original Audifonos Bluetooth Qcy Q29 Sin Cables Envio Gratis ,38.99,NA,12,2,6,6.498,NA,Envío gratis a todo el país,NA,NA,4.5,2,https://perfil.mercadolibre.cl/CASTLETECEIRL,https://click1.mercadolibre.cl/mclics/clicks/external/MLC/count?a=hR%2FfjA%2ByjeHarJUUMufrT58s%2FfRw9Uq1VYDYp%2FSDwD24PDGt8hd2Y5e6k%2FMLPeLVHUgF2ZfLc5gz9RQV%2B5iUYScU7%2Bd9vOwpUWUAWk6iGzvf668mYbFUFuUicgUtxcsINl9PH%2BVkK5DF5iseVs5Ukn2Hot2e14qYRrzaxdKk5k8OhKV8EkHOINQYhUJNLk%2BypEQNVyGDJ0BR%2BRnnmcyj0ylf%2BIT4OgFC%2FaIfYq1aUs4Kv5HQzA3I3eLyQN69NfWTKgJeTIhQz51%2F9bcjOYIsQGYA8SegvEMJ2Z54AWtxcS%2B2t1X1Um7tnaxF4fb0BbmrTOaWKzbOmldHxk%2FaVL76DwSPgEgt0UHqWXQNN5aR2rQireY43LNsGdB9KQih%2F7MNU7DA1sCpNY9rqrLqVY3wv5tu5IZ5a55HGHx0Md0737uk35LsLAXHiUai1ZSESStoFdJDQVcHHXBpvE9yY861jTednc%2B26%2B7PH6gE%2BpWrl2eL186luyVScmVUx5voByRx5cG1jB2WkM1uY%2F5Ll7%2Fbln3cbRnJnT2O14BsYveAM7hE7YRB0%2BVvskW%2FvCWJASmENxFulE%2B%2BFNSf7cCb4SSrmDifoS8BzG8mlEhEwgBZXaSWIdTdnw%2FsZVM%2FpBjjHw7NgJyzafM%2F0CyT18DJcIwu85CTKbdl64sQwuBASt3iQw8ObRc3bDBUayzqqjh%2FLkJxJWZTFsCHsqTVf9%2B3hYETi0OaGEeElgpnLcWMYyyMbpkltc47agdkjlwL6hQnEphQmL9BhpHNfoXW%2Fbo%2FXkT2%2FfVWIHS2QflDvs%2B2ItcMhfCjVDhsIUcd1AIdDx8Nz9mkZ9SVXWbsXjSftHxieDpkGTAjLmQyaRPJMUxH5U6XLFApGV2jgL19jdgHssddE%2BQLbiW%2F8jFe2OfbP60ukFH5etKNwPy7p1uljmE7uLSza3eLAt3kt1%2BCYM9GF1IqORtE%2BB0yeef4J2Q9DiGVZk2xMLy%2BVszmqMFRqAW3JBgk5AF4A51IVCC%2Bp0gGE8dnd9tB%2F9IPsbb%2Bo2ntmb7URSq2d4sYTib2p6NEMdGffuceNvcNJ3hFJ0KJFHLX6uIqduynzcHJ%2FpLIrwyxwMxHycIIcy%2BMBJTC2hG21MYz0bKTRe0DhQ1JJdl7M1m7bOud1lun%2BjzpIgwMR2gvZaXZ22xTmbo36fKcQZRwY4WAveNYt4I4Izwz9earD0rBV1x86%2BrRPN2qqIz8ZT8CGqDYzlVyd2pWpAtQjfme53U3qOIpnucQ5XbR4InA61jMvGCZQ%2FCJfbjDU7GpqBmYf846GrtaWJD5nW8mxRPgQBj8o81Aab12a4AXviAhs3EWz4yxWsekKlL9UBco0uCAh2DCMY7G6rr3gzO78r8ee99FwsqCjIAxpG3NshtDcapWK5%2FlsqjY2g5vVlUDYz3ooG4xlRXFhRn5cqW%2BxoOZ0Inw%2BS8zbYnZJIa6UD0GHp%2Fb38583L3OHIqnFu%2F5YBKy,1,1,0,0,0,#453694391,QCY,Q29,In-ear
121, Audífonos Syllable D900p Binaural Bluetooth 5.0 Versión 2019 ,35.99,NA,33,3,12,2.999,NA,Envío gratis a todo el país,NA,NA,4.6,5,https://perfil.mercadolibre.cl/AHAL5010421,https://articulo.mercadolibre.cl/MLC-465634528-audifonos-syllable-d900p-binaural-bluetooth-50-version-2019-_JM,3,2,0,0,0,#465634528,Syllable,D900P,NA
122, Audífonos Bluetooth In-ear Touch Two Alta Calidad Colores ,34.99,NA,29,1026,12,2.916,NA,Envío gratis a todo el país,NA,NA,5,2,https://perfil.mercadolibre.cl/WSTECHNOLOGY.,https://articulo.mercadolibre.cl/MLC-476951564-audifonos-bluetooth-in-ear-touch-two-alta-calidad-colores-_JM,2,0,0,0,0,#476951564,CHINO,TOUCH TWO,In-ear
123, Original Audifonos Bluetooth Qcy Q29 Sin Cables Envio Gratis ,38.99,NA,12,2,6,6.498,NA,Envío gratis a todo el país,NA,NA,4.5,2,https://perfil.mercadolibre.cl/CASTLETECEIRL,https://articulo.mercadolibre.cl/MLC-453694391-original-audifonos-bluetooth-qcy-q29-sin-cables-envio-gratis-_JM,1,1,0,0,0,#453694391,QCY,Q29,In-ear
124, Audifono Bluetooth Pioneer In-ear Secl5bt ,29.99,39.990,18,3,12,2.499,NA,Envío gratis a todo el país,NA,NA,4.3,4,https://perfil.mercadolibre.cl/MUSICWORLDCHILE?brandId=183,https://click1.mercadolibre.cl/mclics/clicks/external/MLC/count?a=LtCMxVP1oplZLYBwdDWjj5QcO3wqRaGqdRTOALqp%2BP6jsbbbC2hBPp3DxErDSHDf9n1QAI6ix9vlp3efLvj2UwFDAfySJQLc0LGtXp9NsV5%2BXX1ynp8OVNCDMHE0XlBOJa1F8hpAMGafbO%2BU6TXpokwZvAjSHXFSTeyl%2FHLrL4mjBDFtG6ogW6dW0Re6d%2B1sW%2BHs1rerFNWwWCJxUL4BfsZoIfO0vnkhQ04JZBlYTUrA4g%2FiMJ99TdhARn03Oojvy6ZjHu746pfqgDjXuE07h6b23vZhs8QWLlnyPMaiNlhwZ6pgJ9TXSCEbDOxRBFdxlx9JlO9pw8xIkywvIgwJkR%2F757aP7wf%2Bl2Y2No%2FD16YwYrCkYBI4XNeAlewgGatzUaBOkpodxkpJwfR%2BmfDnMKDl2hSvRPZF7H%2F2kJrS9AHMN8EWsY8U7VKF0k9TUsre8Sgrdq128IpM%2Bl%2FFwir2ulmu6I%2BuIwZNZhThPF6u50ruibR7yNS9zgN79Mr%2BR7vPmC%2FXwyyOytO5RxzelqGAb8WCytnZ9s2jqBomP6hGV%2BK0D3wNv3KuCyOlWx90bWSj75pfZ5IvuQnW63t6CvKB%2B1qBznZb6Om0EF9GMZVp6mAxBlVN5Cirlb5SGtsLlkHB51Mrl0xlphr2K6o%2FP%2Foc%2FVMTKKeSXCQfQ3GUkWSoQ1kkc%2FAebbzgzNFhXb%2BS%2FUg5Ho8Qz1gmXT0YVRD60Njs1hPwngMXdHNKPFyGeO1n107ZM6G%2FyJxNAbQl%2FZ7P6%2F7iIHMHTHi4eI%2Biypjbm4EuY5f8AnjVdcec6IBSFzDJkCPfeVgf95yLBHMh1sNo8PmZ%2Bqy9EeoEzc%2Fk2c277%2FejpakUVpHygsnuGYgqxpwQpb1KNIemN%2Bwf%2FClx%2FJoZag8ytc1PoCQZKZ4vYroZ6bHRQWp457H%2B8zAXLHdHGJtt0%2BPpXD6TcfJLMtlHG6wmNK6%2FovzVIHsnJDuLfvr9y38Ts4B975edBx8sCAye049IEgoRzv3iLFTEVShxMDvLR49wW2N6EgAG%2F9vxIgxr%2FiigTBBptAylaqJCO8R6WaREL2eR6LUxAp77XJ359nT1r3BtlFPxjUi%2B5QKYBq1RxlgYc81lkQ7t6Yyyf2DH81%2FZjgbRHGN0PS55OMlCibf55f4mb65bc4UOcdrldQSMrQzrOdDWsB8%2FD4Uq5XIawDlNEZnc5lrsMlZTNbiwfqEneT%2BCZ5AFSjTzDxbN1bZVZ5cC40hcXf9FbyP9mXmN0ABAs2apTe4Sxg6jPTAoIuLALASVPJ3BtEh2KAcHc0%2BBrtG3iXrI68JpnMkS9eYxyigfFQqXx5ugiyJ2ojz6xPKT44cJEfwt1DZVsbW8433WGT3sGwyVCPg6s5RMscAwOsg8boRq%2BrI0Lp0dxJJhMA1aU3pw9%2BeK4evoM5kEMg072ai%2BZYEqRMTjNxEXRK3tv61VwHKuH0K%2Bzmg%3D,2,1,1,0,0,#456503170,Pioneer,NA,NA
125, Audífonos Bluetooth On-ear Fiddler Con Manos Libres Negro ,14.99,NA,70,20,6,2.498,NA,Envío gratis a todo el país,NA,NA,4.6,8,https://perfil.mercadolibre.cl/MACROTEL+TO?brandId=335,https://articulo.mercadolibre.cl/MLC-465825327-audifonos-bluetooth-on-ear-fiddler-con-manos-libres-negro-_JM,6,1,1,0,0,#465825327,Fiddler,FD-B68B,NA
126, Audifonos Gamer Bluetooth 4.1 Mic Ps4 Pc Led Proglobal ,21.99,NA,53,17,6,3.665,NA,Envío gratis a todo el país,NA,NA,4.5,8,https://perfil.mercadolibre.cl/PROGLOBALCHILE,https://articulo.mercadolibre.cl/MLC-449027580-audifonos-gamer-bluetooth-41-mic-ps4-pc-led-proglobal-_JM,7,0,0,0,1,#449027580,KOTION EACH,NA,NA
127, Audifono Manos Libres Sonido Hd Qcy Mini2 Bluetooth 5.0 ,11.99,NA,10,5,6,1.998,NA,Envío a todo el país,NA,NA,NA,NA,https://perfil.mercadolibre.cl/WIRELESS+MUNDO,https://articulo.mercadolibre.cl/MLC-470678475-audifono-manos-libres-sonido-hd-qcy-mini2-bluetooth-50-_JM,NA,NA,NA,NA,NA,#470678475,QCY,NA,NA
128, Pack 3 Audifonos Deportivos Bluetooth Inalambricos Bs19c ,10.5,NA,23,77,12,875,NA,Envío a todo el país,NA,NA,NA,NA,https://perfil.mercadolibre.cl/CHILE_DISTRIBUTOR,https://articulo.mercadolibre.cl/MLC-464966776-pack-3-audifonos-deportivos-bluetooth-inalambricos-bs19c-_JM,NA,NA,NA,NA,NA,#464966776,NA,NA,NA
129, Audifonos Bluetooth Inalambrico Para Niños Disney Originale ,19.99,NA,19,2,12,1.666,NA,Envío gratis a todo el país,NA,NA,NA,NA,https://perfil.mercadolibre.cl/TUSFUNDASCHILE,https://articulo.mercadolibre.cl/MLC-472956062-audifonos-bluetooth-inalambrico-para-ninos-disney-originale-_JM,NA,NA,NA,NA,NA,#472956062,Disney,NA,NA
130, Audifono Samsung Original Bluetooth Hm1350 Mono - Mobilehut ,14.99,NA,122,2,6,2.498,NA,Envío a todo el país,NA,NA,NA,NA,https://perfil.mercadolibre.cl/MOBILEHUT?brandId=166,https://articulo.mercadolibre.cl/MLC-448249308-audifono-samsung-original-bluetooth-hm1350-mono-mobilehut-_JM,NA,NA,NA,NA,NA,#448249308,Samsung,Hm1350 Mono,Clip-ear
131, Beats Audifono On Ear Solo 3 Wireless Rose Gold - Mobilehut ,199.99,NA,2,2,6,33.332,NA,Envío gratis a todo el país,NA,NA,NA,NA,https://perfil.mercadolibre.cl/MOBILEHUT?brandId=166,https://articulo.mercadolibre.cl/MLC-489132694-beats-audifono-on-ear-solo-3-wireless-rose-gold-mobilehut-_JM,NA,NA,NA,NA,NA,#489132694,Beats,On Ear Solo 3 Wireless Rose gold,NA
132, Pack 2 Audifonos Inalambricos P15 Cyberday Envio Gratis ,19.99,NA,73,25,6,3.332,NA,Envío gratis a todo el país,NA,NA,4.7,3,https://perfil.mercadolibre.cl/IMPORTADORAMUNDOONLINE,https://articulo.mercadolibre.cl/MLC-463068615-pack-2-audifonos-inalambricos-p15-cyberday-envio-gratis-_JM,2,1,0,0,0,#463068615,NA,NA,NA
133, Audífonos Marshall Major Ii Bluetooth/cableado- Envío Gratis ,65.99,NA,11,2,6,10.998,NA,Envío gratis a todo el país,NA,NA,5,6,https://perfil.mercadolibre.cl/DENTALCONCEPCION,https://articulo.mercadolibre.cl/MLC-470580763-audifonos-marshall-major-ii-bluetoothcableado-envio-gratis-_JM,6,0,0,0,0,#470580763,Marshall,Major II,NA
134, Audífonos Bluetooth Philips Bass+ Shb3075 + Envío Gratis ,39.99,NA,7,3,6,6.665,NA,Envío gratis a todo el país,NA,NA,4.8,4,https://perfil.mercadolibre.cl/CHARLYS_SHOP,https://articulo.mercadolibre.cl/MLC-478935614-audifonos-bluetooth-philips-bass-shb3075-envio-gratis-_JM,3,1,0,0,0,#478935614,Philips,SHB3075,NA
135, Audifonos Bluetooth Honor (huawei En Chile) Am61 Deportivos ,26.99,NA,10,1,6,4.498,NA,Envío gratis a todo el país,NA,NA,4.8,54,https://perfil.mercadolibre.cl/SAURON1980,https://articulo.mercadolibre.cl/MLC-475586128-audifonos-bluetooth-honor-huawei-en-chile-am61-deportivos-_JM,45,6,2,1,0,#475586128,Huawei,AM61,NA
136, Audifono Bluetooh Manos Libres Smarphone ,3.99,NA,38,2,12,332,NA,Envío a todo el país,NA,NA,1,1,https://perfil.mercadolibre.cl/MAXDESCUENTOSCL,https://articulo.mercadolibre.cl/MLC-463790374-audifono-bluetooh-manos-libres-smarphone-_JM,0,0,0,0,1,#463790374,Importado,Smarphone,NA
137, Audífonos Bluetooth Samsung Level Active + Envío Gratis ,49.99,NA,5,1,6,8.332,NA,Envío gratis a todo el país,NA,NA,5,2,https://perfil.mercadolibre.cl/CHARLYS_SHOP,https://articulo.mercadolibre.cl/MLC-478228853-audifonos-bluetooth-samsung-level-active-envio-gratis-_JM,2,0,0,0,0,#478228853,Samsung,Active,NA
138, Audifonos Bluetooth Huawei Azul Am61 - Techbox ,29.79,NA,6,3,6,4.965,NA,Envío gratis a todo el país,NA,NA,4.8,54,https://perfil.mercadolibre.cl/TECHBOX_CHILE,https://articulo.mercadolibre.cl/MLC-488178956-audifonos-bluetooth-huawei-azul-am61-techbox-_JM,45,6,2,1,0,#488178956,Huawei,Xsport,NA
139, Audífono Bluetooth V4.1 Aiwa Aw-880bt Deportivos ,15.99,NA,7,93,6,2.665,NA,Envío a todo el país,NA,NA,NA,NA,https://perfil.mercadolibre.cl/TECNOCENTERCURICOSPA,https://articulo.mercadolibre.cl/MLC-473981324-audifono-bluetooth-v41-aiwa-aw-880bt-deportivos-_JM,NA,NA,NA,NA,NA,#473981324,NA,NA,NA
140, Audifonos Bluetooth Qcy Qs1 Envío Gratis ,28.9,NA,11,9,6,4.817,NA,Envío gratis a todo el país,NA,NA,5,1,https://perfil.mercadolibre.cl/IDSINSUMOS,https://articulo.mercadolibre.cl/MLC-476816844-audifonos-bluetooth-qcy-qs1-envio-gratis-_JM,1,0,0,0,0,#476816844,QCY,NA,NA
141, Audífonos Bluetooth Bt-100 Negro Maxell- Con Obsequio ,9.99,15.990,276,2,12,832,NA,Envío a todo el país,NA,NA,4.5,29,https://perfil.mercadolibre.cl/MAXELL+CHILE?brandId=219,https://click1.mercadolibre.cl/mclics/clicks/external/MLC/count?a=efKWEC2byWgyTgJeMDM1TPJeI0GJhl3Yi27HUDOiRO%2FvcF88FGcSZBdHG84prf3gwa3vHt9bG4zctLdSXZnSSmwEmq3jB6ScBYYFy9pirxRB2%2B9QqMNW0SI7Qi%2BE7QUuxjcJMSMHWWKaCk9U%2Flug8eCpKemeNJiY3%2ByGo7h%2F8aAmr2adVOFd819Y5SjJUTZdb2SJZ2L6qImlgcgJRGt0Zx2oY4hIA0M6IRqO33cD0XyQ9dZLewf2pSEClteuc8mi%2FiKAHWHZ95GdfgHbPBxVhikTgphFVbeGtbwfoEN14oaqYTDWZHJZ%2BTiqr1khi3ZYXpb0wHVgLfyPlHvo98N%2F3iPq%2Bxvpw%2FZl0ZoowxIsj%2FzwKl4KY4B7KK9q%2BdChc%2BRhEg3vZS%2FsYlwTPns%2BSbRBAep1G%2FYi7z37vBjN33ccX4zTKljCWS0oHJ5qnitE4DV8n2gfOA5%2FHGYQhF3cfYcFgXlJEfJUZdrnhlXTCLaVkVa5uHUxGNanNF4277haVj5Gm%2BOAEPZIGED1tjCCT%2Fmq%2F83T7XeCG%2FeaF6r8Ye71pdgcjByjdeY9BjqRKQH3203PNR%2BxiSJuh9B4x4eIde6nFZ51HS%2F%2BgKb0Rb%2BUbFlsagSHZAA78YD71jfcZlNQTdU2hSGkUw3WPjAuyhg5fjA9Ls809XdSQ2C6P6KWPwzQoBv2mG0lBjZ%2FXKP17qmAsEq%2BosBtBX0XatMrVSJQxQZgNBNXGQI8G7g6ABYcScWnLW47MNrepoyPKsJA%2BKo4hJ2P6TCb5wQH1bu33bsh6J62DgA5yRt3D1o3lZPb%2Fwn9Femxer7zhzB2orv212XXOwQucg0iR7N7q1AUUJrt5%2FeSoPpH6vtWEeaIZk9DFjxhP%2B5WhU9cH55UVg81sLWQ2cjJu326hLadx3C6rO%2Fp8CcEj8jj54TEPyg18pOLpuI%2FEq87vrNMdNbp5X0Fl9aXeTAP2VEluXzNV6UR%2BvQ%2FM6jajv0I2F7kmShktIv597YIkBEHe7wOwxtukIxWuZMTyhEiukWeDeri%2FR7w1%2FrQUuh766zRBBVFnBcbqoyBhs3p%2FHcL7QI4hnk%2F6AxAKmf9Hfzsa8QWukUl0KgMszFezVQuT8DX65K%2FQ6KeDhrmE6zcR2AmTaE3Q0yphPtHp7MThXD4ZUlF96mL1jgDh6glqAMEu2IYP9Wi89Xe9JS0ggEcsuXWjUSbeLE8USlGTjK2IBuxXDQtIVJ2iLJuz78zp5FMmzwiJzKLDaqTIrwH0Oz3nk7NdOPzBSrkVP8ufAtetIG1tY%2Flgq6il9PrbSBqga1FKux073hHsSJ0mCC5y2Y%2BIn2iAj%2Bp6OD7U7foGC1bRRZjimj48hsCT6hbfQDWJgKUcUMC2AQ%2FfU5gXbXECebIro1VbqWJuo1nn%2B5ZDxhvjTGQ9lww%2FR5ywE8NiZq%2BHjupWukwTR58iLVIVO3aNnkVDlJ7Sm%2FxmDll06fceHFISEg1vw%3D%3D,21,4,2,2,0,#452371070,Maxell,EB-BT100 CARBON,NA
142, Audífono Individual Bluetooth Manos Libres Blanco I7 Tws ,1.99,NA,7,93,6,332,NA,Envío a todo el país,NA,NA,NA,NA,https://perfil.mercadolibre.cl/MOZA+IMPORTACIONES,https://articulo.mercadolibre.cl/MLC-488375968-audifono-individual-bluetooth-manos-libres-blanco-i7-tws-_JM,NA,NA,NA,NA,NA,#488375968,NA,NA,NA
143, Audifonos Sony Oem Mdr-zx330bt Bluetooh ,14.99,NA,8,87,6,2.498,NA,Envío a todo el país,NA,NA,NA,NA,https://perfil.mercadolibre.cl/ELECTRONICA_ROCA,https://articulo.mercadolibre.cl/MLC-464456680-audifonos-sony-oem-mdr-zx330bt-bluetooh-_JM,NA,NA,NA,NA,NA,#464456680,Sony,MDR-ZX330BT,NA
144, Audifono Manos Libres Bluetooth Y Musica V 4.1 ,4.99,NA,14,92,12,416,NA,Envío a todo el país,NA,NA,5,1,https://perfil.mercadolibre.cl/HOMEVENTAS+LTDA,https://articulo.mercadolibre.cl/MLC-458772821-audifono-manos-libres-bluetooth-y-musica-v-41-_JM,1,0,0,0,0,#458772821,NA,NA,NA
145, Sennheiser Hd 4.40 Audifonos Inalámbricos Bluetooth + Envio ,89.99,NA,9,2,6,14.998,NA,Envío gratis a todo el país,NA,NA,NA,NA,https://perfil.mercadolibre.cl/PROGLOBALCHILE,https://articulo.mercadolibre.cl/MLC-454986062-sennheiser-hd-440-audifonos-inalambricos-bluetooth-envio-_JM,NA,NA,NA,NA,NA,#454986062,Sennheiser,NA,NA
146, Audifono Bluetooth Sports Headset Deportivos ,7.99,NA,28,13,12,666,NA,Envío a todo el país,NA,NA,NA,NA,https://perfil.mercadolibre.cl/NICE+HOME,https://articulo.mercadolibre.cl/MLC-457067204-audifono-bluetooth-sports-headset-deportivos-_JM,NA,NA,NA,NA,NA,#457067204,NA,NA,NA
147, Apple Audifonos AirPods 2 ª Estuche De Carga - Phone Store ,144.99,NA,9,891,6,24.165,NA,Envío gratis a todo el país,NA,NA,5,26,https://perfil.mercadolibre.cl/PHONESTORE-RETAILCHILE,https://articulo.mercadolibre.cl/MLC-489269332-apple-audifonos-airpods-2-estuche-de-carga-phone-store-_JM,26,0,0,0,0,#489269332,Apple,AirPods,NA
148, Audifonos Bluetooth Awei T11 Originales Excelente Sonido ,17.59,NA,30,1,6,2.932,NA,Envío gratis a todo el país,NA,NA,4.8,4,https://perfil.mercadolibre.cl/EARPHONE-PRO-STORECHILE,https://articulo.mercadolibre.cl/MLC-448727059-audifonos-bluetooth-awei-t11-originales-excelente-sonido-_JM,3,1,0,0,0,#448727059,Awei,T11,NA
149, Audífonos Bluetooth Panasonic Wings Rp-bts10 + Envío Gratis ,27.99,NA,20,4,6,4.665,NA,Envío gratis a todo el país,NA,NA,5,1,https://perfil.mercadolibre.cl/CHARLYS_SHOP,https://articulo.mercadolibre.cl/MLC-462744284-audifonos-bluetooth-panasonic-wings-rp-bts10-envio-gratis-_JM,1,0,0,0,0,#462744284,Philips,Rp-bts10,Clip-ear
150, Audífonos Qcy Tws T2c (t1s) New 2019 Batería Extra Duración ,37.99,NA,6,1,6,6.332,NA,Envío gratis a todo el país,NA,NA,NA,NA,https://perfil.mercadolibre.cl/AHAL5010421,https://articulo.mercadolibre.cl/MLC-482806108-audifonos-qcy-tws-t2c-t1s-new-2019-bateria-extra-duracion-_JM,NA,NA,NA,NA,NA,#482806108,QCY,NA,NA
151, Audifono Bluetooth Philips Shb-4205 Flite Hyprlite /3gmaket ,24.99,NA,7,3,6,4.165,NA,Envío gratis a todo el país,NA,NA,NA,NA,https://perfil.mercadolibre.cl/3GMARKET,https://articulo.mercadolibre.cl/MLC-468615193-audifono-bluetooth-philips-shb-4205-flite-hyprlite-3gmaket-_JM,NA,NA,NA,NA,NA,#468615193,Philips,SHB4205,Headset
152, Audifono Sony Oem Mdr-1a Bt Bluetooh ,19.99,NA,223,6,6,3.332,NA,Envío gratis a todo el país,NA,NA,4.4,19,https://perfil.mercadolibre.cl/VENTASMACUL2014,https://articulo.mercadolibre.cl/MLC-458957819-audifono-sony-oem-mdr-1a-bt-bluetooh-_JM,12,4,2,0,1,#458957819,NA,NA,NA
153, Audifono Bluetooth I8 Tws Portátil Inalámbrico ,14.99,NA,12,2,6,2.498,NA,Envío a todo el país,NA,NA,NA,NA,https://perfil.mercadolibre.cl/VITRINASTORE.CL,https://articulo.mercadolibre.cl/MLC-473460252-audifono-bluetooth-i8-tws-portatil-inalambrico-_JM,NA,NA,NA,NA,NA,#473460252,NA,NA,NA
154, Pack 2 Lentes Deportivos Con Audifonos Y Bluetooth/ Technos ,19.97,NA,13,9987,6,3.328,NA,Envío a todo el país,NA,NA,NA,NA,https://perfil.mercadolibre.cl/TECHNO+SOULESS,https://articulo.mercadolibre.cl/MLC-456951126-pack-2-lentes-deportivos-con-audifonos-y-bluetooth-technos-_JM,NA,NA,NA,NA,NA,#456951126,NA,NA,NA
155, Audifonos Con Bluetooth Sony Oem Con Luz Led ,19.99,NA,18,82,6,3.332,NA,Envío gratis a todo el país,NA,NA,5,1,https://perfil.mercadolibre.cl/ARANA_80,https://articulo.mercadolibre.cl/MLC-464459557-audifonos-con-bluetooth-sony-oem-con-luz-led-_JM,1,0,0,0,0,#464459557,Sony,NA,NA
156, Audifonos Bluetooth Inalambrico Universal Tlf Tv Bt1602 V4.2 ,14.99,NA,38,99994,12,1.249,NA,Envío a todo el país,NA,NA,4.5,6,https://perfil.mercadolibre.cl/ADKAR+SHOP,https://articulo.mercadolibre.cl/MLC-447763681-audifonos-bluetooth-inalambrico-universal-tlf-tv-bt1602-v42-_JM,4,1,1,0,0,#447763681,NA,bt1602,NA
157, Audífonos Inalámbricos Bluetooth I7s // Feiyi ,8.5,NA,6,15,12,708,NA,Envío a todo el país,NA,NA,NA,NA,https://perfil.mercadolibre.cl/FEIYICL,https://articulo.mercadolibre.cl/MLC-484681539-audifonos-inalambricos-bluetooth-i7s-feiyi-_JM,NA,NA,NA,NA,NA,#484681539,NA,NA,NA
158, Audífono Inalámbrico Deportivo Sennheiser Cx-sport Bluetooth ,79.99,129.990,3,3,6,13.332,NA,Envío gratis a todo el país,NA,NA,NA,NA,https://perfil.mercadolibre.cl/MOBILEHUT?brandId=477,https://articulo.mercadolibre.cl/MLC-476167484-audifono-inalambrico-deportivo-sennheiser-cx-sport-bluetooth-_JM,NA,NA,NA,NA,NA,#476167484,Sennheiser,CX SPORT,NA
159, Cable Bluetooth Shure Con Conector Mmcx 8 Horas De Bateria ,25.99,NA,10,1,6,4.332,NA,Envío gratis a todo el país,NA,NA,NA,NA,https://perfil.mercadolibre.cl/EARPHONE-PRO-STORECHILE,https://articulo.mercadolibre.cl/MLC-464485083-cable-bluetooth-shure-con-conector-mmcx-8-horas-de-bateria-_JM,NA,NA,NA,NA,NA,#464485083,Shure,NA,NA
160, Samsung Galaxy A30 Azul Carcasa Y Audifonos De Fabrica ,149.999,NA,15,1,6,25.000,NA,Envío gratis a todo el país,NA,NA,4,4,https://perfil.mercadolibre.cl/OFME9109138,https://articulo.mercadolibre.cl/MLC-489465991-samsung-galaxy-a30-azul-carcasa-y-audifonos-de-fabrica-_JM,3,0,0,0,1,#489465991,Samsung,A30,NA
161, Audifonos Bluetooth Deportivos Magnetico Inalambrico Celular ,10.99,NA,8,3,6,1.832,NA,Envío gratis a todo el país,NA,NA,NA,NA,https://perfil.mercadolibre.cl/TIENDANOTEBOOK.CL,https://articulo.mercadolibre.cl/MLC-467044637-audifonos-bluetooth-deportivos-magnetico-inalambrico-celular-_JM,NA,NA,NA,NA,NA,#467044637,NA,NA,NA
162," Manos Libres Auricular Headset Bluetooth, Audífono ",17.9,NA,8,5,6,2.983,NA,Envío a todo el país,NA,NA,NA,NA,https://perfil.mercadolibre.cl/SPAEICOM,https://articulo.mercadolibre.cl/MLC-470041445-manos-libres-auricular-headset-bluetooth-audifono-_JM,NA,NA,NA,NA,NA,#470041445,NA,NA,NA
163, Pack De 10 Audifonos Bluetooth Deportivos Magneticos ,24.99,NA,7,5,12,2.082,NA,Envío gratis a todo el país,NA,NA,4,1,https://perfil.mercadolibre.cl/LOJU6677117,https://articulo.mercadolibre.cl/MLC-479930821-pack-de-10-audifonos-bluetooth-deportivos-magneticos-_JM,0,1,0,0,0,#479930821,NA,NA,NA
164, Audifonos Jbl Endurance Sprint Bluetooth In-ear Negro ,59.99,77.990,4,48,6,9.998,NA,Envío gratis a todo el país,NA,NA,5,1,https://perfil.mercadolibre.cl/ESTURIONTIENDAOFICIAL?brandId=209,https://articulo.mercadolibre.cl/MLC-473708144-audifonos-jbl-endurance-sprint-bluetooth-in-ear-negro-_JM,1,0,0,0,0,#473708144,JBL,SPRINT,NA
165, Audifonos In Ear Bluetooth Inalambricos I7s Tws ,7.5,8.800,3,17,6,1.250,NA,Envío a todo el país,NA,NA,NA,NA,https://perfil.mercadolibre.cl/TECNOPICADA,https://articulo.mercadolibre.cl/MLC-481422576-audifonos-in-ear-bluetooth-inalambricos-i7s-tws-_JM,NA,NA,NA,NA,NA,#481422576,NA,NA,NA
166, Mh01 Manos Libres Audifonos Bluetooth Para Casco De Moto ,26.99,NA,11,29,6,4.498,NA,Envío gratis a todo el país,NA,NA,NA,NA,https://perfil.mercadolibre.cl/CRISTCASTLE,https://articulo.mercadolibre.cl/MLC-465831867-mh01-manos-libres-audifonos-bluetooth-para-casco-de-moto-_JM,NA,NA,NA,NA,NA,#465831867,NA,NA,NA
167, Audífonos Bluetooth Sport Magnético Bluedio Tn ,19.99,NA,10,2,12,1.666,NA,Envío gratis a todo el país,NA,NA,NA,NA,https://perfil.mercadolibre.cl/DENTALCONCEPCION,https://articulo.mercadolibre.cl/MLC-470577389-audifonos-bluetooth-sport-magnetico-bluedio-tn-_JM,NA,NA,NA,NA,NA,#470577389,Bluedio,NA,NA
168, Pack De 10 Audifono Bluetooth Inalambrico Multicompatible ,29.99,79.900,84,259,6,4.998,NA,Envío gratis a todo el país,NA,NA,4.3,8,https://perfil.mercadolibre.cl/ONLINECLUB,https://articulo.mercadolibre.cl/MLC-439178210-pack-de-10-audifono-bluetooth-inalambrico-multicompatible-_JM,5,1,1,1,0,#439178210,NA,NA,NA
169, Audífono Inalambrico Huawei Freebuds Lite Blanco ,69.99,NA,3,7,6,11.665,NA,Envío gratis a todo el país,NA,NA,NA,NA,https://perfil.mercadolibre.cl/ELECTROPLAY+OFICIAL,https://articulo.mercadolibre.cl/MLC-490585883-audifono-inalambrico-huawei-freebuds-lite-blanco-_JM,NA,NA,NA,NA,NA,#490585883,Huawei,NA,NA
170, Audífono Bluetooth Micrófono I7 03540 71559 / Fernapet ,6.99,NA,52,71,6,1.165,NA,Envío a todo el país,NA,NA,NA,NA,https://perfil.mercadolibre.cl/FERNAPET,https://articulo.mercadolibre.cl/MLC-452464497-audifono-bluetooth-microfono-i7-03540-71559-fernapet-_JM,NA,NA,NA,NA,NA,#452464497,NA,NA,NA
171, Bose Sounsport Audifonos Inalámbricos Bluetooth Originales ,105,NA,3,3,12,8.750,NA,Envío gratis a todo el país,NA,NA,NA,NA,https://perfil.mercadolibre.cl/VALLEY+TECHNOLOGY,https://articulo.mercadolibre.cl/MLC-486602502-bose-sounsport-audifonos-inalambricos-bluetooth-originales-_JM,NA,NA,NA,NA,NA,#486602502,Bose,NA,NA
172, Audífono Inalambrico Micrófono Bluetooth I7s Jr034 Fernapet ,11.99,NA,22,8,6,1.998,NA,Envío a todo el país,NA,NA,5,1,https://perfil.mercadolibre.cl/FERNAPET,https://articulo.mercadolibre.cl/MLC-462637759-audifono-inalambrico-microfono-bluetooth-i7s-jr034-fernapet-_JM,1,0,0,0,0,#462637759,NA,NA,NA
173, Audífonos Bluetooth On-ear Fiddler Con Manos Libres Negro ,14.99,NA,70,20,6,2.498,NA,Envío gratis a todo el país,NA,NA,4.6,8,https://perfil.mercadolibre.cl/MACROTEL+TO?brandId=335,https://click1.mercadolibre.cl/mclics/clicks/external/MLC/count?a=KNQyiOuKQ4vROBxIR69RsPcZc25bo812Ul%2F4ACX2MfzDYz09ZeCA7h8FKSuK4w%2BTBOnm1hnEC4xHP4OGmz48VSd5IVlTsVdAhumR1bu8DC9V9Fwd7cEZZbGmOUHrgOwy2lOd2rEMOiq%2BYeTkv9%2B7n9Y42vZOAzR2CNwBdoSxo%2B9gGWUPKP96rKT75%2BUUGM7HTkuxKV2fEqgOv54i5aGkJ11%2BWTcWjT4Bc%2B%2BViuqIv0Yh%2Fbx3f0CGRvc8E%2B6mbi0s9PwfLG7bWdHQW6Q5V9WVArVeR2DR0x0fuL43UyO6Bk2VfVgqitKdP4Dr%2BVmYKJzclC%2BZIh%2FpDKH6x1Wmi%2FkAv3zjM8VoVjZa%2FuYd0Mqe4loB%2FPVjCoOk84yNtwzjXZHO8fhNT%2FzeZYV48LJ%2B%2FxjBG1HDx3CLfDh6Jt6QUtX%2BLv%2FxP5N3Av24KvNMJvX0F8b97IIdgGxXfdq0C8HV0Bez2zNuF3KMdE0XgJliVv5gZtkLndNBlGDiCtvXWqwqJN8g7ySko9mCbpvnCGGcvzuk6e%2FGd1sMkPfxC0tu10dSRDEVzlBUA90gjp2ugmRM3jF3Q%2Fl0cx9tUAcNNs1%2Fjh%2Bee3IeM4FgnVt%2FsONpOGQILrcMze7%2F%2F%2BVwOIkOR2l6viuYkuciKQ1gkov2VbrqaTUfT0yE4N6liUx6gx3Lhud%2F4s1L56DNK%2F%2FQwNK1kKAx9izTKZOmdcPasVj9H51V7kbdeouAHgldHeuAOmIRIHqlPP5CNHAPGRBXlLI7%2FXuwSliN3Dbl5v3%2BATqrl8h%2BjN%2Femt5ZA3XVBgoCuFx%2FSN0cGSw5HjpuzIik34o8ORPKRvF4a7eT638DzAIA3hsbvagUrA4f420avANYuKdAGGwouSBB7IBagyz7d4EP7G9ag6kzqemILqQQngPl0vDkNdQXtFYNsXeUvdEtGoy2msJaLimJFUcIhF9mxiA7Fviv7EhgObBjnGQ5lFLyMjRECmEKxP903HEXEwMLx8VY9vS9hIQTeo3Wbrp4CnDjMJjobGh3D6bNMfqUzdhp%2FbPng3NugYKcRPh1AY8REhTwS2xedgUB5EDoaF%2BxVbVQvPZquzozByBVD6VxLMZlAoLcqM6zxAja0EyQY5asL8m6AiCpxpmLQVmaUMWGS0iiV1r8HzrJLYLy8%2BvHmTLNtPkFpbqzdvWi6aUJL7eQQpx7kjO7oIaxa%2B0sU7p7jUqKbzpvU1qht6sqN%2BYtisScbebWjk56AxVvFXA5rrLLuo68kzHsK6C5trEyDq8S%2BS%2FY10UYuYLyvw2wQZ8srS6WuI0bLo5Q2dK7WO3vQF8H1AT1dB5LmRUim%2BaG5g1U8Dt5%2Fs8GdBr6xLYLM2XCkktA4ourFz9vhxm4XeXjSkhMR5JgvHKcQzB7o90cdLVPKnYB%2FhnJ1Rbbwz8gS8RJwd8y2y3fLAnMov%2FKqDIWTs4d%2BLkOqUU7YjyVXU24O4eQAnZMvWO4eOyqUshMFcb93Q%3D%3D,6,1,1,0,0,#465825327,Fiddler,FD-B68B,NA
174, Audifono Bluetooth Manos Libres Inalambrico ,15,NA,17,1,12,1.250,NA,Envío a todo el país,NA,NA,NA,NA,https://perfil.mercadolibre.cl/EVOLTAPC,https://articulo.mercadolibre.cl/MLC-455878470-audifono-bluetooth-manos-libres-inalambrico-_JM,NA,NA,NA,NA,NA,#455878470,NA,NA,NA
175, Audifono Wireless Bluetooth Stn13 2 Colores Envio Gratis Dc ,15.99,NA,9,7,12,1.332,NA,Envío gratis a todo el país,NA,NA,NA,NA,https://perfil.mercadolibre.cl/VENTASDOBLECLICK,https://articulo.mercadolibre.cl/MLC-458947917-audifono-wireless-bluetooth-stn13-2-colores-envio-gratis-dc-_JM,NA,NA,NA,NA,NA,#458947917,NA,NA,NA
176, Auriculares I7s Plus Tws True Wireless Bluetooth 4.2 + Edr ,2.882,NA,9,128,12,240,NA,NA,NA,NA,NA,NA,https://perfil.mercadolibre.cl/COMPRATECHCL,https://articulo.mercadolibre.cl/MLC-470245287-auriculares-i7s-plus-tws-true-wireless-bluetooth-42-edr-_JM,NA,NA,NA,NA,NA,#470245287,NA,NA,NA
177, Audifono Bluetooth Jbl Ck700 Oem ,19.98,NA,72,19,6,3.330,NA,Envío a todo el país,NA,NA,4.2,5,https://perfil.mercadolibre.cl/VENTASMACUL2014,https://click1.mercadolibre.cl/mclics/clicks/external/MLC/count?a=oTaGDXifjcSV6PJBGR4zB5XUvf5l2nxqn8pfzE92%2Bq%2F5uat%2F47yyiZHpz8aRhTYQk6wHVaEmHriH6F1QIhZ3nCnYzuO2h6%2FP7yPRoBJg%2F9z8yaiAAecQzDiJtP9gD0OP%2B7a60wIEwTri59zxJObTmptc0y8cFPDm6H6x3TSqd%2FML9fGHhSofYmvwbllG0X4INKCas7P7g%2B3NreGzqoHLqCCcNVwU1ajmZaaR04UsS5NQNHTsW7n%2BtWHNPLJmUFDmyP%2Bq%2FrjFm7RJBC2TGVEs5mmfjDrf8%2FlRnmc%2BEXYbGCqEjAeMmlBST%2Fis9%2FDKBf7sFhB8r4q%2BebOo6zQAwm%2FpyVtzVi8cMoZQPvvWjndj7viITx07mxjhG2FU4KtaAxMw%2FH%2FsSHQuujOs3wZszSWGGZt7NCmKe8MRiLHyALvSDskw8Tk2cloln%2B7F0ZZ%2FEe02qKmA1v1mZ8X21f157VsJOmWfslrdgpE9R6a%2FuGuhYmOq5B%2BPVt%2FXFKmL8hBWdO4yX9lf5BMPnK2ImRgjtoEKx4HV3PTau8rmvXnaf5MCNdMsejgw4UoIXZEb%2FsckIHlYKsSVgj0GFD2q1f1iTZBV6lZrBfEqqk%2B85SSSsaSIvoMdgWSfdXM4NKfAtj5zMLYUvyyutxj%2BC0G99Ku6e2rYq7FT3%2BHNowO3N0i0HAJ0E0Cu5HYLatCMkjvf3sdboRMVtQBHEF08bOwllEO8cN48%2BH8rI2uiT6BKsUxDAFKpKS35pMS%2FK8u004bvGg7a4HH1XbcJpm63PTi4A%2B6zzBcYS5VMUxZ89%2BDdvTuI%2FAHEisFPpw1EPPrecEeOQL%2BbZcy3%2FMA0b5oM5t9K1G%2F7PvWEXoqaAqgLq2twOEDnK4E445ZiT8LHRpjS%2BssQ4ETafdn0lh5TfkWfptYr0LWWri%2FOmAYcd4LnAwKGAaJtmLrWaZNb8RMtCgWSWo1SMqIbSKM2odkhCkYdPIYW1mkuvZ9gj0mcmQV0VT4UhUWRM44RAde2whs0oHOCm2hFdMCp5L2QMHDbyBj9XJPRy953prgx4ZeOaqjN4N%2B6Y1jzF3ApdHGfI7OlrnQIE499Suh4H7lXQ0Hb0SoOwq%2FCdyxlRPgSEjDkSxu44b9YhXhF5iilbozqMsbXeNm0NQhtHgrZ1ygeER3pla%2FYPRoIs3Bn%2FhC%2B3O3cf5t%2F54eIcp5JowEzIbhR40zaysfXvunAEW4GjSadSq0kazX29XtMw42eU%2FJwziR96Glm5UH36UOcVH3WuPUwAY9PnX0DGvzL5987mJ%2FRAMmj62VlcmDn3E6Z0tgOHLWnMvyP5InSKPKb0gA%2B72ZbWIkGWolbRbjMrTLcRkZcVGFuRPniQ4hwH3y4RemVXVVi1ATLuLC5k%2FVPX8JbLfJRXxxHDwttJwZz4YHYdBa9vrz1jknEnA3wyz4jP2KnOrRNYW5QBSXLnuLi91AI,3,1,0,1,0,#462764799,JBL,NA,NA
178, Audifono Bluetooth Para Casco De Moto Manos Libres Mp3 ,19.99,NA,30,1,6,3.332,NA,Envío gratis a todo el país,NA,NA,4,1,https://perfil.mercadolibre.cl/MARCOSBIZAMA,https://articulo.mercadolibre.cl/MLC-473461016-audifono-bluetooth-para-casco-de-moto-manos-libres-mp3-_JM,0,1,0,0,0,#473461016,NA,NA,NA
179, Pack 2 Audifono Bluetooth Sports Headset Deportivos ,15,NA,10,4,12,1.250,NA,Envío a todo el país,NA,NA,NA,NA,https://perfil.mercadolibre.cl/NICE+HOME,https://articulo.mercadolibre.cl/MLC-457070695-pack-2-audifono-bluetooth-sports-headset-deportivos-_JM,NA,NA,NA,NA,NA,#457070695,NA,NA,NA
180, Auricular Bluetooth 3.0 Philips Shb1603 Manos Libres Negro ,13.99,NA,4,1,6,2.332,NA,Envío a todo el país,NA,NA,NA,NA,https://perfil.mercadolibre.cl/MMSMIKE1,https://articulo.mercadolibre.cl/MLC-471109322-auricular-bluetooth-30-philips-shb1603-manos-libres-negro-_JM,NA,NA,NA,NA,NA,#471109322,Philips,NA,NA
181, Audífono Marshall Bluetooth Major 3 Negro - Marshall ,109.99,159.990,2,2,6,18.332,NA,Envío gratis a todo el país,NA,NA,NA,NA,https://perfil.mercadolibre.cl/MOBILEHUT?brandId=466,https://articulo.mercadolibre.cl/MLC-478437261-audifono-marshall-bluetooth-major-3-negro-marshall-_JM,NA,NA,NA,NA,NA,#478437261,Marshall,Major 3 Bluetooth,NA
182, Pack 6 Audifonos Deportivos Bluetooth Inalambricos ,22.99,NA,10,21,12,1.916,NA,Envío gratis a todo el país,NA,NA,NA,NA,https://perfil.mercadolibre.cl/KING.STORE.CHILE,https://articulo.mercadolibre.cl/MLC-450154919-pack-6-audifonos-deportivos-bluetooth-inalambricos-_JM,NA,NA,NA,NA,NA,#450154919,NA,NA,NA
183, Audifonos Bluetooth Tarjeta Sd Stereo Wireless P47 ,11.99,NA,16,2,12,999,NA,Envío a todo el país,NA,NA,NA,NA,https://perfil.mercadolibre.cl/MAJERT,https://articulo.mercadolibre.cl/MLC-459894958-audifonos-bluetooth-tarjeta-sd-stereo-wireless-p47-_JM,NA,NA,NA,NA,NA,#459894958,Wireless,P47,NA
184, Audifonos Xiaomi Airdots Youth Edition Bluetooth Sellados ,46.99,NA,9,4,6,7.832,NA,Envío gratis a todo el país,NA,NA,5,1,https://perfil.mercadolibre.cl/SAURON1980,https://articulo.mercadolibre.cl/MLC-475191024-audifonos-xiaomi-airdots-youth-edition-bluetooth-sellados-_JM,1,0,0,0,0,#475191024,Xiaomi,AirDots,In-ear
185, Audífonos Con Bluetooth Y Cable Edifier W800bt Musicplay ,48.9,NA,9,1,6,8.150,NA,Envío gratis a todo el país,NA,NA,4,3,https://perfil.mercadolibre.cl/MUSICPLAY+SPA,https://articulo.mercadolibre.cl/MLC-447178317-audifonos-con-bluetooth-y-cable-edifier-w800bt-musicplay-_JM,2,0,0,1,0,#447178317,Edifier,W800BT,Over-ear
186, Marshall Parlante Woburn Bluetooth Altavoz Negro / 1 Año Gar ,399.99,529.990,6,894,6,66.665,NA,Envío gratis a todo el país,NA,NA,NA,NA,https://perfil.mercadolibre.cl/PHONESTORE-RETAILCHILE,https://articulo.mercadolibre.cl/MLC-445433613-marshall-parlante-woburn-bluetooth-altavoz-negro-1-ano-gar-_JM,NA,NA,NA,NA,NA,#445433613,Marshall,NA,NA
187, Audífonos Bluetooth Zealot H6 - Manos Libres ,14.99,NA,9,2,12,1.249,NA,Envío gratis a todo el país,NA,NA,5,1,https://perfil.mercadolibre.cl/LEMUS.NICOLAS,https://articulo.mercadolibre.cl/MLC-471739724-audifonos-bluetooth-zealot-h6-manos-libres-_JM,1,0,0,0,0,#471739724,Zealot,NA,NA
188, Maxell Audifonos Bluetooth Tipo iPhone 7 iPhone 8 Blanco ,19.99,NA,3,7,12,1.666,NA,Envío gratis a todo el país,NA,NA,NA,NA,https://perfil.mercadolibre.cl/MAXELL+CHILE?brandId=219,https://articulo.mercadolibre.cl/MLC-493514116-maxell-audifonos-bluetooth-tipo-iphone-7-iphone-8-blanco-_JM,NA,NA,NA,NA,NA,#493514116,Maxell,APPL-EAR  WHITE,NA
189, Jbl Audífonos Tune T600 Bluetooth - Rosado ,84.99,149.990,3,24,6,14.165,NA,Envío gratis a todo el país,NA,NA,NA,NA,https://perfil.mercadolibre.cl/ONDAPROCL,https://articulo.mercadolibre.cl/MLC-480188579-jbl-audifonos-tune-t600-bluetooth-rosado-_JM,NA,NA,NA,NA,NA,#480188579,JBL,NA,NA
190, Audífono Sennheiser In Ear Con Arco Wireless Cx7.00bt ,99.99,129.990,3,3,6,16.665,NA,Envío gratis a todo el país,NA,NA,NA,NA,https://perfil.mercadolibre.cl/MOBILEHUT?brandId=477,https://articulo.mercadolibre.cl/MLC-486159309-audifono-sennheiser-in-ear-con-arco-wireless-cx700bt-_JM,NA,NA,NA,NA,NA,#486159309,Sennheiser,In Ear con Arco Wireless CX7.00BT,NA
191, Manos Libres Para Casco De Moto Audifonos Bluetooth Mh01 ,26.99,NA,7,33,6,4.498,NA,Envío gratis a todo el país,NA,NA,NA,NA,https://perfil.mercadolibre.cl/CRIST-CASTLE,https://articulo.mercadolibre.cl/MLC-465831872-manos-libres-para-casco-de-moto-audifonos-bluetooth-mh01-_JM,NA,NA,NA,NA,NA,#465831872,NA,NA,NA
192, Audifonos Bluetooth Tipo iPhone 7 iPhone 8 X ,10,NA,4,5,6,1.667,NA,Envío a todo el país,NA,NA,NA,NA,https://perfil.mercadolibre.cl/JMPRODUCTOSVENTAS,https://articulo.mercadolibre.cl/MLC-484001334-audifonos-bluetooth-tipo-iphone-7-iphone-8-x-_JM,NA,NA,NA,NA,NA,#484001334,NA,NA,NA
193, Syllable D900 Mini Audifonos Bluetooth Binaural Envio Gratis ,37.99,NA,12,1,6,6.332,NA,Envío gratis a todo el país,NA,NA,5,2,https://perfil.mercadolibre.cl/CASTLETECEIRL,https://articulo.mercadolibre.cl/MLC-457770497-syllable-d900-mini-audifonos-bluetooth-binaural-envio-gratis-_JM,2,0,0,0,0,#457770497,Syllable,D900mini,NA
194," Receptor Bluetooth Auto Audífonos Plug 3.5 Aux, Manos Libres ",51.99,NA,6,2,6,8.665,NA,Envío gratis a todo el país,NA,NA,4.5,4,https://perfil.mercadolibre.cl/CASTLETECEIRL,https://click1.mercadolibre.cl/mclics/clicks/external/MLC/count?a=YI8PDn8sEZGBGxn7s8gOKcz7dlrH%2BO05SB1Yzvq9syNT2%2FTzTckk8rbsDTfhFYmS2IBXVWp9BpppiiKffMlnB07KZIwmzpZMsuH4ZFcdxueJJ42N7SD5mwMWTXDgkuabVeAZcKH6hg4y6W9r4qkBKF8XP8COaKkupBCE%2F%2Fjm6uUi4f7tripzSa%2F6Eochyw0WUWafE0OTvkuknbB7BMEcT%2Barg%2B4JM2oUkZHVe32rVr5XvOnt7axXZz4UodhyhoCaNyqtKM4%2BFKyzf2L5NASXRG9gSmeI5qSVgl54JV%2FYDucXnb1HsJVC7eiqcaRak9iNeyVqHfaU2q4VfHwmajD8xGP1S5ymHdvS3ZqfJWRD2SoozyasuBCA%2FXkgG8e53IT1sUa%2F9QIqzHXteTroR6IqBPYOnBONL216Zngh8Mwnq2%2FnJ2OD%2BlXhHiHAc4rs%2BNywe1yp%2BvK9AN1QTw%2FzI%2FmDb3IfE6mAdB6iKAf1NMM8ByFdk6EJxa4akkqxpRjGrIjoUAR1L57hBIqnR1HeA%2FUx95X3YfHIQfW6gTxD5qZ9XBN1oERXiYFn%2BbqeqmldpLMIia30Pslqajmmwah5Rna%2BxsFfQOOjMVDHLb7kpnGDOCRu6bRDQ9rsRDNCLV0z1XVo9%2FCoVn%2FLUy6LH2yENxJ4c2iBQ0KM74zBmzIwDNwTe1mnNIEpNy4aaRCJhU%2B8uNFCFbGvJZIeQnR0zP34G9FoZSLNuOQHZkumOKoZCMc7VGs5xPNrkXFYcgncqK7a4YLb%2FUVl4p6VgFUOXY4wDQdrlg2MuNDC9AYyY1ciiUFbF2nWLjBIdoil64k%2FgNTUVcoyDkW4fy80f47TzjcVo%2FAaqHo5AKYXhuXQqc6WamphSczgwbij5D%2BcKgSsR0xLpJrscvBGmuFpjMTANXy0YCGXxuVZy3Q0dEXuPV%2BKDYIPKtgYxQOtK%2BUr%2FGFIg4SPlZXI4e3zGYzEqSZtrTUC8f2U%2FOfokphVCqO1QNyvCQA8RJAi5uCUZ4UJGdwzB5XyWoXHSPmkAk7DiRYa3JpTo0uqYmc3FM61cIDmZY9FaiVcv726HKcjvmg0YK%2Be5CxBYvSZhU55LU6tTb0aReMqo6Kx5Nxc7lo7AztvyWcKPCaRDt4CuUZJlF6DivQl6666NBdWo9FmWoRU5P%2FQYvKsR7zi9Vb6%2Bt%2FB6kN9qi%2FyAFXT23dMPnjm46Lq1E%2FsyQ0A3mlqpdOtqmRpbb3OPh3U%2FyNzE22i9l1gbZc7cfuoHw3mDUt8CETwPTUOz4cBgzOZM4AqsPL2rf7g%2BDgIth4seYcKoJl%2FuKHN8yrUj3bvhyJhv93vLJeYJDHjmIHGy7MhJ%2FYCBiCEd6CYGIIWpBgHg7%2BsW8s%2BioEOWWIu%2Fq7av2T9ArzJhmvXXp5PddcWtqK6wn3LKz60tLDDcvXgjsmwsvbvsjMPLkfdY7pT3VSqB5IklGLqpahheZB7DjGrZhomZzuZEl5d3sja19kVng%3D%3D,2,2,0,0,0,#461984990,QCY,T1,NA
195, Audifonos Inalámbrico Bluetooth Tws-k2 AirPods - Prophone ,19.99,NA,440,83,6,3.332,NA,Envío gratis a todo el país,NA,NA,4.2,27,https://perfil.mercadolibre.cl/PROPHONELTDA,https://articulo.mercadolibre.cl/MLC-454472669-audifonos-inalambrico-bluetooth-tws-k2-airpods-prophone-_JM,18,2,3,3,1,#454472669,NA,NA,NA
196, Anker Soundbuds Curve Audifonos Bluetooth+popsocket ,36.99,NA,8,3,6,6.165,NA,Envío gratis a todo el país,NA,NA,4.7,44,https://perfil.mercadolibre.cl/THEREALGADGET,https://articulo.mercadolibre.cl/MLC-461771609-anker-soundbuds-curve-audifonos-bluetoothpopsocket-_JM,36,3,5,0,0,#461771609,Anker,Curve,NA
197, Audifono Shure Se215 Bt1 Wireless Bluetooth + Cable + Envio ,69.99,NA,3,3,6,11.665,NA,Envío gratis a todo el país,NA,NA,4.6,38,https://perfil.mercadolibre.cl/ENRIQUEARCE0,https://articulo.mercadolibre.cl/MLC-482706516-audifono-shure-se215-bt1-wireless-bluetooth-cable-envio-_JM,30,5,1,0,2,#482706516,Shure,SE215,NA
198, Samsung Galaxy A30 Blanco Carcasa Y Audifonos De Fabrica ,149.999,NA,11,3,6,25.000,NA,Envío gratis a todo el país,NA,NA,4,4,https://perfil.mercadolibre.cl/OFME9109138,https://articulo.mercadolibre.cl/MLC-489466214-samsung-galaxy-a30-blanco-carcasa-y-audifonos-de-fabrica-_JM,3,0,0,0,1,#489466214,Samsung,A30,NA
199, Syllable D900p Audifonos Bluetooth Binaural Stereo Castletec ,38.99,NA,13,2,6,6.498,NA,Envío gratis a todo el país,NA,NA,4.6,5,https://perfil.mercadolibre.cl/CASTLETECEIRL,https://articulo.mercadolibre.cl/MLC-463617416-syllable-d900p-audifonos-bluetooth-binaural-stereo-castletec-_JM,3,2,0,0,0,#463617416,Syllable,D900P,NA
200, Audifonos Jbl Endurance Sprint Bluetooth In-ear ,39.99,NA,3,2,6,6.665,NA,Envío gratis a todo el país,NA,NA,NA,NA,https://perfil.mercadolibre.cl/MOBILEHUT?brandId=166,https://articulo.mercadolibre.cl/MLC-495454202-audifonos-jbl-endurance-sprint-bluetooth-in-ear-_JM,NA,NA,NA,NA,NA,#495454202,JBL,SPRINT,Clip-ear
201, Audifonos S9 Bluetooth Estéreo Deportivos ,5.99,NA,13,87,12,499,NA,Envío a todo el país,NA,NA,NA,NA,https://perfil.mercadolibre.cl/ESHOPANGIE,https://articulo.mercadolibre.cl/MLC-462992108-audifonos-s9-bluetooth-estereo-deportivos-_JM,NA,NA,NA,NA,NA,#462992108,NA,NA,NA
202, Audifono Deportivo Inalambrico Billboard Rojo Proglobal ,10.99,NA,12,1,6,1.832,NA,Envío a todo el país,NA,NA,NA,NA,https://perfil.mercadolibre.cl/PROGLOBALCHILE,https://articulo.mercadolibre.cl/MLC-446563616-audifono-deportivo-inalambrico-billboard-rojo-proglobal-_JM,NA,NA,NA,NA,NA,#446563616,BILLBOARD,NA,NA
203, Audifonos Bluetooth Alfawise V09 Inalámbricos In-ear ,35.99,NA,3,3,6,5.998,NA,Envío gratis a todo el país,NA,NA,NA,NA,https://perfil.mercadolibre.cl/CASTLETECEIRL,https://articulo.mercadolibre.cl/MLC-493083755-audifonos-bluetooth-alfawise-v09-inalambricos-in-ear-_JM,NA,NA,NA,NA,NA,#493083755,Alfawise,V09,Par
204, Audífonos Bluetooth Bt-100 Lima Maxell- Con Obsequio ,9.99,15.990,14,12,12,832,NA,Envío a todo el país,NA,NA,2,1,https://perfil.mercadolibre.cl/MAXELL+CHILE?brandId=219,https://articulo.mercadolibre.cl/MLC-451214605-audifonos-bluetooth-bt-100-lima-maxell-con-obsequio-_JM,0,0,0,1,0,#451214605,Maxell,NA,NA
205, Audifono Sport Bluetooth Philco Manos Libres 00095 /fernapet ,8.99,NA,7,93,6,1.498,NA,Envío a todo el país,NA,NA,NA,NA,https://perfil.mercadolibre.cl/FERNAPET,https://articulo.mercadolibre.cl/MLC-477957225-audifono-sport-bluetooth-philco-manos-libres-00095-fernapet-_JM,NA,NA,NA,NA,NA,#477957225,NA,NA,NA
206, Cable Bluetooh Para Shure Se215 Y Otros Modelos Shure ,21.99,NA,16,1,6,3.665,NA,Envío gratis a todo el país,NA,NA,4.6,38,https://perfil.mercadolibre.cl/EARPHONE-PRO-STORECHILE,https://articulo.mercadolibre.cl/MLC-451639334-cable-bluetooh-para-shure-se215-y-otros-modelos-shure-_JM,30,5,1,0,2,#451639334,Shure,SE215,NA
207, Audifono Bluetooth Reproductor Mp3 Fm Slot Micro Sd Calidad ,5.5,NA,21,111,12,458,NA,Envío a todo el país,NA,NA,NA,NA,https://perfil.mercadolibre.cl/CYCOMONLINE,https://articulo.mercadolibre.cl/MLC-471562052-audifono-bluetooth-reproductor-mp3-fm-slot-micro-sd-calidad-_JM,NA,NA,NA,NA,NA,#471562052,NA,NA,NA
208, Auricular Bluetooth V5.0 I12 Tws Llamada Binaural ,12.684,21.930,7,106,12,1.057,NA,NA,NA,NA,NA,NA,https://perfil.mercadolibre.cl/GOODLIFECL,https://articulo.mercadolibre.cl/MLC-482947452-auricular-bluetooth-v50-i12-tws-llamada-binaural-_JM,NA,NA,NA,NA,NA,#482947452,NA,NA,NA
209, Audífonos Bluetooth I9s Tws Bluetooth 5.0 ,20.99,NA,13,2,6,3.498,NA,Envío gratis a todo el país,NA,NA,NA,NA,https://perfil.mercadolibre.cl/IMPORTACIONES_DEL_VALLE,https://articulo.mercadolibre.cl/MLC-461995166-audifonos-bluetooth-i9s-tws-bluetooth-50-_JM,NA,NA,NA,NA,NA,#461995166,NA,NA,NA
210, Pack 5 Audifonos Deportivos Bluetooth Inalambricos Bs19c ,19.99,NA,22,78,12,1.666,NA,Envío gratis a todo el país,NA,NA,NA,NA,https://perfil.mercadolibre.cl/CHILE_DISTRIBUTOR,https://articulo.mercadolibre.cl/MLC-464966892-pack-5-audifonos-deportivos-bluetooth-inalambricos-bs19c-_JM,NA,NA,NA,NA,NA,#464966892,NA,NA,NA
211, Transmisor De Señal Bluetooth Para Tv-audifonos/parlantes ,7.49,NA,18,4,12,624,NA,Envío a todo el país,NA,NA,NA,NA,https://perfil.mercadolibre.cl/MARCOSBIZAMA,https://articulo.mercadolibre.cl/MLC-476450217-transmisor-de-senal-bluetooth-para-tv-audifonosparlantes-_JM,NA,NA,NA,NA,NA,#476450217,NA,NA,NA
212, Audifono Bluetooth Profesional Monster Mx800 Manos Libre ,27.99,NA,13,7,6,4.665,NA,Envío gratis a todo el país,NA,NA,5,1,https://perfil.mercadolibre.cl/MMSMIKE1,https://articulo.mercadolibre.cl/MLC-433595546-audifono-bluetooth-profesional-monster-mx800-manos-libre-_JM,1,0,0,0,0,#433595546,Monster,NA,NA
213, Nuevos Audifonos Bluetooth I11 Tws Bt 5.0 - Oferta Ltda! ,17.99,NA,9,2,6,2.998,NA,Envío a todo el país,NA,NA,NA,NA,https://perfil.mercadolibre.cl/AHAL5010421,https://articulo.mercadolibre.cl/MLC-480692166-nuevos-audifonos-bluetooth-i11-tws-bt-50-oferta-ltda-_JM,NA,NA,NA,NA,NA,#480692166,NA,NA,NA
214, Audífonos Manos Libre Bluetooth Universal ,4.99,NA,20,999,6,832,NA,Envío a todo el país,NA,NA,NA,NA,https://perfil.mercadolibre.cl/REYNOSOERICK47,https://articulo.mercadolibre.cl/MLC-442817029-audifonos-manos-libre-bluetooth-universal-_JM,NA,NA,NA,NA,NA,#442817029,NA,NA,NA
215, Auriculares Inalámbricos Bluetooth Estéreo Ovleng V8 Gamer ,15.552,NA,8,147,12,1.296,NA,Envío a todo el país,NA,NA,NA,NA,https://perfil.mercadolibre.cl/PCTECNOCL,https://articulo.mercadolibre.cl/MLC-474643927-auriculares-inalambricos-bluetooth-estereo-ovleng-v8-gamer-_JM,NA,NA,NA,NA,NA,#474643927,NA,NA,NA
216, Nuevos Audifonos Bluetooth I11 Tws Bt 5.0 + Envió Gratis ,19.99,NA,6,5,12,1.666,NA,Envío gratis a todo el país,NA,NA,5,2,https://perfil.mercadolibre.cl/FLASH.ONLINE,https://articulo.mercadolibre.cl/MLC-492423184-nuevos-audifonos-bluetooth-i11-tws-bt-50-envio-gratis-_JM,2,0,0,0,0,#492423184,NA,NA,NA
217, Pack 1 Par Audifonos Bluetooth + Carcasa Magnetica iPhone X ,21.99,NA,3,38,6,3.665,NA,Envío gratis a todo el país,NA,NA,NA,NA,https://perfil.mercadolibre.cl/COMERCIALONLINE+EIRL,https://articulo.mercadolibre.cl/MLC-470844342-pack-1-par-audifonos-bluetooth-carcasa-magnetica-iphone-x-_JM,NA,NA,NA,NA,NA,#470844342,NA,NA,NA
218, Audífonos Jbl T500 Bluetooth Colores Loi Chile ,48.99,NA,4,5,6,8.165,NA,Envío gratis a todo el país,NA,NA,NA,NA,https://perfil.mercadolibre.cl/LOI+CHILE,https://articulo.mercadolibre.cl/MLC-487729812-audifonos-jbl-t500-bluetooth-colores-loi-chile-_JM,NA,NA,NA,NA,NA,#487729812,JBL,NA,NA
219, Mlab Audífono Air Twins Bluetooth Negro - Mobilehut ,24.99,29.990,4,2,6,4.165,NA,Envío gratis a todo el país,NA,NA,NA,NA,https://perfil.mercadolibre.cl/MOBILEHUT?brandId=166,https://articulo.mercadolibre.cl/MLC-469349483-mlab-audifono-air-twins-bluetooth-negro-mobilehut-_JM,NA,NA,NA,NA,NA,#469349483,Mlab,Twins,NA
220, Audífonos I12 Tws Nuevo 2019 Bluetooth 5.0 - Digitek ,24.99,NA,3,7,12,2.082,NA,Envío gratis a todo el país,NA,NA,NA,NA,https://perfil.mercadolibre.cl/DIGITEK.CL,https://articulo.mercadolibre.cl/MLC-494453910-audifonos-i12-tws-nuevo-2019-bluetooth-50-digitek-_JM,NA,NA,NA,NA,NA,#494453910,NA,NA,NA
