seller_name,link,time_operating,units_of_time_operating,amt_sold,leader_status,top_descriptor1,top_descriptor2,num_reviews,num_neg_reviews,num_neutral_reviews,num_pos_reviews,location,timeframe_of_amt_sold,units_timeframe_of_amt_sold
Anker Tienda oficial,http://perfil.mercadolibre.com.pe/ANKER+PERU?brandId=144,8,meses,276,MercadoLíder¡Está entre los mejores del sitio!,NA,NA,163,2,4,157,"Lima, Lima.",NA,NA
MIALIENSTORE,http://perfil.mercadolibre.com.pe/MIALIENSTORE,3,años,1102,MercadoLíder Gold¡Está entre los mejores del sitio!,NA,NA,711,1,26,684,"Lima, Lima.",NA,NA
BONOTECH.PE,http://perfil.mercadolibre.com.pe/BONOTECH.PE,6,años,4176,NA,NA,NA,2477,12,271,2194,"Lima, Lima.",NA,NA
ELECTROFERTAS SELLADAS,http://perfil.mercadolibre.com.pe/ELECTROFERTAS+SELLADAS,1,año,372,MercadoLíder Gold¡Está entre los mejores del sitio!,NA,NA,343,0,0,343,"Lima, Lima.",NA,NA
REYLU PRODUCTS,http://perfil.mercadolibre.com.pe/REYLU+PRODUCTS,6,años,147,MercadoLíder¡Está entre los mejores del sitio!,NA,NA,112,8,10,94,"Lima, Lima.",NA,NA
BESTOFFERSPERU,http://perfil.mercadolibre.com.pe/BESTOFFERSPERU,5,años,1565,MercadoLíder Gold¡Está entre los mejores del sitio!,NA,NA,1073,2,61,1010,"Lima, Lima.",NA,NA
SPORTECH BALHER,http://perfil.mercadolibre.com.pe/SPORTECH+BALHER,5,años,480,MercadoLíder¡Está entre los mejores del sitio!,NA,NA,308,0,15,293,"Lima, Lima.",NA,NA
LIZANDRIAN15,http://perfil.mercadolibre.com.pe/LIZANDRIAN15,2,años,343,NA,NA,NA,188,4,11,173,"Lima, Lima.",NA,NA
Sony Tienda oficial,http://perfil.mercadolibre.com.pe/SONYPERUSRL?brandId=25,2,años,1609,MercadoLíder Gold¡Está entre los mejores del sitio!,NA,NA,1022,23,68,931,"Lima, Lima.",NA,NA
ANDREUS STORE,http://perfil.mercadolibre.com.pe/ANDREUS+STORE,1,año,29,NA,NA,NA,33,0,0,33,"Lima, Lima.",NA,NA
FULL NOVEDADES-,http://perfil.mercadolibre.com.pe/FULL+NOVEDADES-,1,año,1044,MercadoLíder Gold¡Está entre los mejores del sitio!,NA,NA,733,0,20,713,"Lima, Lima.",NA,NA
IMANIA.PERU,http://perfil.mercadolibre.com.pe/IMANIA.PERU,2,años,2095,MercadoLíder Gold¡Está entre los mejores del sitio!,NA,NA,1117,0,10,1107,"Lima, Lima.",NA,NA
OSCARENRIQUECASTILLOFALCON,http://perfil.mercadolibre.com.pe/OSCARENRIQUECASTILLOFALCON,1,año,209,MercadoLíder¡Está entre los mejores del sitio!,NA,NA,159,2,7,150,"Lima, Lima.",NA,NA
APPLEMALLCENTER,http://perfil.mercadolibre.com.pe/APPLEMALLCENTER,3,años,1028,MercadoLíder Gold¡Está entre los mejores del sitio!,NA,NA,757,0,5,752,"Lima, Lima.",NA,NA
GRUPONATIC.PE,http://perfil.mercadolibre.com.pe/GRUPONATIC.PE,4,años,23877,MercadoLíder Gold¡Está entre los mejores del sitio!,NA,NA,8531,187,704,7640,"Lima, Lima.",NA,NA
INNOVA LEDS,http://perfil.mercadolibre.com.pe/INNOVA+LEDS,3,años,1345,MercadoLíder Gold¡Está entre los mejores del sitio!,NA,NA,787,0,0,787,"Lima, Lima.",NA,NA
OFERTAS DELIVERY,http://perfil.mercadolibre.com.pe/OFERTAS+DELIVERY,4,años,3706,MercadoLíder Gold¡Está entre los mejores del sitio!,NA,NA,1753,11,124,1618,"Lima, Lima.",NA,NA
SOUNDA E.I.R.L,http://perfil.mercadolibre.com.pe/SOUNDA+E.I.R.L,9,años,699,MercadoLíder¡Está entre los mejores del sitio!,NA,NA,383,0,14,369,"Lima, Lima.",NA,NA
CIBERVENTAS4000,http://perfil.mercadolibre.com.pe/CIBERVENTAS4000,9,años,624,MercadoLíder¡Está entre los mejores del sitio!,NA,NA,339,3,20,316,"Lima, Lima.",NA,NA
SANTOFA E.I.R.L,http://perfil.mercadolibre.com.pe/SANTOFA+E.I.R.L,2,años,2478,MercadoLíder Gold¡Está entre los mejores del sitio!,NA,NA,1475,2,84,1389,"Lima, Lima.",NA,NA
PERU_DE_SHOPPING,http://perfil.mercadolibre.com.pe/PERU_DE_SHOPPING,5,años,2404,MercadoLíder Gold¡Está entre los mejores del sitio!,NA,NA,1299,23,91,1185,"Lima, Lima.",NA,NA
TECHNOW 1,http://perfil.mercadolibre.com.pe/TECHNOW+1,1,año,4396,MercadoLíder Gold¡Está entre los mejores del sitio!,NA,NA,2948,4,104,2840,"Lima, Lima.",NA,NA
MASPLAY PERU,http://perfil.mercadolibre.com.pe/MASPLAY+PERU,7,años,1277,MercadoLíder Gold¡Está entre los mejores del sitio!,NA,NA,916,8,88,820,"Lima, Lima.",NA,NA
INTECGLOBALPERU,http://perfil.mercadolibre.com.pe/INTECGLOBALPERU,6,años,5202,MercadoLíder Gold¡Está entre los mejores del sitio!,NA,NA,3695,7,31,3657,"Lima, Lima.",NA,NA
PLAZATECH,http://perfil.mercadolibre.com.pe/PLAZATECH,9,años,591,NA,NA,NA,300,2,17,281,"Lima, Lima.",NA,NA
PRECIO.PE,http://perfil.mercadolibre.com.pe/PRECIO.PE,2,años,4196,NA,NA,NA,1608,60,193,1355,"Lima, Lima.",NA,NA
DLECTRO,http://perfil.mercadolibre.com.pe/DLECTRO,2,años,1352,NA,NA,NA,680,1,76,603,"Lima, Lima.",NA,NA
IMPORTACIONESMYJASOCIADOS,http://perfil.mercadolibre.com.pe/IMPORTACIONESMYJASOCIADOS,13,años,132,NA,NA,NA,78,0,6,72,"Lima, Lima.",NA,NA
OSWALDO VALVERDE,http://perfil.mercadolibre.com.pe/OSWALDO+VALVERDE,7,años,464,MercadoLíder¡Está entre los mejores del sitio!,NA,NA,216,0,11,205,"Lima, Lima.",NA,NA
NO2125288,http://perfil.mercadolibre.com.pe/NO2125288,3,meses,39,NA,NA,NA,35,0,1,34,"Lima, Lima.",NA,NA
VELBRO PERU,http://perfil.mercadolibre.com.pe/VELBRO+PERU,4,años,1052,NA,NA,NA,484,0,29,455,"Lima, Lima.",NA,NA
TODATECNOLOGIAPERU.COM.,http://perfil.mercadolibre.com.pe/TODATECNOLOGIAPERU.COM.,7,años,5462,MercadoLíder Gold¡Está entre los mejores del sitio!,NA,NA,1656,26,96,1534,"Lima, Lima.",NA,NA
LATINO.,http://perfil.mercadolibre.com.pe/LATINO.,1,año,600,NA,NA,NA,304,2,16,286,"Lima, Lima.",NA,NA
FLOYDTEC.,http://perfil.mercadolibre.com.pe/FLOYDTEC.,7,años,448,NA,NA,NA,315,0,12,303,"Lima, Lima.",NA,NA
KOBYINVERSIONESSAC,http://perfil.mercadolibre.com.pe/KOBYINVERSIONESSAC,3,años,513,MercadoLíder Gold¡Está entre los mejores del sitio!,NA,NA,353,0,16,337,"Lima, Lima.",NA,NA
DIGITAL-PERU,http://perfil.mercadolibre.com.pe/DIGITAL-PERU,10,años,9200,MercadoLíder Gold¡Está entre los mejores del sitio!,NA,NA,5645,27,246,5372,"Lima, Lima.",NA,NA
INNOVASYSTEMCORP,http://perfil.mercadolibre.com.pe/INNOVASYSTEMCORP,3,años,11630,MercadoLíder Gold¡Está entre los mejores del sitio!,NA,NA,5253,18,272,4963,"Lima, Lima.",NA,NA
SEISA TECNOLOGIES,http://perfil.mercadolibre.com.pe/SEISA+TECNOLOGIES,10,meses,41,NA,NA,NA,38,0,0,38,"Lima, Lima.",NA,NA
DISTRIBUIDORA DACSA,http://perfil.mercadolibre.com.pe/DISTRIBUIDORA+DACSA,11,años,687,MercadoLíder¡Está entre los mejores del sitio!,NA,NA,1038,17,226,795,"Lima, Lima.",NA,NA
DIGITALZ PERU,http://perfil.mercadolibre.com.pe/DIGITALZ+PERU,11,años,4359,MercadoLíder Gold¡Está entre los mejores del sitio!,NA,NA,2445,8,238,2199,"Lima, Lima.",NA,NA
EDISEL.TS,http://perfil.mercadolibre.com.pe/EDISEL.TS,2,años,200,MercadoLíder¡Está entre los mejores del sitio!,NA,NA,127,2,1,124,"Lima, Lima.",NA,NA
Bose Tienda oficial,http://perfil.mercadolibre.com.pe/GWYICHANGYCIASATO?brandId=133,1,año,402,MercadoLíder Gold¡Está entre los mejores del sitio!,NA,NA,262,4,2,256,"Lima, Lima.",NA,NA
AHORAONUNCA1978,http://perfil.mercadolibre.com.pe/AHORAONUNCA1978,1,año,359,MercadoLíder¡Está entre los mejores del sitio!,NA,NA,222,1,11,210,"Lima, Lima.",NA,NA
IPLUS_STORE,http://perfil.mercadolibre.com.pe/IPLUS_STORE,1,año,386,MercadoLíder Gold¡Está entre los mejores del sitio!,NA,NA,278,0,0,278,"Lima, Lima.",NA,NA
EZ TECH,http://perfil.mercadolibre.com.pe/EZ+TECH,2,años,593,NA,NA,NA,236,3,11,222,"Lima, Lima.",NA,NA
GRUPONATIC TIENDA,http://perfil.mercadolibre.com.pe/GRUPONATIC+TIENDA,3,años,5318,MercadoLíder¡Está entre los mejores del sitio!,NA,NA,1862,30,132,1700,"Lima, Lima.",NA,NA
HUANCAYOVENDE.COM,http://perfil.mercadolibre.com.pe/HUANCAYOVENDE.COM,2,años,1036,MercadoLíder Gold¡Está entre los mejores del sitio!,NA,NA,637,2,108,527,"Lima, Lima.",NA,NA
BILLYCARRANZA,http://perfil.mercadolibre.com.pe/BILLYCARRANZA,1,año,57,MercadoLíder¡Está entre los mejores del sitio!,NA,NA,59,0,0,59,"Lima, Lima.",NA,NA
Mesajil Tienda oficial,http://perfil.mercadolibre.com.pe/DISTRIBUIDORAMESAJILHNOS?brandId=153,6,meses,232,MercadoLíder Gold¡Está entre los mejores del sitio!,NA,NA,156,2,5,149,"Lima, Lima.",NA,NA
LUISENRIQUEHUIZASOSA,http://perfil.mercadolibre.com.pe/LUISENRIQUEHUIZASOSA,11,meses,90,NA,NA,NA,77,0,3,74,"Lima, Lima.",NA,NA
KODE_PE,http://perfil.mercadolibre.com.pe/KODE_PE,4,años,199,MercadoLíder¡Está entre los mejores del sitio!,NA,NA,139,1,3,135,"Lima, Lima.",NA,NA
UNALUKA,http://perfil.mercadolibre.com.pe/UNALUKA,9,años,4046,MercadoLíder Gold¡Está entre los mejores del sitio!,NA,NA,2800,8,39,2753,"Lima, Lima.",NA,NA
LA.CAJA.TECNOLÓGICA,http://perfil.mercadolibre.com.pe/LA.CAJA.TECNOL%C3%93GICA,3,años,721,NA,NA,NA,315,0,16,299,"Lima, Lima.",NA,NA
DALTHRON S.A.C.,http://perfil.mercadolibre.com.pe/DALTHRON+S.A.C.,3,años,618,MercadoLíder Gold¡Está entre los mejores del sitio!,NA,NA,414,7,35,372,"Lima, Lima.",NA,NA
OVERPOMIANO,http://perfil.mercadolibre.com.pe/OVERPOMIANO,2,años,440,NA,NA,NA,256,1,3,252,"Lima, Lima.",NA,NA
Pioneer Tienda oficial,http://perfil.mercadolibre.com.pe/GWYICHANGYCIASATO?brandId=82,1,año,402,MercadoLíder Gold¡Está entre los mejores del sitio!,NA,NA,262,4,2,256,"Lima, Lima.",NA,NA
Ultimate Ears Tienda oficial,http://perfil.mercadolibre.com.pe/IN5517657?brandId=142,7,meses,148,MercadoLíder Gold¡Está entre los mejores del sitio!,NA,NA,99,0,4,95,"Lima, Lima.",NA,NA
MACROTELSTORE PERU,http://perfil.mercadolibre.com.pe/MACROTELSTORE+PERU,1,año,36,MercadoLíder¡Está entre los mejores del sitio!,NA,NA,15,1,0,14,"Lima, Lima.",NA,NA
IMPORTVENTASPERU,http://perfil.mercadolibre.com.pe/IMPORTVENTASPERU,6,años,420,NA,NA,NA,572,8,95,469,"Callao, Callao.",NA,NA
LASER IMPORT,http://perfil.mercadolibre.com.pe/LASER+IMPORT,2,años,709,NA,NA,NA,317,3,17,297,"Lima, Lima.",NA,NA
CRISTIANCASTROVELA,http://perfil.mercadolibre.com.pe/CRISTIANCASTROVELA,3,años,18,NA,NA,NA,8,1,3,4,"Lima, Lima.",NA,NA
SHOPOPERU,http://perfil.mercadolibre.com.pe/SHOPOPERU,8,años,3462,MercadoLíder¡Está entre los mejores del sitio!,NA,NA,1596,12,82,1502,"Lima, Lima.",NA,NA
ROJASTONDERJOHANANDERSON,http://perfil.mercadolibre.com.pe/ROJASTONDERJOHANANDERSON,1,año,233,MercadoLíder Gold¡Está entre los mejores del sitio!,NA,NA,196,0,4,192,"Lima, Lima.",NA,NA
JESUS_OUTLOOK,http://perfil.mercadolibre.com.pe/JESUS_OUTLOOK,1,año,83,NA,NA,NA,71,3,6,62,"Lima, Lima.",NA,NA
MIRAFLORES STORE,http://perfil.mercadolibre.com.pe/MIRAFLORES+STORE,5,años,2936,NA,NA,NA,2387,52,399,1936,"Lima, Lima.",NA,NA
WAKAIMPORTACIONES,http://perfil.mercadolibre.com.pe/WAKAIMPORTACIONES,4,años,624,MercadoLíder¡Está entre los mejores del sitio!,NA,NA,331,3,36,292,"Lima, Lima.",NA,NA
RODISTAR.PE,http://perfil.mercadolibre.com.pe/RODISTAR.PE,1,año,36,NA,NA,NA,27,1,1,25,"Lima, Lima.",NA,NA
TECHGAMER,http://perfil.mercadolibre.com.pe/TECHGAMER,11,años,1084,NA,NA,NA,480,9,52,419,"Lima, Lima.",NA,NA
LACASADIGITALYAGA,http://perfil.mercadolibre.com.pe/LACASADIGITALYAGA,1,año,24,NA,NA,NA,17,0,1,16,"Lima, Lima.",NA,NA
QUETALCOMPRA,http://perfil.mercadolibre.com.pe/QUETALCOMPRA,2,años,2426,MercadoLíder Gold¡Está entre los mejores del sitio!,NA,NA,1397,19,65,1313,"Lima, Lima.",NA,NA
WITROXPERU,http://perfil.mercadolibre.com.pe/WITROXPERU,6,años,4859,MercadoLíder Gold¡Está entre los mejores del sitio!,NA,NA,4245,1,198,4046,"Lima, Lima.",NA,NA
TECH-COOL,http://perfil.mercadolibre.com.pe/TECH-COOL,10,meses,60,NA,NA,NA,43,3,2,38,"Lima, Lima.",NA,NA
PERUOUTLETCENTER,http://perfil.mercadolibre.com.pe/PERUOUTLETCENTER,8,años,3030,MercadoLíder¡Está entre los mejores del sitio!,NA,NA,1505,17,136,1352,"Lima, Lima.",NA,NA
JPSYSTEMSSAC,http://perfil.mercadolibre.com.pe/JPSYSTEMSSAC,7,años,432,MercadoLíder Gold¡Está entre los mejores del sitio!,NA,NA,292,0,30,262,"Lima, Lima.",NA,NA
EVOLUCIÓN GEEK,http://perfil.mercadolibre.com.pe/EVOLUCI%C3%93N+GEEK,5,años,246,NA,NA,NA,201,1,3,197,"Lima, Lima.",NA,NA
HANNZOTIENDAONLINE,http://perfil.mercadolibre.com.pe/HANNZOTIENDAONLINE,1,año,372,NA,NA,NA,197,3,21,173,"Lima, Lima.",NA,NA
IDEATECHD,http://perfil.mercadolibre.com.pe/IDEATECHD,4,años,210,MercadoLíder¡Está entre los mejores del sitio!,NA,NA,136,1,5,130,"Lima, Lima.",NA,NA
ESPINOZAGUISELLA,http://perfil.mercadolibre.com.pe/ESPINOZAGUISELLA,1,año,89,NA,NA,NA,58,0,5,53,"Lima, Lima.",NA,NA
CIROXELECTRONIC,http://perfil.mercadolibre.com.pe/CIROXELECTRONIC,4,años,1478,MercadoLíder Gold¡Está entre los mejores del sitio!,NA,NA,684,11,90,583,"Lima, Lima.",NA,NA
CORPORACIÓN NAHUILAU,http://perfil.mercadolibre.com.pe/CORPORACI%C3%93N+NAHUILAU,2,años,468,NA,NA,NA,183,1,19,163,"Lima, Lima.",NA,NA
LIZANDROAN,http://perfil.mercadolibre.com.pe/LIZANDROAN,3,años,908,NA,NA,NA,585,6,49,530,"Lima, Lima.",NA,NA
IMPORTACIONES STA.L,http://perfil.mercadolibre.com.pe/IMPORTACIONES+STA.L,2,años,1161,MercadoLíder¡Está entre los mejores del sitio!,NA,NA,664,6,55,603,"Lima, Lima.",NA,NA
OSDA6454778,http://perfil.mercadolibre.com.pe/OSDA6454778,4,años,95,NA,NA,NA,55,0,0,55,"Lima, Lima.",NA,NA
BEATSDEALERPERU,http://perfil.mercadolibre.com.pe/BEATSDEALERPERU,4,años,695,MercadoLíder¡Está entre los mejores del sitio!,NA,NA,363,2,14,347,"Lima, Lima.",NA,NA
FILIUM360,http://perfil.mercadolibre.com.pe/FILIUM360,4,años,2444,MercadoLíder¡Está entre los mejores del sitio!,NA,NA,1150,25,105,1020,"Lima, Lima.",NA,NA
OSCAR-MANUEL,http://perfil.mercadolibre.com.pe/OSCAR-MANUEL,2,años,65,NA,NA,NA,69,0,5,64,"Lima, Lima.",NA,NA
ENERGYZONE_MIRAFLORES,http://perfil.mercadolibre.com.pe/ENERGYZONE_MIRAFLORES,9,años,3870,MercadoLíder¡Está entre los mejores del sitio!,NA,NA,1536,13,116,1407,"Lima, Lima.",NA,NA
ALKA CORP,http://perfil.mercadolibre.com.pe/ALKA+CORP,7,años,571,NA,NA,NA,225,0,5,220,"Lima, Lima.",NA,NA
PERUWITROX,http://perfil.mercadolibre.com.pe/PERUWITROX,3,años,765,MercadoLíder¡Está entre los mejores del sitio!,NA,NA,457,0,22,435,"Lima, Lima.",NA,NA
JAPIMPORTA,http://perfil.mercadolibre.com.pe/JAPIMPORTA,7,años,1732,MercadoLíder Gold¡Está entre los mejores del sitio!,NA,NA,1056,3,34,1019,"Lima, Lima.",NA,NA
MARKETLINCE,http://perfil.mercadolibre.com.pe/MARKETLINCE,2,años,5820,MercadoLíder Gold¡Está entre los mejores del sitio!,NA,NA,2272,13,113,2146,"Lima, Lima.",NA,NA
JOSE GOGOME,http://perfil.mercadolibre.com.pe/JOSE+GOGOME,4,años,414,NA,NA,NA,216,0,10,206,"Lima, Lima.",NA,NA
Logitech Tienda oficial,http://perfil.mercadolibre.com.pe/IN5517657?brandId=145,7,meses,148,MercadoLíder Gold¡Está entre los mejores del sitio!,NA,NA,99,0,4,95,"Lima, Lima.",NA,NA
MECSOFT-EIRL,http://perfil.mercadolibre.com.pe/MECSOFT-EIRL,5,años,740,NA,NA,NA,511,2,58,451,"Lima, Lima.",NA,NA
INTOUCH EASY,http://perfil.mercadolibre.com.pe/INTOUCH+EASY,3,años,599,MercadoLíder¡Está entre los mejores del sitio!,NA,NA,462,1,47,414,"Lima, Lima.",NA,NA
CONSORCIOLINEAHOGAR,http://perfil.mercadolibre.com.pe/CONSORCIOLINEAHOGAR,1,año,565,NA,NA,NA,353,29,31,293,"Lima, Lima.",NA,NA
MAJU4927724,http://perfil.mercadolibre.com.pe/MAJU4927724,2,años,1578,MercadoLíder Gold¡Está entre los mejores del sitio!,NA,NA,978,1,6,971,"Lima, Lima.",NA,NA
REVOLLEDO2323,http://perfil.mercadolibre.com.pe/REVOLLEDO2323,10,meses,101,NA,NA,NA,27,2,0,25,"Lima, Lima.",NA,NA
ITELSISTEMSAC,http://perfil.mercadolibre.com.pe/ITELSISTEMSAC,6,años,7251,MercadoLíder¡Está entre los mejores del sitio!,NA,NA,4502,8,350,4144,"Lima, Lima.",NA,NA
DOMIZI-MEDIA,http://perfil.mercadolibre.com.pe/DOMIZI-MEDIA,4,meses,22,NA,NA,NA,19,0,0,19,"Lima, Lima.",NA,NA
SOSCOMPUTER,http://perfil.mercadolibre.com.pe/SOSCOMPUTER,2,años,82,NA,NA,NA,49,1,9,39,"Lima, Lima.",NA,NA
EL RINCONDELCOCO,http://perfil.mercadolibre.com.pe/EL+RINCONDELCOCO,2,años,1653,NA,NA,NA,602,12,85,505,"Lima, Lima.",NA,NA
WWW.CORPORACIONDASH.COM,http://perfil.mercadolibre.com.pe/WWW.CORPORACIONDASH.COM,4,años,307,MercadoLíder¡Está entre los mejores del sitio!,NA,NA,261,4,24,233,"Lima, Lima.",NA,NA
GJLEATHER,http://perfil.mercadolibre.com.pe/GJLEATHER,4,años,501,MercadoLíder¡Está entre los mejores del sitio!,NA,NA,336,2,13,321,"Lima, Lima.",NA,NA
SANDROAMOROS,http://perfil.mercadolibre.com.pe/SANDROAMOROS,19,años,74,NA,NA,NA,52,0,3,49,"Lima, Lima.",NA,NA
AARONWAKA,http://perfil.mercadolibre.com.pe/AARONWAKA,7,años,82,NA,NA,NA,46,1,2,43,"Lima, Lima.",NA,NA
PKIMPORTS TIENDAVIRTUAL,http://perfil.mercadolibre.com.pe/PKIMPORTS+TIENDAVIRTUAL,2,años,423,MercadoLíder¡Está entre los mejores del sitio!,NA,NA,202,6,47,149,"Lima, Lima.",NA,NA
PORMAYOR.PE S.A.,http://perfil.mercadolibre.com.pe/PORMAYOR.PE+S.A.,1,año,43,NA,NA,NA,21,0,0,21,"Lima, Lima.",NA,NA
PCGLOBALPERU,http://perfil.mercadolibre.com.pe/PCGLOBALPERU,2,años,26,NA,NA,NA,32,0,4,28,"Lima, Lima.",NA,NA
COMERCIALCAPABLANCA,http://perfil.mercadolibre.com.pe/COMERCIALCAPABLANCA,10,meses,18,NA,NA,NA,5,0,0,5,"Lima, Lima.",NA,NA
Xiaomi Tienda oficial,http://perfil.mercadolibre.com.pe/QUETALCOMPRADELPERUEIRL?brandId=159,5,meses,46,NA,NA,NA,27,0,0,27,"Lima, Lima.",NA,NA
GALY IMPORT,http://perfil.mercadolibre.com.pe/GALY+IMPORT,2,años,3728,MercadoLíder¡Está entre los mejores del sitio!,NA,NA,1064,26,34,1004,"Lima, Lima.",NA,NA
INNOVAMAR- PERU,http://perfil.mercadolibre.com.pe/INNOVAMAR-+PERU,2,años,376,MercadoLíder¡Está entre los mejores del sitio!,NA,NA,233,0,0,233,"Lima, Lima.",NA,NA
TOUCHKING PERU,http://perfil.mercadolibre.com.pe/TOUCHKING+PERU,1,año,3399,MercadoLíder Gold¡Está entre los mejores del sitio!,NA,NA,2220,12,122,2086,"Lima, Lima.",NA,NA
CAPTIVA-STORE,http://perfil.mercadolibre.com.pe/CAPTIVA-STORE,5,años,407,NA,NA,NA,230,0,27,203,"Lima, Lima.",NA,NA
TRIPLESENDS,http://perfil.mercadolibre.com.pe/TRIPLESENDS,11,años,7797,NA,NA,NA,7306,175,1510,5621,"Miraflores, Lima.",NA,NA
AVY-BELLA,http://perfil.mercadolibre.com.pe/AVY-BELLA,3,años,527,MercadoLíder¡Está entre los mejores del sitio!,NA,NA,248,0,5,243,"Lima, Lima.",NA,NA
BLUU.STORE,http://perfil.mercadolibre.com.pe/BLUU.STORE,2,años,668,NA,NA,NA,352,3,17,332,"Lima, Lima.",NA,NA
DGADGET.PE,http://perfil.mercadolibre.com.pe/DGADGET.PE,6,años,1657,NA,NA,NA,829,0,43,786,"Lima, Lima.",NA,NA
TECNUEVAERA,http://perfil.mercadolibre.com.pe/TECNUEVAERA,8,años,3926,NA,NA,NA,2484,17,278,2189,"Lima, Lima.",NA,NA
LOTECH SOLUTIONS,http://perfil.mercadolibre.com.pe/LOTECH+SOLUTIONS,2,años,79,NA,NA,NA,42,2,1,39,"Lima, Lima.",NA,NA
POOL16199,http://perfil.mercadolibre.com.pe/POOL16199,5,años,253,NA,NA,NA,98,5,5,88,"Lima, Lima.",NA,NA
FENIX_IMPORT_PERU,http://perfil.mercadolibre.com.pe/FENIX_IMPORT_PERU,10,meses,433,MercadoLíder¡Está entre los mejores del sitio!,NA,NA,253,0,3,250,"Lima, Lima.",NA,NA
MYJ CÁNEPANEGOCIOS,http://perfil.mercadolibre.com.pe/MYJ+C%C3%81NEPANEGOCIOS,12,años,522,NA,NA,NA,440,3,8,429,"Lima, Lima.",NA,NA
ALAI FASHION,http://perfil.mercadolibre.com.pe/ALAI+FASHION,1,año,95,NA,NA,NA,52,1,2,49,"Lima, Lima.",NA,NA
HEINEROSORIO,http://perfil.mercadolibre.com.pe/HEINEROSORIO,4,años,21,NA,NA,NA,16,0,1,15,"Trujillo, La Libertad.",NA,NA
REVOLLEDOJOSEANTONIO,http://perfil.mercadolibre.com.pe/REVOLLEDOJOSEANTONIO,6,años,688,NA,NA,NA,449,6,42,401,"Callao, Callao.",NA,NA
JUANMANUE MURAYARIVELA,http://perfil.mercadolibre.com.pe/JUANMANUE+MURAYARIVELA,3,años,7,NA,NA,NA,5,1,0,4,"Lima, Lima.",NA,NA
AUDIOPHILE STORE,http://perfil.mercadolibre.com.pe/AUDIOPHILE+STORE,3,años,200,MercadoLíder¡Está entre los mejores del sitio!,NA,NA,164,0,11,153,"Lima, Lima.",NA,NA
ETERNITY-S,http://perfil.mercadolibre.com.pe/ETERNITY-S,7,años,1066,NA,NA,NA,389,0,28,361,"Tacna, Tacna.",NA,NA
INHOUSESHOP PERU,http://perfil.mercadolibre.com.pe/INHOUSESHOP+PERU,7,años,1499,MercadoLíder Gold¡Está entre los mejores del sitio!,NA,NA,1103,0,106,997,"Lima, Lima.",NA,NA
SH975195,http://perfil.mercadolibre.com.pe/SH975195,8,meses,23,NA,NA,NA,15,2,3,10,"Lima, Lima.",NA,NA
ALITOS.STORE,http://perfil.mercadolibre.com.pe/ALITOS.STORE,8,años,313,NA,NA,NA,183,0,0,183,"Lima, Lima.",NA,NA
MEGADEALSHOP,http://perfil.mercadolibre.com.pe/MEGADEALSHOP,3,años,1163,MercadoLíder¡Está entre los mejores del sitio!,NA,NA,529,2,35,492,"Lima, Lima.",NA,NA
MARKET ONLINE.COM,http://perfil.mercadolibre.com.pe/MARKET+ONLINE.COM,9,años,523,NA,NA,NA,337,7,24,306,"Lima, Lima.",NA,NA
MYTECNOHOMES,http://perfil.mercadolibre.com.pe/MYTECNOHOMES,3,años,134,NA,NA,NA,78,0,5,73,"Lima, Lima.",NA,NA
CRISPINMELENDREZHUAMAN,http://perfil.mercadolibre.com.pe/CRISPINMELENDREZHUAMAN,3,años,23,NA,NA,NA,20,3,0,17,"Lima, Lima.",NA,NA
BUFFALOS TECHNOLOGY,http://perfil.mercadolibre.com.pe/BUFFALOS+TECHNOLOGY,4,años,561,NA,NA,NA,275,7,15,253,"Lima, Lima.",NA,NA
FERROPOLIS PERÚ,http://perfil.mercadolibre.com.pe/FERROPOLIS+PER%C3%9A,3,años,801,MercadoLíder¡Está entre los mejores del sitio!,NA,NA,343,0,28,315,"Callao, Callao.",NA,NA
VENTAS_LOGICPROEIRL,http://perfil.mercadolibre.com.pe/VENTAS_LOGICPROEIRL,11,años,445,NA,NA,NA,220,6,13,201,"Lima, Lima.",NA,NA
TRADETECHNOLOGY,http://perfil.mercadolibre.com.pe/TRADETECHNOLOGY,2,años,186,MercadoLíder¡Está entre los mejores del sitio!,NA,NA,178,2,3,173,"Lima, Lima.",NA,NA
CARLOSAVENDANO15,http://perfil.mercadolibre.com.pe/CARLOSAVENDANO15,6,meses,54,NA,NA,NA,32,0,2,30,"Lima, Lima.",NA,NA
PATRICIAEGOVIL,http://perfil.mercadolibre.com.pe/PATRICIAEGOVIL,5,años,20,NA,NA,NA,7,1,1,5,"Lima, Lima.",NA,NA
LATINO ESPIA,http://perfil.mercadolibre.com.pe/LATINO+ESPIA,6,años,556,NA,NA,NA,284,3,13,268,"Lima, Lima.",NA,NA
TECNOYAIMPORT,http://perfil.mercadolibre.com.pe/TECNOYAIMPORT,3,años,645,NA,NA,NA,364,0,20,344,"Lima, Lima.",NA,NA
TECNOLIFEPE,http://perfil.mercadolibre.com.pe/TECNOLIFEPE,2,años,504,NA,NA,NA,306,3,23,280,"Lima, Lima.",NA,NA
CHISS STORE,http://perfil.mercadolibre.com.pe/CHISS+STORE,2,años,257,NA,NA,NA,190,0,4,186,"Lima, Lima.",NA,NA
SOPORTEMULTIMEDIA,http://perfil.mercadolibre.com.pe/SOPORTEMULTIMEDIA,10,meses,8,NA,NA,NA,7,0,0,7,"Lima, Lima.",NA,NA
DLECTRO.COM,http://perfil.mercadolibre.com.pe/DLECTRO.COM,3,años,28,NA,NA,NA,25,1,2,22,"Lima, Lima.",NA,NA
ISSOSYSTEMSAC,http://perfil.mercadolibre.com.pe/ISSOSYSTEMSAC,6,años,480,NA,NA,NA,198,3,15,180,"Lima, Lima.",NA,NA
PLUSMELKOR,http://perfil.mercadolibre.com.pe/PLUSMELKOR,11,años,157,NA,NA,NA,100,1,5,94,"Lima, Lima.",NA,NA
SANCHEZ_ANTONIO,http://perfil.mercadolibre.com.pe/SANCHEZ_ANTONIO,5,años,210,NA,NA,NA,211,6,27,178,"Lima, Lima.",NA,NA
IMPORTACIONES HIBRIDA,http://perfil.mercadolibre.com.pe/IMPORTACIONES+HIBRIDA,1,año,491,MercadoLíder Gold¡Está entre los mejores del sitio!,NA,NA,279,0,4,275,"Lima, Lima.",NA,NA
ANLI8135046,http://perfil.mercadolibre.com.pe/ANLI8135046,1,año,160,NA,NA,NA,92,2,11,79,"Lima, Lima.",NA,NA
WONDERCRIS,http://perfil.mercadolibre.com.pe/WONDERCRIS,2,años,102,NA,NA,NA,53,0,6,47,"Lima, Lima.",NA,NA
JUANCABALLERO12,http://perfil.mercadolibre.com.pe/JUANCABALLERO12,NA,NA,NA,NA,NA,NA,533,24,65,444,"Lima, Lima.",NA,NA
RYOSVA_SECURITY,http://perfil.mercadolibre.com.pe/RYOSVA_SECURITY,NA,NA,NA,NA,NA,NA,383,6,65,312,"Lima, Lima.",NA,NA
MN ELECTRONICS,http://perfil.mercadolibre.com.pe/MN+ELECTRONICS,13,años,7854,MercadoLíder¡Está entre los mejores del sitio!,NA,NA,6380,84,853,5443,"Lima, Lima.",NA,NA
NEABIT STORE,http://perfil.mercadolibre.com.pe/NEABIT+STORE,2,años,68,NA,NA,NA,35,0,3,32,"Cajamarca, Cajamarca.",NA,NA
NEW_AMERICA_STORE,http://perfil.mercadolibre.com.pe/NEW_AMERICA_STORE,2,años,130,NA,NA,NA,84,1,0,83,"Lima, Lima.",NA,NA
PLANCHAS-ALISADORAS,http://perfil.mercadolibre.com.pe/PLANCHAS-ALISADORAS,1,año,43,NA,NA,NA,15,0,0,15,"Lima, Lima.",NA,NA
VIDAXSANA,http://perfil.mercadolibre.com.pe/VIDAXSANA,3,años,855,MercadoLíder¡Está entre los mejores del sitio!,NA,NA,421,0,0,421,"Lima, Lima.",NA,NA
HIDROPONCITO912,http://perfil.mercadolibre.com.pe/HIDROPONCITO912,11,meses,107,NA,NA,NA,69,0,1,68,"Lima, Lima.",NA,NA
EIRLCOMPUUSA,http://perfil.mercadolibre.com.pe/EIRLCOMPUUSA,1,año,63,NA,NA,NA,26,0,0,26,"Arequipa, Arequipa.",NA,NA
JOSEMIGUELCANALESBASTIDAS,http://perfil.mercadolibre.com.pe/JOSEMIGUELCANALESBASTIDAS,3,años,35,NA,NA,NA,20,1,0,19,"Lima, Lima.",NA,NA
PUNTODIGITALMF,http://perfil.mercadolibre.com.pe/PUNTODIGITALMF,NA,NA,NA,NA,NA,NA,46,5,3,38,"Lima, Lima.",NA,NA
SOCH9731902,http://perfil.mercadolibre.com.pe/SOCH9731902,4,años,394,NA,NA,NA,215,5,19,191,"Lima, Lima.",NA,NA
MISSRANA,http://perfil.mercadolibre.com.pe/MISSRANA,4,años,81,NA,NA,NA,37,1,2,34,"Lima, Lima.",NA,NA
ROSAMARTINEZBUITRON,http://perfil.mercadolibre.com.pe/ROSAMARTINEZBUITRON,8,meses,65,NA,NA,NA,54,1,0,53,"Lima, Lima.",NA,NA
FROG_PEOPLE _IMPORT,http://perfil.mercadolibre.com.pe/FROG_PEOPLE+_IMPORT,8,años,2365,NA,NA,NA,1609,9,191,1409,"Lima, Lima.",NA,NA
CABEPERU,http://perfil.mercadolibre.com.pe/CABEPERU,2,años,76,NA,NA,NA,57,0,4,53,"Lima, Lima.",NA,NA
TECH_STORE_WG,http://perfil.mercadolibre.com.pe/TECH_STORE_WG,6,años,118,NA,NA,NA,59,1,2,56,"Lima, Lima.",NA,NA
XBITIMPORT,http://perfil.mercadolibre.com.pe/XBITIMPORT,5,años,365,NA,NA,NA,297,0,16,281,"Lima, Lima.",NA,NA
EDWINEQUISPEMURILLO,http://perfil.mercadolibre.com.pe/EDWINEQUISPEMURILLO,NA,NA,NA,NA,NA,NA,24,1,2,21,"Lima, Lima.",NA,NA
GRUPODLECTRO,http://perfil.mercadolibre.com.pe/GRUPODLECTRO,NA,NA,NA,NA,NA,NA,73,1,16,56,"Lima, Lima.",NA,NA
SALINASJAGUANDEELARD,http://perfil.mercadolibre.com.pe/SALINASJAGUANDEELARD,6,años,114,NA,NA,NA,38,1,2,35,"Lima, Lima.",NA,NA
KATHERINEASENCIOSGUTIERREZ,http://perfil.mercadolibre.com.pe/KATHERINEASENCIOSGUTIERREZ,4,años,36,NA,NA,NA,16,0,0,16,"Lima, Lima.",NA,NA
TSC STORE,http://perfil.mercadolibre.com.pe/TSC+STORE,2,años,47,NA,NA,NA,25,1,1,23,"Lima, Lima.",NA,NA
GOED7181760,http://perfil.mercadolibre.com.pe/GOED7181760,NA,NA,NA,NA,NA,NA,9,1,2,6,"Lima, Lima.",NA,NA
JOTASURFING2008,http://perfil.mercadolibre.com.pe/JOTASURFING2008,11,años,27,NA,NA,NA,24,0,5,19,"Lima, Lima.",NA,NA
MAVE1225614,http://perfil.mercadolibre.com.pe/MAVE1225614,4,meses,17,NA,NA,NA,11,1,0,10,"Lima, Lima.",NA,NA
ALTAPATAGONIAEXIM,http://perfil.mercadolibre.com.pe/ALTAPATAGONIAEXIM,7,años,189,NA,NA,NA,160,0,11,149,"Lima, Lima.",NA,NA
CESARQUEZADANINANTAY,http://perfil.mercadolibre.com.pe/CESARQUEZADANINANTAY,1,año,6,NA,NA,NA,7,0,0,7,"Lima, Lima.",NA,NA
LLILLA-ONLINE-STORE,http://perfil.mercadolibre.com.pe/LLILLA-ONLINE-STORE,1,año,49,NA,NA,NA,19,1,0,18,"Lima, Lima.",NA,NA
AMARU IMPORT,http://perfil.mercadolibre.com.pe/AMARU+IMPORT,6,años,885,NA,NA,NA,577,2,39,536,"Lima, Lima.",NA,NA
QUALITYIMPORTAVR,http://perfil.mercadolibre.com.pe/QUALITYIMPORTAVR,NA,NA,NA,NA,NA,NA,4482,69,701,3712,"Lima, Lima.",NA,NA
ELSHADDAI STORE,http://perfil.mercadolibre.com.pe/ELSHADDAI+STORE,1,año,15,NA,NA,NA,31,0,8,23,"Lima, Lima.",NA,NA
SOLUCIONES HACS,http://perfil.mercadolibre.com.pe/SOLUCIONES+HACS,5,años,210,MercadoLíder¡Está entre los mejores del sitio!,NA,NA,124,0,1,123,"Lima, Lima.",NA,NA
NOTEPHONE_2013,http://perfil.mercadolibre.com.pe/NOTEPHONE_2013,6,años,472,MercadoLíder¡Está entre los mejores del sitio!,NA,NA,316,11,56,249,"Lima, Lima.",NA,NA
PACISHOP OFICIAL,http://perfil.mercadolibre.com.pe/PACISHOP+OFICIAL,2,años,76,NA,NA,NA,36,2,7,27,"Lima, Lima.",NA,NA
Audiomusica Tienda oficial,http://perfil.mercadolibre.com.pe/AUDIOMUSICASOCIEDADANNIMACE?brandId=76,1,año,180,NA,NA,NA,118,4,2,112,"Miraflores, Lima.",NA,NA
SALVATIERRAROBERT,http://perfil.mercadolibre.com.pe/SALVATIERRAROBERT,4,años,28,NA,NA,NA,10,0,2,8,"Lima, Lima.",NA,NA
ANALULOZANO,http://perfil.mercadolibre.com.pe/ANALULOZANO,5,años,475,NA,NA,NA,305,2,24,279,"Lima, Lima.",NA,NA
PRODUCTOSTECH,http://perfil.mercadolibre.com.pe/PRODUCTOSTECH,4,años,1479,NA,NA,NA,1133,0,19,1114,"Lima, Lima.",NA,NA
CONTROLSMART,http://perfil.mercadolibre.com.pe/CONTROLSMART,2,años,1615,MercadoLíder¡Está entre los mejores del sitio!,NA,NA,775,0,21,754,"Lima, Lima.",NA,NA
JOSÉ VARGAS87,http://perfil.mercadolibre.com.pe/JOS%C3%89+VARGAS87,7,años,173,NA,NA,NA,95,1,5,89,"Lima, Lima.",NA,NA
VIENISHOP,http://perfil.mercadolibre.com.pe/VIENISHOP,3,años,558,NA,NA,NA,232,1,21,210,"Lima, Lima.",NA,NA
ALFA NETWORKS,http://perfil.mercadolibre.com.pe/ALFA+NETWORKS,10,años,9,NA,NA,NA,6,0,0,6,"Chiclayo, Lambayeque.",NA,NA
23JOSEREVOLLEDO,http://perfil.mercadolibre.com.pe/23JOSEREVOLLEDO,4,años,369,NA,NA,NA,271,3,10,258,"Lima, Lima.",NA,NA
DEKORTIME,http://perfil.mercadolibre.com.pe/DEKORTIME,1,año,318,MercadoLíder¡Está entre los mejores del sitio!,NA,NA,185,0,7,178,"Lima, Lima.",NA,NA
DLECTRO-PERU,http://perfil.mercadolibre.com.pe/DLECTRO-PERU,3,años,1487,NA,NA,NA,600,2,62,536,"Lima, Lima.",NA,NA
RAGIMPORT,http://perfil.mercadolibre.com.pe/RAGIMPORT,6,años,2261,MercadoLíder Gold¡Está entre los mejores del sitio!,NA,NA,1338,1,21,1316,"Lima, Lima.",NA,NA
REMATESYLIQUIDACION_PC,http://perfil.mercadolibre.com.pe/REMATESYLIQUIDACION_PC,4,años,2487,NA,NA,NA,1181,18,127,1036,"Lima, Lima.",NA,NA
GAC PUBLICIDAD,http://perfil.mercadolibre.com.pe/GAC+PUBLICIDAD,4,años,411,NA,NA,NA,169,9,17,143,"Lima, Lima.",NA,NA
ARIAN MONTOYA,http://perfil.mercadolibre.com.pe/ARIAN+MONTOYA,3,años,42,NA,NA,NA,37,1,4,32,"Lima, Lima.",NA,NA
PACHERRESJUAN,http://perfil.mercadolibre.com.pe/PACHERRESJUAN,6,años,586,NA,NA,NA,370,8,26,336,"Lima, Lima.",NA,NA
NOK95,http://perfil.mercadolibre.com.pe/NOK95,10,años,305,NA,NA,NA,443,4,87,352,"Lima, Lima.",NA,NA
REGALITOSPERU,http://perfil.mercadolibre.com.pe/REGALITOSPERU,5,años,549,NA,NA,NA,398,13,33,352,"Lima, Lima.",NA,NA
LIJOV_EIRL,http://perfil.mercadolibre.com.pe/LIJOV_EIRL,8,años,293,NA,NA,NA,149,4,7,138,"Lima, Lima.",NA,NA
ROAB3778243,http://perfil.mercadolibre.com.pe/ROAB3778243,10,meses,12,NA,NA,NA,10,0,0,10,"Lima, Lima.",NA,NA
BRAYAGUES,http://perfil.mercadolibre.com.pe/BRAYAGUES,NA,NA,NA,NA,NA,NA,148,3,6,139,"Lima, Lima.",NA,NA
FASTWAN2016,http://perfil.mercadolibre.com.pe/FASTWAN2016,7,años,417,NA,NA,NA,344,0,37,307,"Sanborja, Lima.",NA,NA
3BFACTORY.COM,http://perfil.mercadolibre.com.pe/3BFACTORY.COM,1,año,382,NA,NA,NA,118,5,11,102,"Lima, Lima.",NA,NA
DADACOOLOFICIAL,http://perfil.mercadolibre.com.pe/DADACOOLOFICIAL,1,año,40,NA,NA,NA,29,0,2,27,"Lima, Lima.",NA,NA
TIBUSEGURIDAD,http://perfil.mercadolibre.com.pe/TIBUSEGURIDAD,1,año,14,NA,NA,NA,12,0,1,11,"Lima, Lima.",NA,NA
MIRA5876117,http://perfil.mercadolibre.com.pe/MIRA5876117,5,años,25,NA,NA,NA,12,0,0,12,"Lima, Lima.",NA,NA
IMPORTADOR912Y285Y067,http://perfil.mercadolibre.com.pe/IMPORTADOR912Y285Y067,1,año,44,NA,NA,NA,36,1,3,32,"Lima, Lima.",NA,NA
BLUE_PLANET TECHNOLOGY,http://perfil.mercadolibre.com.pe/BLUE_PLANET+TECHNOLOGY,11,años,927,MercadoLíder¡Está entre los mejores del sitio!,NA,NA,642,0,15,627,"Lima, Lima.",NA,NA
VIERA ASOCIADOS,http://perfil.mercadolibre.com.pe/VIERA+ASOCIADOS,3,años,18,NA,NA,NA,6,0,1,5,"Lima, Lima.",NA,NA
GOBESIMPORT,http://perfil.mercadolibre.com.pe/GOBESIMPORT,9,meses,29,NA,NA,NA,18,0,0,18,"Lima, Lima.",NA,NA
LoginStore Tienda oficial,http://perfil.mercadolibre.com.pe/LOGINSTORELOGINSTORE?brandId=21,2,años,3542,MercadoLíder Gold¡Está entre los mejores del sitio!,NA,NA,1791,16,202,1573,"Lima, Lima.",NA,NA
EZYSTEM,http://perfil.mercadolibre.com.pe/EZYSTEM,4,años,583,MercadoLíder Gold¡Está entre los mejores del sitio!,NA,NA,397,0,0,397,"Lima, Lima.",NA,NA
CARE1509251,http://perfil.mercadolibre.com.pe/CARE1509251,8,meses,10,NA,NA,NA,2,0,0,2,"Lima, Lima.",NA,NA
DEVI1635036,http://perfil.mercadolibre.com.pe/DEVI1635036,1,año,98,NA,NA,NA,40,1,0,39,"Lima, Lima.",NA,NA
INNOVATRONIC SAC,http://perfil.mercadolibre.com.pe/INNOVATRONIC+SAC,6,años,4948,NA,NA,NA,4582,39,290,4253,"Lima, Lima.",NA,NA
MARKET RUZA,http://perfil.mercadolibre.com.pe/MARKET+RUZA,9,años,2588,MercadoLíder¡Está entre los mejores del sitio!,NA,NA,1321,9,71,1241,"Lima, Lima.",NA,NA
LUXEBRANDS4U,http://perfil.mercadolibre.com.pe/LUXEBRANDS4U,6,años,33,NA,NA,NA,30,1,3,26,"Lima, Lima.",NA,NA
GOMAXPERUCOM,http://perfil.mercadolibre.com.pe/GOMAXPERUCOM,4,meses,17,NA,NA,NA,17,0,1,16,"Lima, Lima.",NA,NA
IMPORTACIONES_DARIO,http://perfil.mercadolibre.com.pe/IMPORTACIONES_DARIO,2,años,123,NA,NA,NA,33,0,5,28,"Lima, Lima.",NA,NA
AFV TEC,http://perfil.mercadolibre.com.pe/AFV+TEC,6,años,51,NA,NA,NA,44,0,3,41,"Lima, Lima.",NA,NA
DARGRANDEZ,http://perfil.mercadolibre.com.pe/DARGRANDEZ,6,años,796,MercadoLíder¡Está entre los mejores del sitio!,NA,NA,685,4,62,619,"Lima, Lima.",NA,NA
JUANBERROCALL,http://perfil.mercadolibre.com.pe/JUANBERROCALL,10,años,87,NA,NA,NA,70,1,0,69,"Lima, Lima.",NA,NA
FELBARDALESROMANVIL,http://perfil.mercadolibre.com.pe/FELBARDALESROMANVIL,7,años,242,NA,NA,NA,183,0,32,151,"Lima, Lima.",NA,NA
LUISPOMPILLA,http://perfil.mercadolibre.com.pe/LUISPOMPILLA,7,años,98,NA,NA,NA,70,0,1,69,"Lima, Lima.",NA,NA
DEYSIMERMAORIZANO,http://perfil.mercadolibre.com.pe/DEYSIMERMAORIZANO,1,año,82,NA,NA,NA,65,1,7,57,"Lima, Lima.",NA,NA
CSHOP1,http://perfil.mercadolibre.com.pe/CSHOP1,12,años,653,NA,NA,NA,418,0,3,415,"Lima, Lima.",NA,NA
TITIEDUXD,http://perfil.mercadolibre.com.pe/TITIEDUXD,4,años,377,NA,NA,NA,225,0,16,209,"Lima, Lima.",NA,NA
BERMERINTERNACIONALSAC,http://perfil.mercadolibre.com.pe/BERMERINTERNACIONALSAC,7,meses,23,NA,NA,NA,13,0,1,12,"Lima, Lima.",NA,NA
TECMI.STORE,http://perfil.mercadolibre.com.pe/TECMI.STORE,4,años,58,NA,NA,NA,33,0,3,30,"Lima, Lima.",NA,NA
SUMPCSYQ,http://perfil.mercadolibre.com.pe/SUMPCSYQ,4,años,1566,NA,NA,NA,1126,11,92,1023,"Lima, Lima.",NA,NA
REBAJAS-RODIEL,http://perfil.mercadolibre.com.pe/REBAJAS-RODIEL,1,año,15,NA,NA,NA,12,1,0,11,"Lima, Lima.",NA,NA
SERPROCTI SAC,http://perfil.mercadolibre.com.pe/SERPROCTI+SAC,1,año,22,NA,NA,NA,20,0,2,18,"Lima, Lima.",NA,NA
WITO_R,http://perfil.mercadolibre.com.pe/WITO_R,12,años,46,NA,NA,NA,23,0,3,20,"Lima, Lima.",NA,NA
DAVIDANDAEL,http://perfil.mercadolibre.com.pe/DAVIDANDAEL,7,meses,9,NA,NA,NA,10,1,1,8,"Lima, Lima.",NA,NA
NOWTECH PERU,http://perfil.mercadolibre.com.pe/NOWTECH+PERU,3,años,332,MercadoLíder Gold¡Está entre los mejores del sitio!,NA,NA,197,0,6,191,"Lima, Lima.",NA,NA
GRUPOMERMA SAC,http://perfil.mercadolibre.com.pe/GRUPOMERMA+SAC,7,años,88,NA,NA,NA,63,3,1,59,"Lima, Lima.",NA,NA
JUANUGARRIZA,http://perfil.mercadolibre.com.pe/JUANUGARRIZA,4,años,82,NA,NA,NA,45,0,4,41,"Lima, Lima.",NA,NA
WWW.OASISDESCANSO.PE,http://perfil.mercadolibre.com.pe/WWW.OASISDESCANSO.PE,3,años,228,MercadoLíder¡Está entre los mejores del sitio!,NA,NA,241,0,12,229,"Lima, Lima.",NA,NA
MONTEROPIERO91,http://perfil.mercadolibre.com.pe/MONTEROPIERO91,7,años,11,NA,NA,NA,5,0,1,4,"Lima, Lima.",NA,NA
GONZALESLEONPEDRO,http://perfil.mercadolibre.com.pe/GONZALESLEONPEDRO,3,años,103,NA,NA,NA,40,4,4,32,"Lima, Lima.",NA,NA
DIANASOFAOTINIANOGONZALES,http://perfil.mercadolibre.com.pe/DIANASOFAOTINIANOGONZALES,10,meses,11,NA,NA,NA,4,2,0,2,"Lima, Lima.",NA,NA
ZONATECPERÚ,http://perfil.mercadolibre.com.pe/ZONATECPER%C3%9A,6,años,281,NA,NA,NA,149,2,4,143,"Lima, Lima.",NA,NA
DENNYAMALDONADO,http://perfil.mercadolibre.com.pe/DENNYAMALDONADO,4,años,13,NA,NA,NA,11,0,0,11,"Lima, Lima.",NA,NA
RODRI STORE01,http://perfil.mercadolibre.com.pe/RODRI+STORE01,11,meses,399,MercadoLíder¡Está entre los mejores del sitio!,NA,NA,194,0,1,193,"Lima, Lima.",NA,NA
CHAGUAVILLAJUANBECKER,http://perfil.mercadolibre.com.pe/CHAGUAVILLAJUANBECKER,1,año,37,NA,NA,NA,21,0,0,21,"Lima, Lima.",NA,NA
MUKE8804014,http://perfil.mercadolibre.com.pe/MUKE8804014,1,año,19,NA,NA,NA,5,0,0,5,"Lima, Lima.",NA,NA
HOMEANDBAR DECO,http://perfil.mercadolibre.com.pe/HOMEANDBAR+DECO,9,años,406,NA,NA,NA,314,1,23,290,"Lima, Lima.",NA,NA
MASTER TEC18,http://perfil.mercadolibre.com.pe/MASTER+TEC18,4,años,1041,NA,NA,NA,1258,1,14,1243,"Lima, Lima.",NA,NA
FEGADISTRIBUIDORLOGISTICO,http://perfil.mercadolibre.com.pe/FEGADISTRIBUIDORLOGISTICO,1,año,68,NA,NA,NA,40,0,1,39,"Lima, Lima.",NA,NA
GRANJERIT,http://perfil.mercadolibre.com.pe/GRANJERIT,3,años,786,NA,NA,NA,367,8,15,344,"Lima, Lima.",NA,NA
OSRA6692680,http://perfil.mercadolibre.com.pe/OSRA6692680,1,año,181,NA,NA,NA,127,0,4,123,"Lima, Lima.",NA,NA
OFSE5785229,http://perfil.mercadolibre.com.pe/OFSE5785229,1,año,19,NA,NA,NA,8,1,2,5,"Lima, Lima.",NA,NA
GOMOBILES.PE,http://perfil.mercadolibre.com.pe/GOMOBILES.PE,1,año,14,NA,NA,NA,7,0,0,7,"Lima, Lima.",NA,NA
MEGIMPERU,http://perfil.mercadolibre.com.pe/MEGIMPERU,12,años,4289,NA,NA,NA,4252,16,392,3844,"Lima, Lima.",NA,NA
VENTA_ONLINE_PERU,http://perfil.mercadolibre.com.pe/VENTA_ONLINE_PERU,8,años,540,NA,NA,NA,252,0,8,244,"Lima, Lima.",NA,NA
YAKO_2014,http://perfil.mercadolibre.com.pe/YAKO_2014,5,años,174,NA,NA,NA,134,4,4,126,"Lima, Lima.",NA,NA
VENTASONLINEFREDY.COM,http://perfil.mercadolibre.com.pe/VENTASONLINEFREDY.COM,7,años,909,NA,NA,NA,589,5,54,530,"Lima, Lima.",NA,NA
GSSTOREPERU,http://perfil.mercadolibre.com.pe/GSSTOREPERU,9,meses,23,NA,NA,NA,15,0,0,15,"Lima, Lima.",NA,NA
INCASHOP2018,http://perfil.mercadolibre.com.pe/INCASHOP2018,11,años,568,NA,NA,NA,286,2,19,265,"Lima, Lima.",NA,NA
SUPERPIGSHOP,http://perfil.mercadolibre.com.pe/SUPERPIGSHOP,2,años,138,NA,NA,NA,60,1,4,55,"Lima, Lima.",NA,NA
MAKGROUP,http://perfil.mercadolibre.com.pe/MAKGROUP,10,años,1726,NA,NA,NA,3843,5,368,3470,"Lima, Lima.",NA,NA
JACK2ANDNINA,http://perfil.mercadolibre.com.pe/JACK2ANDNINA,9,años,367,NA,NA,NA,507,12,138,357,"Lima, Lima.",NA,NA
ADVANCEL ACCESORIOS,http://perfil.mercadolibre.com.pe/ADVANCEL+ACCESORIOS,9,años,625,NA,NA,NA,271,0,17,254,"Lima, Lima.",NA,NA
Razer Tienda oficial,http://perfil.mercadolibre.com.pe/INCAXTREMESAC?brandId=95,1,año,109,MercadoLíder Gold¡Está entre los mejores del sitio!,NA,NA,79,0,7,72,"Lima, Lima.",NA,NA
HRSERVICESBUSINESS,http://perfil.mercadolibre.com.pe/HRSERVICESBUSINESS,2,años,76,NA,NA,NA,61,0,3,58,"Lima, Lima.",NA,NA
AUDIO77,http://perfil.mercadolibre.com.pe/AUDIO77,5,años,1092,NA,NA,NA,354,2,51,301,"Lima, Lima.",NA,NA
ORDOEZVERONICA45,http://perfil.mercadolibre.com.pe/ORDOEZVERONICA45,6,años,20,NA,NA,NA,20,1,4,15,"Lima, Lima.",NA,NA
AWESOMEBUY,http://perfil.mercadolibre.com.pe/AWESOMEBUY,3,años,173,NA,NA,NA,111,0,10,101,"Lima, Lima.",NA,NA
FLEET2010,http://perfil.mercadolibre.com.pe/FLEET2010,9,años,57,NA,NA,NA,54,0,0,54,"Lima, Lima.",NA,NA
BONOTECH,http://perfil.mercadolibre.com.pe/BONOTECH,1,año,173,NA,NA,NA,88,0,2,86,"Lima, Lima.",NA,NA
ELEAZARALATAMARINO,http://perfil.mercadolibre.com.pe/ELEAZARALATAMARINO,1,año,14,NA,NA,NA,11,0,0,11,"Lima, Lima.",NA,NA
ELECTRO-CYBER,http://perfil.mercadolibre.com.pe/ELECTRO-CYBER,2,años,397,MercadoLíder¡Está entre los mejores del sitio!,NA,NA,179,0,0,179,"Lima, Lima.",NA,NA
PRO-ACCESORIOS,http://perfil.mercadolibre.com.pe/PRO-ACCESORIOS,3,años,856,MercadoLíder¡Está entre los mejores del sitio!,NA,NA,455,0,15,440,"Lima, Lima.",NA,NA
GALEA2016,http://perfil.mercadolibre.com.pe/GALEA2016,10,años,18,NA,NA,NA,11,0,1,10,"Lima, Lima.",NA,NA
PEKACE70,http://perfil.mercadolibre.com.pe/PEKACE70,11,años,138,NA,NA,NA,437,2,91,344,"Lima, Lima.",NA,NA
RVENTAS07,http://perfil.mercadolibre.com.pe/RVENTAS07,2,años,92,NA,NA,NA,49,0,0,49,"Lima, Lima.",NA,NA
GUITARCENTERPE,http://perfil.mercadolibre.com.pe/GUITARCENTERPE,2,años,243,MercadoLíder¡Está entre los mejores del sitio!,NA,NA,145,5,16,124,"Lima, Lima.",NA,NA
GTSC S.A.C,http://perfil.mercadolibre.com.pe/GTSC+S.A.C,7,años,203,NA,NA,NA,184,0,36,148,"Lima, Lima.",NA,NA
NANDOXSM,http://perfil.mercadolibre.com.pe/NANDOXSM,10,años,73,NA,NA,NA,56,0,5,51,"Lima, Lima.",NA,NA
FERNANDO AGENDAS,http://perfil.mercadolibre.com.pe/FERNANDO+AGENDAS,10,años,676,NA,NA,NA,474,7,71,396,"Lima, Lima.",NA,NA
VEGA.COM SAC,http://perfil.mercadolibre.com.pe/VEGA.COM+SAC,6,años,348,MercadoLíder¡Está entre los mejores del sitio!,NA,NA,271,4,13,254,"Lima, Lima.",NA,NA
MULCOTEC,http://perfil.mercadolibre.com.pe/MULCOTEC,8,meses,14,NA,NA,NA,11,0,0,11,"Lima, Lima.",NA,NA
FREDDYANTONIODIAZHUAYTA,http://perfil.mercadolibre.com.pe/FREDDYANTONIODIAZHUAYTA,2,años,218,NA,NA,NA,90,1,14,75,"Lima, Lima.",NA,NA
ARPJUMPI,http://perfil.mercadolibre.com.pe/ARPJUMPI,5,años,3439,MercadoLíder Gold¡Está entre los mejores del sitio!,NA,NA,2397,42,192,2163,"Lima, Lima.",NA,NA
ELECSERVICE,http://perfil.mercadolibre.com.pe/ELECSERVICE,6,años,1754,NA,NA,NA,1073,1,101,971,"Lima, Lima.",NA,NA
DUVALMARK-PERU,http://perfil.mercadolibre.com.pe/DUVALMARK-PERU,4,años,5585,MercadoLíder Gold¡Está entre los mejores del sitio!,NA,NA,2131,6,35,2090,"Lima, Lima.",NA,NA
IMPORTASIAPERU,http://perfil.mercadolibre.com.pe/IMPORTASIAPERU,4,años,42,NA,NA,NA,29,0,0,29,"Lima, Lima.",NA,NA
SS-PRO,http://perfil.mercadolibre.com.pe/SS-PRO,3,años,2504,MercadoLíder¡Está entre los mejores del sitio!,NA,NA,726,13,104,609,"Lima, Lima.",NA,NA
GIOVI PERU,http://perfil.mercadolibre.com.pe/GIOVI+PERU,6,años,9834,MercadoLíder¡Está entre los mejores del sitio!,NA,NA,4806,57,424,4325,"Lima, Lima.",NA,NA
DVDS.SALE,http://perfil.mercadolibre.com.pe/DVDS.SALE,11,años,1330,MercadoLíder Gold¡Está entre los mejores del sitio!,NA,NA,1888,26,429,1433,"Lima, Lima.",NA,NA
NEW -LEVEL,http://perfil.mercadolibre.com.pe/NEW+-LEVEL,1,año,38,NA,NA,NA,22,2,3,17,"Lima, Lima.",NA,NA
IMPORTACIONES AMAC,http://perfil.mercadolibre.com.pe/IMPORTACIONES+AMAC,8,meses,25,NA,NA,NA,19,1,0,18,"Santa, Ancash.",NA,NA
WIENERSTECH,http://perfil.mercadolibre.com.pe/WIENERSTECH,13,años,8138,MercadoLíder Gold¡Está entre los mejores del sitio!,NA,NA,5459,6,931,4522,"Lima, Lima.",NA,NA
YURIKODIANETOLEDOMANJO,http://perfil.mercadolibre.com.pe/YURIKODIANETOLEDOMANJO,4,meses,6,NA,NA,NA,7,1,0,6,"Lima, Lima.",NA,NA
VENTA GRINGA,http://perfil.mercadolibre.com.pe/VENTA+GRINGA,4,años,780,MercadoLíder¡Está entre los mejores del sitio!,NA,NA,407,0,8,399,"Lima, Lima.",NA,NA
VENTAS TECNOCORE.SAC,http://perfil.mercadolibre.com.pe/VENTAS+TECNOCORE.SAC,4,meses,24,MercadoLíder¡Está entre los mejores del sitio!,NA,NA,23,2,0,21,"Lima, Lima.",NA,NA
CERISE_SHOP,http://perfil.mercadolibre.com.pe/CERISE_SHOP,8,años,61,NA,NA,NA,109,0,20,89,"Arequipa, Arequipa.",NA,NA
COELVASTORE,http://perfil.mercadolibre.com.pe/COELVASTORE,9,meses,7,NA,NA,NA,3,0,0,3,"Lima, Lima.",NA,NA
IMPORT PERÚ,http://perfil.mercadolibre.com.pe/IMPORT+PER%C3%9A,1,año,117,NA,NA,NA,68,0,7,61,"Lima, Lima.",NA,NA
VRCORPORATION,http://perfil.mercadolibre.com.pe/VRCORPORATION,15,años,954,NA,NA,NA,957,31,263,663,"Lima, Lima.",NA,NA
EASYBUY.PE,http://perfil.mercadolibre.com.pe/EASYBUY.PE,6,años,338,MercadoLíder¡Está entre los mejores del sitio!,NA,NA,241,0,3,238,"Lima, Lima.",NA,NA
MF TECHNOLOGIES,http://perfil.mercadolibre.com.pe/MF+TECHNOLOGIES,1,año,10,NA,NA,NA,8,0,0,8,"Lima, Lima.",NA,NA
VHUGOPHUERTA,http://perfil.mercadolibre.com.pe/VHUGOPHUERTA,5,meses,17,NA,NA,NA,19,0,1,18,"Lima, Lima.",NA,NA
LLAMEYA PERU,http://perfil.mercadolibre.com.pe/LLAMEYA+PERU,5,años,82,NA,NA,NA,64,0,4,60,"Lima, Lima.",NA,NA
TIENDA_82,http://perfil.mercadolibre.com.pe/TIENDA_82,16,años,56,NA,NA,NA,166,0,19,147,"Lima, Lima.",NA,NA
96B416289,http://perfil.mercadolibre.com.pe/96B416289,11,meses,5,NA,NA,NA,6,0,2,4,"Lima, Lima.",NA,NA
AZELTEC.,http://perfil.mercadolibre.com.pe/AZELTEC.,3,años,114,NA,NA,NA,95,0,4,91,"Lima, Lima.",NA,NA
DTECKCOLOR,http://perfil.mercadolibre.com.pe/DTECKCOLOR,1,año,73,NA,NA,NA,25,2,2,21,"Lima, Lima.",NA,NA
ILUMINACIÓN INTERIORES,http://perfil.mercadolibre.com.pe/ILUMINACI%C3%93N+INTERIORES,NA,NA,NA,NA,NA,NA,5,0,2,3,"Lima, Lima.",NA,NA
KECHVR.COM,http://perfil.mercadolibre.com.pe/KECHVR.COM,5,años,576,MercadoLíder Gold¡Está entre los mejores del sitio!,NA,NA,314,3,7,304,"Lima, Lima.",NA,NA
KITTY1PQ,http://perfil.mercadolibre.com.pe/KITTY1PQ,6,años,54,NA,NA,NA,45,0,1,44,"Huancayo, Junin.",NA,NA
ESTUYO.PE,http://perfil.mercadolibre.com.pe/ESTUYO.PE,3,años,254,NA,NA,NA,207,0,7,200,"Lima, Lima.",NA,NA
IMPORTA2PERU,http://perfil.mercadolibre.com.pe/IMPORTA2PERU,14,años,305,NA,NA,NA,151,2,7,142,"Lima, Lima.",NA,NA
ANCONETA,http://perfil.mercadolibre.com.pe/ANCONETA,19,años,352,NA,NA,NA,836,5,182,649,"Lima, Lima.",NA,NA
RUTHLLACSAHUANGASALAZAR,http://perfil.mercadolibre.com.pe/RUTHLLACSAHUANGASALAZAR,2,años,51,NA,NA,NA,18,0,1,17,"Lima, Lima.",NA,NA
VIENNECHO,http://perfil.mercadolibre.com.pe/VIENNECHO,11,años,1436,NA,NA,NA,1685,27,289,1369,"Lima, Lima.",NA,NA
SSYST,http://perfil.mercadolibre.com.pe/SSYST,8,años,1200,NA,NA,NA,613,5,23,585,"Lima, Lima.",NA,NA
MECKING,http://perfil.mercadolibre.com.pe/MECKING,16,años,404,MercadoLíder¡Está entre los mejores del sitio!,NA,NA,251,0,3,248,"Lima, Lima.",NA,NA
RICARDOGONZALES476,http://perfil.mercadolibre.com.pe/RICARDOGONZALES476,6,años,9,NA,NA,NA,2,0,0,2,"Lima, Lima.",NA,NA
SUMINISTROS_MICRONEX,http://perfil.mercadolibre.com.pe/SUMINISTROS_MICRONEX,4,años,1067,NA,NA,NA,394,2,26,366,"Lima, Lima.",NA,NA
MOISES CHAGUA,http://perfil.mercadolibre.com.pe/MOISES+CHAGUA,1,año,1,NA,NA,NA,1,0,0,1,"Lima, Lima.",NA,NA
BOYNENA,http://perfil.mercadolibre.com.pe/BOYNENA,NA,NA,NA,NA,NA,NA,57,2,10,45,"Lima, Lima.",NA,NA
PLUSTONER SAC,http://perfil.mercadolibre.com.pe/PLUSTONER+SAC,7,años,29,NA,NA,NA,27,0,3,24,"Lima, Lima.",NA,NA
LIMAACOUSTICWORKSEIRL,http://perfil.mercadolibre.com.pe/LIMAACOUSTICWORKSEIRL,10,meses,285,MercadoLíder Gold¡Está entre los mejores del sitio!,NA,NA,255,1,7,247,"Lima, Lima.",NA,NA
RICHARD FC,http://perfil.mercadolibre.com.pe/RICHARD+FC,11,años,585,NA,NA,NA,376,1,25,350,"Lima, Lima.",NA,NA
FUSITECORP,http://perfil.mercadolibre.com.pe/FUSITECORP,6,años,1812,NA,NA,NA,729,17,35,677,"Lima, Lima.",NA,NA
ANIMES.PE,http://perfil.mercadolibre.com.pe/ANIMES.PE,2,años,44,NA,NA,NA,27,0,2,25,"Lima, Lima.",NA,NA
-HARDSOFTMAIR-,http://perfil.mercadolibre.com.pe/-HARDSOFTMAIR-,2,años,343,MercadoLíder¡Está entre los mejores del sitio!,NA,NA,223,2,5,216,"Lima, Lima.",NA,NA
NUTRISTACK,http://perfil.mercadolibre.com.pe/NUTRISTACK,6,años,52,NA,NA,NA,36,1,8,27,"Lima, Lima.",NA,NA
ALEPRODUCTS,http://perfil.mercadolibre.com.pe/ALEPRODUCTS,11,años,69,NA,NA,NA,64,1,2,61,"Lima, Lima.",NA,NA
ROSE_2019,http://perfil.mercadolibre.com.pe/ROSE_2019,3,meses,26,NA,NA,NA,18,1,0,17,"Lima, Lima.",NA,NA
PIDA6269553,http://perfil.mercadolibre.com.pe/PIDA6269553,2,años,203,NA,NA,NA,71,1,9,61,"Lima, Lima.",NA,NA
SOTECH PERU,http://perfil.mercadolibre.com.pe/SOTECH+PERU,5,años,257,NA,NA,NA,170,0,0,170,"Lima, Lima.",NA,NA
CYBERTECH_,http://perfil.mercadolibre.com.pe/CYBERTECH_,9,años,218,NA,NA,NA,422,5,200,217,"Lima, Lima.",NA,NA
ZONAMOVILPERU1,http://perfil.mercadolibre.com.pe/ZONAMOVILPERU1,1,año,656,MercadoLíder¡Está entre los mejores del sitio!,NA,NA,430,2,7,421,"Lima, Lima.",NA,NA
IMPORT LU,http://perfil.mercadolibre.com.pe/IMPORT+LU,2,años,156,NA,NA,NA,53,0,5,48,"Lima, Lima.",NA,NA
YOKINAWA EIRL,http://perfil.mercadolibre.com.pe/YOKINAWA+EIRL,5,años,32,NA,NA,NA,18,0,0,18,"Lima, Lima.",NA,NA
SUSAN FD,http://perfil.mercadolibre.com.pe/SUSAN+FD,4,años,206,NA,NA,NA,101,0,11,90,"Lima, Lima.",NA,NA
TIENDAS LOU,http://perfil.mercadolibre.com.pe/TIENDAS+LOU,4,años,534,NA,NA,NA,380,0,35,345,"Lima, Lima.",NA,NA
ANGELHUGOVALDIVIAPOMA,http://perfil.mercadolibre.com.pe/ANGELHUGOVALDIVIAPOMA,7,años,7,NA,NA,NA,5,0,0,5,"Lima, Lima.",NA,NA
DANIELITT0,http://perfil.mercadolibre.com.pe/DANIELITT0,10,años,251,NA,NA,NA,289,0,18,271,"Lima, Lima.",NA,NA
CELL.MAGIC,http://perfil.mercadolibre.com.pe/CELL.MAGIC,4,años,693,NA,NA,NA,344,7,40,297,"Lima, Lima.",NA,NA
LA.TEC.TIENDA,http://perfil.mercadolibre.com.pe/LA.TEC.TIENDA,4,años,437,NA,NA,NA,229,3,23,203,"Lima, Lima.",NA,NA
SOS-INFORMATICA-EIRL,http://perfil.mercadolibre.com.pe/SOS-INFORMATICA-EIRL,8,años,939,NA,NA,NA,658,1,61,596,"Chiclayo, Lambayeque.",NA,NA
CTPPERU,http://perfil.mercadolibre.com.pe/CTPPERU,5,años,25,NA,NA,NA,11,0,2,9,"Lima, Lima.",NA,NA
PICO3069959,http://perfil.mercadolibre.com.pe/PICO3069959,1,año,10,NA,NA,NA,5,0,0,5,"Lima, Lima.",NA,NA
AMY1490,http://perfil.mercadolibre.com.pe/AMY1490,13,años,1573,NA,NA,NA,602,17,45,540,"Lima, Lima.",NA,NA
INFORMATICA SAMANEZ,http://perfil.mercadolibre.com.pe/INFORMATICA+SAMANEZ,2,años,514,NA,NA,NA,289,1,7,281,"Lima, Lima.",NA,NA
CEGOIMPORT,http://perfil.mercadolibre.com.pe/CEGOIMPORT,4,años,279,NA,NA,NA,96,0,2,94,"Lima, Lima.",NA,NA
DASMITECPERÚSA,http://perfil.mercadolibre.com.pe/DASMITECPER%C3%9ASA,1,año,445,MercadoLíder¡Está entre los mejores del sitio!,NA,NA,290,4,6,280,"Lima, Lima.",NA,NA
IMPORTADOR CYK,http://perfil.mercadolibre.com.pe/IMPORTADOR+CYK,2,años,58,NA,NA,NA,23,1,0,22,"Lima, Lima.",NA,NA
ACCESMOVILPERU,http://perfil.mercadolibre.com.pe/ACCESMOVILPERU,8,meses,30,NA,NA,NA,25,0,0,25,"Lima, Lima.",NA,NA
AGALEB15,http://perfil.mercadolibre.com.pe/AGALEB15,4,años,10,NA,NA,NA,12,1,0,11,"Lima, Lima.",NA,NA
EXPRESO.BBC,http://perfil.mercadolibre.com.pe/EXPRESO.BBC,2,años,905,NA,NA,NA,285,0,8,277,"Lima, Lima.",NA,NA
GOCE9013499,http://perfil.mercadolibre.com.pe/GOCE9013499,1,año,28,NA,NA,NA,22,0,1,21,"Lima, Lima.",NA,NA
BAZAR EMPERATRIZGALICIA,http://perfil.mercadolibre.com.pe/BAZAR+EMPERATRIZGALICIA,3,años,474,NA,NA,NA,254,0,14,240,"Lima, Lima.",NA,NA
JSAMEDINA,http://perfil.mercadolibre.com.pe/JSAMEDINA,1,año,16,NA,NA,NA,19,0,1,18,"Lima, Lima.",NA,NA
MONPAC OFFICE..,http://perfil.mercadolibre.com.pe/MONPAC+OFFICE..,1,año,56,NA,NA,NA,50,0,2,48,"Lima, Lima.",NA,NA
JORGESNR,http://perfil.mercadolibre.com.pe/JORGESNR,5,años,143,NA,NA,NA,94,0,3,91,"Lima, Lima.",NA,NA
IMPORTACIONESGENERALES MOVATEC,http://perfil.mercadolibre.com.pe/IMPORTACIONESGENERALES+MOVATEC,5,años,21,NA,NA,NA,12,0,2,10,"Lima, Lima.",NA,NA
COMPUMARKETPERU,http://perfil.mercadolibre.com.pe/COMPUMARKETPERU,2,años,144,NA,NA,NA,89,2,4,83,"Miraflores, Lima.",NA,NA
PERUSTEC,http://perfil.mercadolibre.com.pe/PERUSTEC,1,año,209,NA,NA,NA,139,0,4,135,"Lima, Lima.",NA,NA
LIJOV_2016,http://perfil.mercadolibre.com.pe/LIJOV_2016,3,años,221,NA,NA,NA,105,2,8,95,"Lima, Lima.",NA,NA
NAPOLEONGARCI,http://perfil.mercadolibre.com.pe/NAPOLEONGARCI,1,año,39,NA,NA,NA,29,0,1,28,"Lima, Lima.",NA,NA
MAT CORPORACION,http://perfil.mercadolibre.com.pe/MAT+CORPORACION,4,años,366,NA,NA,NA,206,6,18,182,"Lima, Lima.",NA,NA
SAMAFPERUSAC,http://perfil.mercadolibre.com.pe/SAMAFPERUSAC,11,meses,11,NA,NA,NA,6,0,0,6,"Lima, Lima.",NA,NA
MONPAC OFFICE......,http://perfil.mercadolibre.com.pe/MONPAC+OFFICE......,2,años,112,NA,NA,NA,71,0,6,65,"Lima, Lima.",NA,NA
CUMPLIMOSTODOELPERU,http://perfil.mercadolibre.com.pe/CUMPLIMOSTODOELPERU,12,años,185,NA,NA,NA,140,1,10,129,"Lima, Lima.",NA,NA
GADGETZONESAC,http://perfil.mercadolibre.com.pe/GADGETZONESAC,4,años,371,NA,NA,NA,196,0,6,190,"Lima, Lima.",NA,NA
MVH STORE,http://perfil.mercadolibre.com.pe/MVH+STORE,2,años,406,NA,NA,NA,182,4,7,171,"Lima, Lima.",NA,NA
QUAESTUSNEWBET,http://perfil.mercadolibre.com.pe/QUAESTUSNEWBET,1,año,58,NA,NA,NA,11,0,2,9,"Lima, Lima.",NA,NA
ASIAMUNDOIMPORT,http://perfil.mercadolibre.com.pe/ASIAMUNDOIMPORT,3,años,38,NA,NA,NA,21,0,1,20,"Lima, Lima.",NA,NA
ENYAN MENDES,http://perfil.mercadolibre.com.pe/ENYAN+MENDES,6,años,65,NA,NA,NA,31,0,2,29,"Lima, Lima.",NA,NA
ZEGARRA90,http://perfil.mercadolibre.com.pe/ZEGARRA90,5,años,788,NA,NA,NA,278,13,36,229,"Lima, Lima.",NA,NA
HOMEMUSIC.PE,http://perfil.mercadolibre.com.pe/HOMEMUSIC.PE,3,años,3615,MercadoLíder Gold¡Está entre los mejores del sitio!,NA,NA,2024,0,0,2024,"Lima, Lima.",NA,NA
AKAESPERUSAC,http://perfil.mercadolibre.com.pe/AKAESPERUSAC,10,meses,1959,MercadoLíder Gold¡Está entre los mejores del sitio!,NA,NA,720,35,102,583,"Lima, Lima.",NA,NA
HCFREPRESENTACIONES,http://perfil.mercadolibre.com.pe/HCFREPRESENTACIONES,15,años,89,NA,NA,NA,160,2,38,120,"Lima, Lima.",NA,NA
MEGARICKHUNTER,http://perfil.mercadolibre.com.pe/MEGARICKHUNTER,8,años,4432,NA,NA,NA,8521,33,1298,7190,"Lima, Lima.",NA,NA
GAMA7612789,http://perfil.mercadolibre.com.pe/GAMA7612789,4,años,692,NA,NA,NA,449,3,37,409,"Lima, Lima.",NA,NA
TIENDA_GRUPONATIC,http://perfil.mercadolibre.com.pe/TIENDA_GRUPONATIC,1,año,141,NA,NA,NA,40,2,0,38,"Lima, Lima.",NA,NA
PARAZHOP,http://perfil.mercadolibre.com.pe/PARAZHOP,2,años,207,NA,NA,NA,94,0,4,90,"Lima, Lima.",NA,NA
MROSARIO18,http://perfil.mercadolibre.com.pe/MROSARIO18,11,años,4,NA,NA,NA,7,0,1,6,"Callao, Callao.",NA,NA
INKANEGOCIOS PERU,http://perfil.mercadolibre.com.pe/INKANEGOCIOS+PERU,1,año,581,NA,NA,NA,288,0,0,288,"Lima, Lima.",NA,NA
ALLINLUC,http://perfil.mercadolibre.com.pe/ALLINLUC,11,meses,29,NA,NA,NA,25,0,1,24,"Lima, Lima.",NA,NA
MODAGADGETSAC,http://perfil.mercadolibre.com.pe/MODAGADGETSAC,1,año,71,NA,NA,NA,43,0,1,42,"Lima, Lima.",NA,NA
FERNANDOFELIPECOLOMARONCEROS,http://perfil.mercadolibre.com.pe/FERNANDOFELIPECOLOMARONCEROS,2,años,725,NA,NA,NA,421,4,13,404,"Lima, Lima.",NA,NA
JOSEMANUELDIAZCASTRO,http://perfil.mercadolibre.com.pe/JOSEMANUELDIAZCASTRO,1,año,18,NA,NA,NA,8,1,2,5,"Lima, Lima.",NA,NA
DIGITALCRAZYIMPORTSAC,http://perfil.mercadolibre.com.pe/DIGITALCRAZYIMPORTSAC,NA,NA,NA,NA,NA,NA,221,11,33,177,"Lima, Lima.",NA,NA
IMPORTACIONES LAKSHMI,http://perfil.mercadolibre.com.pe/IMPORTACIONES+LAKSHMI,2,años,630,NA,NA,NA,340,14,38,288,"Lima, Lima.",NA,NA
PHONEMOVILPERU,http://perfil.mercadolibre.com.pe/PHONEMOVILPERU,4,años,1967,NA,NA,NA,997,0,96,901,"Lima, Lima.",NA,NA
YOURSACCESORIOS,http://perfil.mercadolibre.com.pe/YOURSACCESORIOS,3,años,66,NA,NA,NA,39,2,1,36,"Lima, Lima.",NA,NA
BYHOTECH4,http://perfil.mercadolibre.com.pe/BYHOTECH4,4,años,330,NA,NA,NA,231,0,14,217,"Lima, Lima.",NA,NA
REPUESTOS_CARS_PERU,http://perfil.mercadolibre.com.pe/REPUESTOS_CARS_PERU,4,años,392,NA,NA,NA,126,2,13,111,"Lima, Lima.",NA,NA
FIOVI STORE,http://perfil.mercadolibre.com.pe/FIOVI+STORE,3,años,394,NA,NA,NA,240,2,15,223,"Lima, Lima.",NA,NA
FRANKVELA2015,http://perfil.mercadolibre.com.pe/FRANKVELA2015,6,años,52,NA,NA,NA,58,0,2,56,"Lima, Lima.",NA,NA
MARDINOVA,http://perfil.mercadolibre.com.pe/MARDINOVA,2,años,875,MercadoLíder¡Está entre los mejores del sitio!,NA,NA,463,0,6,457,"Lima, Lima.",NA,NA
GEORGE GUTI,http://perfil.mercadolibre.com.pe/GEORGE+GUTI,5,años,51,NA,NA,NA,20,0,2,18,"Lima, Lima.",NA,NA
LAGRAN_VENTANA,http://perfil.mercadolibre.com.pe/LAGRAN_VENTANA,7,años,3347,MercadoLíder¡Está entre los mejores del sitio!,NA,NA,1563,11,86,1466,"Lima, Lima.",NA,NA
LR.IMPORT,http://perfil.mercadolibre.com.pe/LR.IMPORT,4,años,3090,MercadoLíder¡Está entre los mejores del sitio!,NA,NA,1665,16,143,1506,"Lima, Lima.",NA,NA
MARTINBASAURI,http://perfil.mercadolibre.com.pe/MARTINBASAURI,3,años,17,NA,NA,NA,9,0,3,6,"Lima, Lima.",NA,NA
FENIXIMPORTPERUX,http://perfil.mercadolibre.com.pe/FENIXIMPORTPERUX,2,meses,36,NA,NA,NA,14,0,0,14,"Lima, Lima.",NA,NA
RYM SOLUTIONS,http://perfil.mercadolibre.com.pe/RYM+SOLUTIONS,3,años,1675,NA,NA,NA,704,14,37,653,"Lima, Lima.",NA,NA
RICAPASTORE,http://perfil.mercadolibre.com.pe/RICAPASTORE,3,años,87,NA,NA,NA,53,0,4,49,"Lima, Lima.",NA,NA
CRISTHYANGR,http://perfil.mercadolibre.com.pe/CRISTHYANGR,NA,NA,NA,NA,NA,NA,12,1,2,9,"Callao, Callao.",NA,NA
NATCOMCA,http://perfil.mercadolibre.com.pe/NATCOMCA,1,año,13,NA,NA,NA,6,0,0,6,"Lima, Lima.",NA,NA
ROSIBEL VENTASS,http://perfil.mercadolibre.com.pe/ROSIBEL+VENTASS,3,años,104,NA,NA,NA,41,1,1,39,"Lima, Lima.",NA,NA
MARLEMQ1,http://perfil.mercadolibre.com.pe/MARLEMQ1,4,años,47,NA,NA,NA,25,1,2,22,"Lima, Lima.",NA,NA
WORLDDATA3,http://perfil.mercadolibre.com.pe/WORLDDATA3,3,años,244,NA,NA,NA,139,1,8,130,"Lima, Lima.",NA,NA
BRYAN PG,http://perfil.mercadolibre.com.pe/BRYAN+PG,1,año,125,NA,NA,NA,57,2,4,51,"Lima, Lima.",NA,NA
JUSALANSERVICIOINTEGRALYNEG,http://perfil.mercadolibre.com.pe/JUSALANSERVICIOINTEGRALYNEG,NA,NA,NA,NA,NA,NA,35,4,8,23,"Lima, Lima.",NA,NA
NORORIENTCOMPANY,http://perfil.mercadolibre.com.pe/NORORIENTCOMPANY,2,años,3362,MercadoLíder Gold¡Está entre los mejores del sitio!,NA,NA,1732,1,5,1726,"Lima, Lima.",NA,NA
ELECTRÓNICA PACOTAYPE,http://perfil.mercadolibre.com.pe/ELECTR%C3%93NICA+PACOTAYPE,4,años,188,NA,NA,NA,74,1,3,70,"Lima, Lima.",NA,NA
MRL IMPORT,http://perfil.mercadolibre.com.pe/MRL+IMPORT,2,años,77,NA,NA,NA,66,1,1,64,"Cajamarca, Cajamarca.",NA,NA
SHIRLEYLAMTENZAN,http://perfil.mercadolibre.com.pe/SHIRLEYLAMTENZAN,3,años,4,NA,NA,NA,2,0,0,2,"Lima, Lima.",NA,NA
BMESTORE,http://perfil.mercadolibre.com.pe/BMESTORE,5,años,80,NA,NA,NA,9,0,1,8,"Trujillo, La Libertad.",NA,NA
MLCERO1,http://perfil.mercadolibre.com.pe/MLCERO1,2,años,78,NA,NA,NA,19,0,5,14,"Lima, Lima.",NA,NA
SENDS_VICTOR2010,http://perfil.mercadolibre.com.pe/SENDS_VICTOR2010,10,años,1954,NA,NA,NA,2949,67,683,2199,"Lima, Lima.",NA,NA
SANTOLAYASOTOMAYORBROLIN,http://perfil.mercadolibre.com.pe/SANTOLAYASOTOMAYORBROLIN,1,año,288,NA,NA,NA,126,4,17,105,"Lima, Lima.",NA,NA
BUILDING_CASTLE,http://perfil.mercadolibre.com.pe/BUILDING_CASTLE,2,años,55,NA,NA,NA,42,0,2,40,"Miraflores, Lima.",NA,NA
SOLARIS PERU,http://perfil.mercadolibre.com.pe/SOLARIS+PERU,5,años,462,NA,NA,NA,212,1,3,208,"Lima, Lima.",NA,NA
SENORACUY,http://perfil.mercadolibre.com.pe/SENORACUY,1,año,91,MercadoLíder¡Está entre los mejores del sitio!,NA,NA,35,0,1,34,"Lima, Lima.",NA,NA
AMPLIFICADORESGALAXIA,http://perfil.mercadolibre.com.pe/AMPLIFICADORESGALAXIA,NA,NA,NA,NA,NA,NA,11,2,1,8,"Lima, Lima.",NA,NA
ERLERLORENZOCATATA,http://perfil.mercadolibre.com.pe/ERLERLORENZOCATATA,5,años,269,MercadoLíder¡Está entre los mejores del sitio!,NA,NA,146,1,14,131,"Lima, Lima.",NA,NA
MUNDO EMPRENDEDOR,http://perfil.mercadolibre.com.pe/MUNDO+EMPRENDEDOR,10,años,16,NA,NA,NA,9,0,1,8,"Lima, Lima.",NA,NA
JHONATANGALVANPAPEL,http://perfil.mercadolibre.com.pe/JHONATANGALVANPAPEL,2,años,16,NA,NA,NA,6,0,0,6,"Lima, Lima.",NA,NA
AGEL3413491,http://perfil.mercadolibre.com.pe/AGEL3413491,10,meses,38,NA,NA,NA,28,3,2,23,"Lima, Lima.",NA,NA
GARABATOSHOP,http://perfil.mercadolibre.com.pe/GARABATOSHOP,3,años,654,NA,NA,NA,220,1,13,206,"Lima, Lima.",NA,NA
INVERSIONES ALVINEC,http://perfil.mercadolibre.com.pe/INVERSIONES+ALVINEC,1,año,103,NA,NA,NA,73,1,3,69,"Lima, Lima.",NA,NA
GANAOFERTAS01,http://perfil.mercadolibre.com.pe/GANAOFERTAS01,4,años,81,NA,NA,NA,54,0,5,49,"Miraflores, Lima.",NA,NA
JERSON_MEZA,http://perfil.mercadolibre.com.pe/JERSON_MEZA,7,años,101,NA,NA,NA,44,0,5,39,"Callao, Callao.",NA,NA
TAUR PRODUCTOS,http://perfil.mercadolibre.com.pe/TAUR+PRODUCTOS,1,año,25,NA,NA,NA,13,0,2,11,"Lima, Lima.",NA,NA
JAVEN2015,http://perfil.mercadolibre.com.pe/JAVEN2015,6,años,114,NA,NA,NA,69,2,10,57,"Lima, Lima.",NA,NA
ALONSOFITNESS2,http://perfil.mercadolibre.com.pe/ALONSOFITNESS2,2,años,690,NA,NA,NA,337,12,22,303,"Lima, Lima.",NA,NA
EMILYREYNAGA,http://perfil.mercadolibre.com.pe/EMILYREYNAGA,2,años,201,NA,NA,NA,90,2,9,79,"Lima, Lima.",NA,NA
LEVEL-STORE,http://perfil.mercadolibre.com.pe/LEVEL-STORE,1,año,202,NA,NA,NA,129,2,7,120,"Lima, Lima.",NA,NA
ATOCONGOMULTISERVICE,http://perfil.mercadolibre.com.pe/ATOCONGOMULTISERVICE,10,años,2807,NA,NA,NA,1881,67,398,1416,"Miraflores, Lima.",NA,NA
APOLOSYSTEMONLINE,http://perfil.mercadolibre.com.pe/APOLOSYSTEMONLINE,5,años,72,NA,NA,NA,35,0,3,32,"Lima, Lima.",NA,NA
GEAN AV,http://perfil.mercadolibre.com.pe/GEAN+AV,5,años,145,NA,NA,NA,52,0,1,51,"Lima, Lima.",NA,NA
TECHBOSSPERU,http://perfil.mercadolibre.com.pe/TECHBOSSPERU,1,año,156,NA,NA,NA,102,1,6,95,"Lima, Lima.",NA,NA
FACEIMPORT,http://perfil.mercadolibre.com.pe/FACEIMPORT,2,años,805,NA,NA,NA,298,3,16,279,"Lima, Lima.",NA,NA
PRODUCTOSRS,http://perfil.mercadolibre.com.pe/PRODUCTOSRS,5,años,323,NA,NA,NA,88,2,4,82,"Lima, Lima.",NA,NA
CDVARIEDADES,http://perfil.mercadolibre.com.pe/CDVARIEDADES,3,años,311,NA,NA,NA,193,2,9,182,"Lima, Lima.",NA,NA
ADTECH STORE,http://perfil.mercadolibre.com.pe/ADTECH+STORE,2,años,199,NA,NA,NA,85,1,6,78,"Lima, Lima.",NA,NA
GUILLERMO MADRID,http://perfil.mercadolibre.com.pe/GUILLERMO+MADRID,10,años,61,NA,NA,NA,46,1,5,40,"Lima, Lima.",NA,NA
ARNOLDROSALESPOMIANO,http://perfil.mercadolibre.com.pe/ARNOLDROSALESPOMIANO,1,año,348,NA,NA,NA,189,0,4,185,"Lima, Lima.",NA,NA
BEASTPRICES,http://perfil.mercadolibre.com.pe/BEASTPRICES,12,años,603,NA,NA,NA,516,10,77,429,"Lima, Lima.",NA,NA
EXPOMUSICPERU,http://perfil.mercadolibre.com.pe/EXPOMUSICPERU,2,años,62,MercadoLíder¡Está entre los mejores del sitio!,NA,NA,64,5,6,53,"Lima, Lima.",NA,NA
CHRISTIANLUISARANAURIARTE,http://perfil.mercadolibre.com.pe/CHRISTIANLUISARANAURIARTE,5,años,1251,MercadoLíder¡Está entre los mejores del sitio!,NA,NA,593,4,31,558,"Lima, Lima.",NA,NA
SAMCESMIGUEL,http://perfil.mercadolibre.com.pe/SAMCESMIGUEL,1,año,11,NA,NA,NA,4,0,0,4,"Callao, Callao.",NA,NA
Ihome Tienda oficial,http://perfil.mercadolibre.com.pe/PUNTOSOUTLET?brandId=168,2,años,622,MercadoLíder Gold¡Está entre los mejores del sitio!,NA,NA,312,11,27,274,"Lima, Lima.",NA,NA
LEONSHOGUM,http://perfil.mercadolibre.com.pe/LEONSHOGUM,8,años,84,NA,NA,NA,75,0,15,60,"Lima, Lima.",NA,NA
PROCOVENTAS,http://perfil.mercadolibre.com.pe/PROCOVENTAS,2,años,250,NA,NA,NA,205,0,12,193,"Lima, Lima.",NA,NA
Imaco Tienda oficial,http://perfil.mercadolibre.com.pe/PUNTOSOUTLET?brandId=74,2,años,622,MercadoLíder Gold¡Está entre los mejores del sitio!,NA,NA,312,11,27,274,"Lima, Lima.",NA,NA
IMPORTMYO,http://perfil.mercadolibre.com.pe/IMPORTMYO,NA,NA,NA,NA,NA,NA,122,2,5,115,"Lima, Lima.",NA,NA
OPSHOPPER,http://perfil.mercadolibre.com.pe/OPSHOPPER,3,años,188,MercadoLíder¡Está entre los mejores del sitio!,NA,NA,135,0,0,135,"Lima, Lima.",NA,NA
COJO469538,http://perfil.mercadolibre.com.pe/COJO469538,5,años,15,NA,NA,NA,10,0,0,10,"Lima, Lima.",NA,NA
VICTORAGAMAANDAGUA,http://perfil.mercadolibre.com.pe/VICTORAGAMAANDAGUA,NA,NA,NA,NA,NA,NA,10,4,2,4,"Lima, Lima.",NA,NA
CYBER ELEVIL,http://perfil.mercadolibre.com.pe/CYBER+ELEVIL,2,años,87,NA,NA,NA,61,0,2,59,"Lima, Lima.",NA,NA
JOTA.STORE,http://perfil.mercadolibre.com.pe/JOTA.STORE,19,años,5118,MercadoLíder¡Está entre los mejores del sitio!,NA,NA,3048,4,68,2976,"Lima, Lima.",NA,NA
SAMPLES MUSICALES,http://perfil.mercadolibre.com.pe/SAMPLES+MUSICALES,5,años,328,NA,NA,NA,154,3,14,137,"Arequipa, Arequipa.",NA,NA
MZWATCHES.SRL,http://perfil.mercadolibre.com.pe/MZWATCHES.SRL,1,año,38,NA,NA,NA,28,0,1,27,"Lima, Lima.",NA,NA
BUSINESS_ONLINE BENJA,http://perfil.mercadolibre.com.pe/BUSINESS_ONLINE+BENJA,2,años,90,NA,NA,NA,59,1,4,54,"Lima, Lima.",NA,NA
VENTASEGURA666,http://perfil.mercadolibre.com.pe/VENTASEGURA666,9,años,54,NA,NA,NA,59,0,33,26,"Lima, Lima.",NA,NA
DIGITAL DREAMS-SA,http://perfil.mercadolibre.com.pe/DIGITAL+DREAMS-SA,7,años,52,NA,NA,NA,30,0,2,28,"Lima, Lima.",NA,NA
CRONOSSEC,http://perfil.mercadolibre.com.pe/CRONOSSEC,2,años,109,NA,NA,NA,80,3,11,66,"Lima, Lima.",NA,NA
ISTORETEC,http://perfil.mercadolibre.com.pe/ISTORETEC,3,años,2579,NA,NA,NA,1574,1,5,1568,"Lima, Lima.",NA,NA
MQ STOREPERÚ,http://perfil.mercadolibre.com.pe/MQ+STOREPER%C3%9A,NA,NA,NA,NA,NA,NA,7,0,1,6,"Lima, Lima.",NA,NA
YEEV2193506,http://perfil.mercadolibre.com.pe/YEEV2193506,1,año,27,NA,NA,NA,23,0,2,21,"Lima, Lima.",NA,NA
IMPORTACIONES MARTINSS,http://perfil.mercadolibre.com.pe/IMPORTACIONES+MARTINSS,NA,NA,NA,NA,NA,NA,253,17,43,193,"Lima, Lima.",NA,NA
COTRINA IMPORT,http://perfil.mercadolibre.com.pe/COTRINA+IMPORT,2,años,653,NA,NA,NA,334,7,14,313,"Lima, Lima.",NA,NA
MUMMY SHOP,http://perfil.mercadolibre.com.pe/MUMMY+SHOP,4,años,380,NA,NA,NA,180,0,22,158,"Arequipa, Arequipa.",NA,NA
VAAL4882170,http://perfil.mercadolibre.com.pe/VAAL4882170,1,año,9,NA,NA,NA,4,0,0,4,"Lima, Lima.",NA,NA
CAVATECHPERU,http://perfil.mercadolibre.com.pe/CAVATECHPERU,13,años,305,NA,NA,NA,420,1,91,328,"Lima, Lima.",NA,NA
USASTOREPERU,http://perfil.mercadolibre.com.pe/USASTOREPERU,9,años,2212,MercadoLíder Gold¡Está entre los mejores del sitio!,NA,NA,847,19,45,783,"Lima, Lima.",NA,NA
JUANKLOCK,http://perfil.mercadolibre.com.pe/JUANKLOCK,2,años,11,NA,NA,NA,5,0,0,5,"Lima, Lima.",NA,NA
CNKFF,http://perfil.mercadolibre.com.pe/CNKFF,3,años,564,MercadoLíder¡Está entre los mejores del sitio!,NA,NA,213,9,15,189,"Lima, Lima.",NA,NA
LJA1803105,http://perfil.mercadolibre.com.pe/LJA1803105,1,año,74,NA,NA,NA,37,1,1,35,"Lima, Lima.",NA,NA
IMPORTADORAPERUMUSIC,http://perfil.mercadolibre.com.pe/IMPORTADORAPERUMUSIC,8,años,616,NA,NA,NA,720,2,171,547,"Lima, Lima.",NA,NA
PREMIUMTEK_COM,http://perfil.mercadolibre.com.pe/PREMIUMTEK_COM,5,años,399,NA,NA,NA,111,2,10,99,"Lima, Lima.",NA,NA
DALI2502937,http://perfil.mercadolibre.com.pe/DALI2502937,NA,NA,NA,NA,NA,NA,15,0,2,13,"Lima, Lima.",NA,NA
MALUA MUSIC,http://perfil.mercadolibre.com.pe/MALUA+MUSIC,2,años,472,MercadoLíder¡Está entre los mejores del sitio!,NA,NA,332,0,9,323,"Lima, Lima.",NA,NA
DASTOREPUNTOPE,http://perfil.mercadolibre.com.pe/DASTOREPUNTOPE,5,años,3873,NA,NA,NA,1947,10,126,1811,"Lima, Lima.",NA,NA
ERICKSK40,http://perfil.mercadolibre.com.pe/ERICKSK40,13,años,320,NA,NA,NA,247,1,26,220,"Lima, Lima.",NA,NA
VENTASANAPATRICIA,http://perfil.mercadolibre.com.pe/VENTASANAPATRICIA,3,años,337,NA,NA,NA,95,2,6,87,"Lima, Lima.",NA,NA
OFERTAS_QUISPE,http://perfil.mercadolibre.com.pe/OFERTAS_QUISPE,9,años,29,NA,NA,NA,28,1,1,26,"Lima, Lima.",NA,NA
NEODIGITALSAC,http://perfil.mercadolibre.com.pe/NEODIGITALSAC,14,años,4267,MercadoLíder Gold¡Está entre los mejores del sitio!,NA,NA,9673,61,1053,8559,"Miraflores, Lima.",NA,NA
MITEC STORE,http://perfil.mercadolibre.com.pe/MITEC+STORE,2,años,155,NA,NA,NA,137,0,2,135,"Arequipa, Arequipa.",NA,NA
ARENASJOSE54,http://perfil.mercadolibre.com.pe/ARENASJOSE54,7,años,18,NA,NA,NA,13,0,1,12,"Lima, Lima.",NA,NA
FASTMOTORPARTS,http://perfil.mercadolibre.com.pe/FASTMOTORPARTS,4,años,2238,NA,NA,NA,737,15,52,670,"Lima, Lima.",NA,NA
REGALOSCORP,http://perfil.mercadolibre.com.pe/REGALOSCORP,4,años,113,NA,NA,NA,36,2,1,33,"Lima, Lima.",NA,NA
NOAR IB,http://perfil.mercadolibre.com.pe/NOAR+IB,3,años,138,NA,NA,NA,81,0,8,73,"Miraflores, Lima.",NA,NA
ZOLDANFX,http://perfil.mercadolibre.com.pe/ZOLDANFX,12,años,220,NA,NA,NA,136,1,12,123,"Lima, Lima.",NA,NA
ECONOTIENDAPERU,http://perfil.mercadolibre.com.pe/ECONOTIENDAPERU,5,años,1257,NA,NA,NA,718,3,28,687,"Lima, Lima.",NA,NA
ARAGORN-TOYS,http://perfil.mercadolibre.com.pe/ARAGORN-TOYS,7,años,191,NA,NA,NA,113,3,2,108,"Lima, Lima.",NA,NA
DRACARYSSAC,http://perfil.mercadolibre.com.pe/DRACARYSSAC,1,año,17,NA,NA,NA,10,0,1,9,"Lima, Lima.",NA,NA
QIA2,http://perfil.mercadolibre.com.pe/QIA2,1,año,32,NA,NA,NA,17,0,1,16,"Lima, Lima.",NA,NA
VFINTERNATIONAL,http://perfil.mercadolibre.com.pe/VFINTERNATIONAL,4,años,3683,NA,NA,NA,1101,3,96,1002,"Lima, Lima.",NA,NA
