search_position,name,curr_price,orig_price,num_sold,in_stock,num_installments,amt_installments,arrival_time,shipping,free_return,free_return_info,review_avg,num_reviews,seller_link,product_link,five_star,four_star,three_star,two_star,one_star,item_id,Marca
1, Corta Pelo Eléctrico Afeitador Cabello Maquina Rasurador ,30,NA,424,25,NA,NA,NA,Entrega a acordar con el vendedor,NA,NA,4.4,25,http://perfil.mercadolibre.com.pe/DIRTSAC,https://articulo.mercadolibre.com.pe/MPE-419824628-corta-pelo-electrico-afeitador-cabello-maquina-rasurador-_JM,14,7,4,0,0,#419824628,NA
2, Afeitador Led Recargable Eléctrico Maquina Afeitar Rasurador ,59,NA,10,446,NA,NA,NA,Entrega a acordar con el vendedor,NA,NA,NA,NA,http://perfil.mercadolibre.com.pe/VMC+SOLUCIONES,https://articulo.mercadolibre.com.pe/MPE-433228693-afeitador-led-recargable-electrico-maquina-afeitar-rasurador-_JM,NA,NA,NA,NA,NA,#433228693,NA
3, Corta Pelo Eléctrico Afeitador Cabello Maquina Rasurador ,39,NA,46,54,NA,NA,NA,Entrega a acordar con el vendedor,NA,NA,NA,NA,http://perfil.mercadolibre.com.pe/JHOUNETHAQUISE,https://articulo.mercadolibre.com.pe/MPE-432687270-corta-pelo-electrico-afeitador-cabello-maquina-rasurador-_JM,NA,NA,NA,NA,NA,#432687270,Morley
4, Depilador Flawless Electrico Rasurador Vello Facial Con Led ,23,NA,8,42,NA,NA,NA,Entrega a acordar con el vendedor,NA,NA,NA,NA,http://perfil.mercadolibre.com.pe/GALY+IMPORT,https://articulo.mercadolibre.com.pe/MPE-436589971-depilador-flawless-electrico-rasurador-vello-facial-con-led-_JM,NA,NA,NA,NA,NA,#436589971,NA
5, Maquina Afeitar Rasuradora Afeitador Recargable Eléctrico ,58,NA,3,342,NA,NA,NA,Entrega a acordar con el vendedor,NA,NA,NA,NA,http://perfil.mercadolibre.com.pe/VMC+NETWORKS,https://articulo.mercadolibre.com.pe/MPE-433228709-maquina-afeitar-rasuradora-afeitador-recargable-electrico-_JM,NA,NA,NA,NA,NA,#433228709,NA
6, Corta Pelo Eléctrico Afeitador Cabello Maquina Rasurador ,29,39,6,94,NA,NA,NA,Entrega a acordar con el vendedor,NA,NA,NA,NA,http://perfil.mercadolibre.com.pe/ITELSISTEMSAC,https://articulo.mercadolibre.com.pe/MPE-434417646-corta-pelo-electrico-afeitador-cabello-maquina-rasurador-_JM,NA,NA,NA,NA,NA,#434417646,NA
7, Afeitador Rasurador Eléctrico Ruiying ,40,NA,2,11,NA,NA,NA,Entrega a acordar con el vendedor,NA,NA,NA,NA,http://perfil.mercadolibre.com.pe/DECOMPRAS50.COM,https://articulo.mercadolibre.com.pe/MPE-432277332-afeitador-rasurador-electrico-ruiying-_JM,NA,NA,NA,NA,NA,#432277332,NA
8, Afeitadora Eléctrica Aquatouch Philips S1030 ,240,NA,0,NA,NA,NA,NA,Entrega a acordar con el vendedor,NA,NA,NA,NA,http://perfil.mercadolibre.com.pe/VENTASONLINEFREDY.COM,https://articulo.mercadolibre.com.pe/MPE-435701864-afeitadora-electrica-aquatouch-philips-s1030-_JM,NA,NA,NA,NA,NA,#435701864,NA
9, Afeitador Electrico Profesional Inalambrico Nova Patillera ,35,NA,1,NA,NA,NA,NA,Entrega a acordar con el vendedor,NA,NA,NA,NA,http://perfil.mercadolibre.com.pe/VYKCAT,https://articulo.mercadolibre.com.pe/MPE-436433681-afeitador-electrico-profesional-inalambrico-nova-patillera-_JM,NA,NA,NA,NA,NA,#436433681,Nova
10, Maquina Cortador Eléctrico Kemei Afeitador Rasurador Barba ,129,NA,8,2,NA,NA,NA,Entrega a acordar con el vendedor,NA,NA,NA,NA,http://perfil.mercadolibre.com.pe/IMPORTACIONES+FLYTEC,https://articulo.mercadolibre.com.pe/MPE-427374973-maquina-cortador-electrico-kemei-afeitador-rasurador-barba-_JM,NA,NA,NA,NA,NA,#427374973,Kemei
11, 5 En 1 Depilador Eléctrico Afeitador Cejas Multi Funcion ,29,NA,95,905,NA,NA,NA,Entrega a acordar con el vendedor,NA,NA,4,3,http://perfil.mercadolibre.com.pe/GRUPONATIC.PE,https://articulo.mercadolibre.com.pe/MPE-425393794-5-en-1-depilador-electrico-afeitador-cejas-multi-funcion-_JM,2,0,0,1,0,#425393794,NA
12, Maquina De Cortar Cabello Pelo Wahl Eléctrico 10pz Rasurador ,99,NA,0,20,NA,NA,NA,Entrega a acordar con el vendedor,NA,NA,NA,NA,http://perfil.mercadolibre.com.pe/IMPORTACIONESMYJASOCIADOS,https://articulo.mercadolibre.com.pe/MPE-435407165-maquina-de-cortar-cabello-pelo-wahl-electrico-10pz-rasurador-_JM,NA,NA,NA,NA,NA,#435407165,Wahl
13, Maquina De Cortar Cabello Wahl Eléctrico Afeitador Rasurador ,99,NA,4,38,NA,NA,NA,Entrega a acordar con el vendedor,NA,NA,NA,NA,http://perfil.mercadolibre.com.pe/IMPORTACIONES+LAKSHMI,https://articulo.mercadolibre.com.pe/MPE-428174982-maquina-de-cortar-cabello-wahl-electrico-afeitador-rasurador-_JM,NA,NA,NA,NA,NA,#428174982,Wahl
14, Corta Pelo Electrico Maquina Afeitador Cabello Rasurador ,39,NA,11,7,NA,NA,NA,Entrega a acordar con el vendedor,NA,NA,5,1,http://perfil.mercadolibre.com.pe/MARKETLINCE,https://articulo.mercadolibre.com.pe/MPE-431249415-corta-pelo-electrico-maquina-afeitador-cabello-rasurador-_JM,1,0,0,0,0,#431249415,GN
15, Depilador Femenino Electrico Rasurador Vello Facial Led ,23,NA,8,985,NA,NA,NA,Entrega a acordar con el vendedor,NA,NA,1,1,http://perfil.mercadolibre.com.pe/VMC+NETWORKS,https://articulo.mercadolibre.com.pe/MPE-432940699-depilador-femenino-electrico-rasurador-vello-facial-led-_JM,0,0,0,0,1,#432940699,NA
16, Corta Pelo Electrico Maquina Afeitador Cabello Rasurador Isc ,39,NA,37,8,NA,NA,NA,Entrega a acordar con el vendedor,NA,NA,5,1,http://perfil.mercadolibre.com.pe/INNOVASYSTEMCORP,https://articulo.mercadolibre.com.pe/MPE-431205984-corta-pelo-electrico-maquina-afeitador-cabello-rasurador-isc-_JM,1,0,0,0,0,#431205984,GN
17, Maquina De Cortar Cabello Pelo Nova Rasurador Electrica ,59,NA,2,18,NA,NA,NA,Entrega a acordar con el vendedor,NA,NA,NA,NA,http://perfil.mercadolibre.com.pe/IMPORTACIONES+LAKSHMI,https://articulo.mercadolibre.com.pe/MPE-430371632-maquina-de-cortar-cabello-pelo-nova-rasurador-electrica-_JM,NA,NA,NA,NA,NA,#430371632,Nova
18, Afeitadora Electrica Taurus Tma 6000wd ,80,NA,9,2,NA,NA,NA,Entrega a acordar con el vendedor,NA,NA,NA,NA,http://perfil.mercadolibre.com.pe/GOBUY+STORE,https://articulo.mercadolibre.com.pe/MPE-432939167-afeitadora-electrica-taurus-tma-6000wd-_JM,NA,NA,NA,NA,NA,#432939167,NA
19, Maquina Corta Pelo Cabello Eléctrico Afeitador Rasurador Kit ,35,NA,4,96,NA,NA,NA,Entrega a acordar con el vendedor,NA,NA,NA,NA,http://perfil.mercadolibre.com.pe/LEMARCICLISMOYDEPORTES,https://articulo.mercadolibre.com.pe/MPE-430621044-maquina-corta-pelo-cabello-electrico-afeitador-rasurador-kit-_JM,NA,NA,NA,NA,NA,#430621044,NA
20, Afeitador Rasuradora Depiladora Eléctrica Maquina De Afeitar ,49,NA,6,44,NA,NA,NA,Entrega a acordar con el vendedor,NA,NA,NA,NA,http://perfil.mercadolibre.com.pe/LATINO.,https://articulo.mercadolibre.com.pe/MPE-430430565-afeitador-rasuradora-depiladora-electrica-maquina-de-afeitar-_JM,NA,NA,NA,NA,NA,#430430565,NA
21, Afeitador Electrico Multifuncional ,110,NA,0,10,NA,NA,NA,Entrega a acordar con el vendedor,NA,NA,NA,NA,http://perfil.mercadolibre.com.pe/ANGIE+LA,https://articulo.mercadolibre.com.pe/MPE-423539234-afeitador-electrico-multifuncional-_JM,NA,NA,NA,NA,NA,#423539234,NA
22, Corta Pelo Eléctrico Afeitador Cabello Maquina Rasurador ,49,NA,9,41,NA,NA,NA,Entrega a acordar con el vendedor,NA,NA,4,1,http://perfil.mercadolibre.com.pe/IMPORTACIONES+LAKSHMI,https://articulo.mercadolibre.com.pe/MPE-424302468-corta-pelo-electrico-afeitador-cabello-maquina-rasurador-_JM,0,1,0,0,0,#424302468,NA
23, Sensitive Presicion Rasurador Depilador Mujer Electrico ,25,NA,36,64,NA,NA,NA,Entrega a acordar con el vendedor,NA,NA,2,1,http://perfil.mercadolibre.com.pe/PABLOFORCE123,https://articulo.mercadolibre.com.pe/MPE-426377902-sensitive-presicion-rasurador-depilador-mujer-electrico-_JM,0,0,0,1,0,#426377902,NA
24, Corta Pelo Electrico Maquina Afeitador Cabello Rasurador ,39,NA,0,9,NA,NA,NA,Entrega a acordar con el vendedor,NA,NA,NA,NA,http://perfil.mercadolibre.com.pe/DEKORTIME,https://articulo.mercadolibre.com.pe/MPE-436432465-corta-pelo-electrico-maquina-afeitador-cabello-rasurador-_JM,NA,NA,NA,NA,NA,#436432465,GN
25, Corta Pelo Eléctrico Afeitador Cabello Maquina Rasurador ,34,NA,0,75,NA,NA,NA,Entrega a acordar con el vendedor,NA,NA,NA,NA,http://perfil.mercadolibre.com.pe/LIMBO+PERU,https://articulo.mercadolibre.com.pe/MPE-436920085-corta-pelo-electrico-afeitador-cabello-maquina-rasurador-_JM,NA,NA,NA,NA,NA,#436920085,NA
26, Afeitador Electrico Gs Philips Shaver Flex&float P96 ,150,NA,3,2,NA,NA,NA,Entrega a acordar con el vendedor,NA,NA,NA,NA,http://perfil.mercadolibre.com.pe/GOBUY+STORE,https://articulo.mercadolibre.com.pe/MPE-432412743-afeitador-electrico-gs-philips-shaver-flexfloat-p96-_JM,NA,NA,NA,NA,NA,#432412743,NA
27, Rasuradora Eléctrica Wilkinson 4 En 1 - Gratis 8 Recargas ,127,NA,0,NA,NA,NA,NA,Envío gratis a todo el país,NA,NA,NA,NA,http://perfil.mercadolibre.com.pe/USER316,https://articulo.mercadolibre.com.pe/MPE-437132670-rasuradora-electrica-wilkinson-4-en-1-gratis-8-recargas-_JM,NA,NA,NA,NA,NA,#437132670,Wilkinson Sword
28, Depilador Flawless Electrico Rasurador Vello Facial Con Led ,24,NA,3,7,NA,NA,NA,Entrega a acordar con el vendedor,NA,NA,NA,NA,http://perfil.mercadolibre.com.pe/PACHERRESJUAN,https://articulo.mercadolibre.com.pe/MPE-436594364-depilador-flawless-electrico-rasurador-vello-facial-con-led-_JM,NA,NA,NA,NA,NA,#436594364,NA
29, Corta Pelo Electrico Maquina Afeitador Cabello Rasurador ,39,NA,0,4,NA,NA,NA,Entrega a acordar con el vendedor,NA,NA,NA,NA,http://perfil.mercadolibre.com.pe/OSRA6692680,https://articulo.mercadolibre.com.pe/MPE-436432469-corta-pelo-electrico-maquina-afeitador-cabello-rasurador-_JM,NA,NA,NA,NA,NA,#436432469,GN
30, Corta Pelo Eléctrico Afeitador Cabello Maquina Rasurador ,39,NA,0,90,NA,NA,NA,Entrega a acordar con el vendedor,NA,NA,NA,NA,http://perfil.mercadolibre.com.pe/LATINO.,https://articulo.mercadolibre.com.pe/MPE-436919204-corta-pelo-electrico-afeitador-cabello-maquina-rasurador-_JM,NA,NA,NA,NA,NA,#436919204,NA
31," Afeitador Electrico Philips Aquatech 7310 Seco,humedo ",550,NA,1,NA,NA,NA,NA,Entrega a acordar con el vendedor,NA,NA,NA,NA,http://perfil.mercadolibre.com.pe/GOBUY+STORE,https://articulo.mercadolibre.com.pe/MPE-432311115-afeitador-electrico-philips-aquatech-7310-secohumedo-_JM,NA,NA,NA,NA,NA,#432311115,NA
32, Afeitadora Electrica Inalambrico Depilador Seco Húmedo ,53,NA,2,98,NA,NA,NA,Entrega a acordar con el vendedor,NA,NA,NA,NA,http://perfil.mercadolibre.com.pe/JHON_EDWARD_123,https://articulo.mercadolibre.com.pe/MPE-432923810-afeitadora-electrica-inalambrico-depilador-seco-humedo-_JM,NA,NA,NA,NA,NA,#432923810,NA
33, Peinetas Guía Eléctrico Clipper Cabello Peluquería Afeitador ,50,NA,0,8,NA,NA,NA,Entrega a acordar con el vendedor,NA,NA,NA,NA,http://perfil.mercadolibre.com.pe/JESUS_SANCHEZ_G,https://articulo.mercadolibre.com.pe/MPE-433255361-peinetas-guia-electrico-clipper-cabello-peluqueria-afeitador-_JM,NA,NA,NA,NA,NA,#433255361,NA
34," Afeitadora Eléctrica De Panasonic Arc5, Hombres De 5 Pala ",700,NA,0,NA,NA,NA,NA,Entrega a acordar con el vendedor,NA,NA,NA,NA,http://perfil.mercadolibre.com.pe/AKAESPERUSAC,https://articulo.mercadolibre.com.pe/MPE-433375380-afeitadora-electrica-de-panasonic-arc5-hombres-de-5-pala-_JM,NA,NA,NA,NA,NA,#433375380,Panasonic
35, Philips - Afeitadora Eléctrica Shaver Serie 7000 S7310/12 ,597,NA,0,10,NA,NA,NA,Entrega a acordar con el vendedor,NA,NA,NA,NA,http://perfil.mercadolibre.com.pe/GOMAXPERUCOM,https://articulo.mercadolibre.com.pe/MPE-436824414-philips-afeitadora-electrica-shaver-serie-7000-s731012-_JM,NA,NA,NA,NA,NA,#436824414,Philips
36, Afeitadora Electrica Inalambrico Recargable Depilador ,49,NA,6,94,NA,NA,NA,Entrega a acordar con el vendedor,NA,NA,NA,NA,http://perfil.mercadolibre.com.pe/JHOUNETHAQUISE,https://articulo.mercadolibre.com.pe/MPE-433179890-afeitadora-electrica-inalambrico-recargable-depilador-_JM,NA,NA,NA,NA,NA,#433179890,NA
37, Profesional Afeitadora Eléctrica Barba Cortadores De Nari ,305,NA,0,NA,NA,NA,NA,Entrega a acordar con el vendedor,NA,NA,NA,NA,http://perfil.mercadolibre.com.pe/AKAESPERUSAC,https://articulo.mercadolibre.com.pe/MPE-435794057-profesional-afeitadora-electrica-barba-cortadores-de-nari-_JM,NA,NA,NA,NA,NA,#435794057,Wangmeili
38, Afeitador Electrico Gama Italy Gsh1000 ,280,NA,2,6,NA,NA,NA,Entrega a acordar con el vendedor,NA,NA,NA,NA,http://perfil.mercadolibre.com.pe/GOBUY+STORE,https://articulo.mercadolibre.com.pe/MPE-432310394-afeitador-electrico-gama-italy-gsh1000-_JM,NA,NA,NA,NA,NA,#432310394,NA
39, Maquinilla De Afeitar Eléctrica El Arte De Afeitado Lexin ,970,NA,0,NA,NA,NA,NA,Entrega a acordar con el vendedor,NA,NA,NA,NA,http://perfil.mercadolibre.com.pe/AKAESPERUSAC,https://articulo.mercadolibre.com.pe/MPE-435809799-maquinilla-de-afeitar-electrica-el-arte-de-afeitado-lexin-_JM,NA,NA,NA,NA,NA,#435809799,NA
40, Xiaomi Mijia Afeitadora Eléctrica Portátil Recargable ,199,NA,1,3,NA,NA,NA,Entrega a acordar con el vendedor,NA,NA,NA,NA,http://perfil.mercadolibre.com.pe/QUETALCOMPRA,https://articulo.mercadolibre.com.pe/MPE-431561976-xiaomi-mijia-afeitadora-electrica-portatil-recargable-_JM,NA,NA,NA,NA,NA,#431561976,NA
41," Suprent Hoja Eléctrica 4-lámina Afeitadora, Rasuradora El ",264,NA,0,NA,NA,NA,NA,Entrega a acordar con el vendedor,NA,NA,NA,NA,http://perfil.mercadolibre.com.pe/AKAESPERUSAC,https://articulo.mercadolibre.com.pe/MPE-434224818-suprent-hoja-electrica-4-lamina-afeitadora-rasuradora-el-_JM,NA,NA,NA,NA,NA,#434224818,SUPRENT
42, Panasonic Wes9013pc Afeitadora Eléctrica Recambio Cuchill ,268,NA,0,NA,NA,NA,NA,Entrega a acordar con el vendedor,NA,NA,NA,NA,http://perfil.mercadolibre.com.pe/AKAESPERUSAC,https://articulo.mercadolibre.com.pe/MPE-433375397-panasonic-wes9013pc-afeitadora-electrica-recambio-cuchill-_JM,NA,NA,NA,NA,NA,#433375397,Panasonic
43, Sonic Afeitado Usb Afeitadora Eléctrica ,221,NA,0,NA,NA,NA,NA,Entrega a acordar con el vendedor,NA,NA,NA,NA,http://perfil.mercadolibre.com.pe/AKAESPERUSAC,https://articulo.mercadolibre.com.pe/MPE-435809779-sonic-afeitado-usb-afeitadora-electrica-_JM,NA,NA,NA,NA,NA,#435809779,Pure Acoustics
44, Philips - Afeitadora Electrica Aquatouch S5420/04 ,489,NA,0,5,NA,NA,NA,Entrega a acordar con el vendedor,NA,NA,NA,NA,http://perfil.mercadolibre.com.pe/GOMAXPERUCOM,https://articulo.mercadolibre.com.pe/MPE-436836928-philips-afeitadora-electrica-aquatouch-s542004-_JM,NA,NA,NA,NA,NA,#436836928,NA
45, La Maquinilla De Afeitar Eléctrica Runwe Máquina De Afeit ,194,NA,0,NA,NA,NA,NA,Entrega a acordar con el vendedor,NA,NA,NA,NA,http://perfil.mercadolibre.com.pe/AKAESPERUSAC,https://articulo.mercadolibre.com.pe/MPE-435724288-la-maquinilla-de-afeitar-electrica-runwe-maquina-de-afeit-_JM,NA,NA,NA,NA,NA,#435724288,Runwe
46, 5 En 1 Depilador Eléctrico Afeitador Cejas Multi Funcion ,29,NA,3,997,NA,NA,NA,Entrega a acordar con el vendedor,NA,NA,NA,NA,http://perfil.mercadolibre.com.pe/GRUPONATIC+TIENDA,https://articulo.mercadolibre.com.pe/MPE-427073754-5-en-1-depilador-electrico-afeitador-cejas-multi-funcion-_JM,NA,NA,NA,NA,NA,#427073754,NA
47, Mylifeunit Sostenedor Eléctrico De La Maquinilla De Afeit ,194,NA,0,NA,NA,NA,NA,Entrega a acordar con el vendedor,NA,NA,NA,NA,http://perfil.mercadolibre.com.pe/AKAESPERUSAC,https://articulo.mercadolibre.com.pe/MPE-435724853-mylifeunit-sostenedor-electrico-de-la-maquinilla-de-afeit-_JM,NA,NA,NA,NA,NA,#435724853,MyLifeUNIT
48, Navaja Eléctrica Recortador Para Nariz Y Oreja Afeitado H ,150,NA,0,NA,NA,NA,NA,Entrega a acordar con el vendedor,NA,NA,NA,NA,http://perfil.mercadolibre.com.pe/AKAESPERUSAC,https://articulo.mercadolibre.com.pe/MPE-435725141-navaja-electrica-recortador-para-nariz-y-oreja-afeitado-h-_JM,NA,NA,NA,NA,NA,#435725141,Tongtletech
49, Señoras Afeitar Eléctrica Para Cara Mujer Afeitadora Depi ,249,NA,0,NA,NA,NA,NA,Entrega a acordar con el vendedor,NA,NA,NA,NA,http://perfil.mercadolibre.com.pe/AKAESPERUSAC,https://articulo.mercadolibre.com.pe/MPE-435724591-senoras-afeitar-electrica-para-cara-mujer-afeitadora-depi-_JM,NA,NA,NA,NA,NA,#435724591,Angelland
50, Depiladora Electrico - Rasuradora - Depilacion - Portatil ,58,NA,2,5,NA,NA,NA,Entrega a acordar con el vendedor,NA,NA,NA,NA,http://perfil.mercadolibre.com.pe/DIEGO+ALIKE,https://articulo.mercadolibre.com.pe/MPE-431691414-depiladora-electrico-rasuradora-depilacion-portatil-_JM,NA,NA,NA,NA,NA,#431691414,NA
51, Maquinilla De Afeitar Eléctrica Max-t Maquinilla De Afeit ,259,NA,0,NA,NA,NA,NA,Entrega a acordar con el vendedor,NA,NA,NA,NA,http://perfil.mercadolibre.com.pe/AKAESPERUSAC,https://articulo.mercadolibre.com.pe/MPE-435724935-maquinilla-de-afeitar-electrica-max-t-maquinilla-de-afeit-_JM,NA,NA,NA,NA,NA,#435724935,MAX-T
52, Mujer Cabello Eliminación Afeitadora Eléctrica Maquinill ,204,NA,0,NA,NA,NA,NA,Entrega a acordar con el vendedor,NA,NA,NA,NA,http://perfil.mercadolibre.com.pe/AKAESPERUSAC,https://articulo.mercadolibre.com.pe/MPE-435724423-mujer-cabello-eliminacion-afeitadora-electrica-maquinill-_JM,NA,NA,NA,NA,NA,#435724423,CLEVER BRIGHT
53, Juego De Removedor De Pelo Eléctrico Para Afeitadora Y Na ,187,NA,0,NA,NA,NA,NA,Entrega a acordar con el vendedor,NA,NA,NA,NA,http://perfil.mercadolibre.com.pe/AKAESPERUSAC,https://articulo.mercadolibre.com.pe/MPE-435724744-juego-de-removedor-de-pelo-electrico-para-afeitadora-y-na-_JM,NA,NA,NA,NA,NA,#435724744,Sport out
54, Afeitadora/rasuradora Eléctrica Recargable De 3 Cabezas ,49,NA,1,24,NA,NA,NA,Entrega a acordar con el vendedor,NA,NA,NA,NA,http://perfil.mercadolibre.com.pe/LIMBO+PERU,https://articulo.mercadolibre.com.pe/MPE-433900807-afeitadorarasuradora-electrica-recargable-de-3-cabezas-_JM,NA,NA,NA,NA,NA,#433900807,NA
55, Wicareyo Mujer Afeitadora Eléctrica Bikini Ceja Eliminaci ,156,NA,0,NA,NA,NA,NA,Entrega a acordar con el vendedor,NA,NA,NA,NA,http://perfil.mercadolibre.com.pe/AKAESPERUSAC,https://articulo.mercadolibre.com.pe/MPE-435724677-wicareyo-mujer-afeitadora-electrica-bikini-ceja-eliminaci-_JM,NA,NA,NA,NA,NA,#435724677,WiCareYo
56, Luxanna Ladies Afeitadora Eléctrica 5 En 1 Recargable Maq ,249,NA,0,NA,NA,NA,NA,Entrega a acordar con el vendedor,NA,NA,NA,NA,http://perfil.mercadolibre.com.pe/AKAESPERUSAC,https://articulo.mercadolibre.com.pe/MPE-435724486-luxanna-ladies-afeitadora-electrica-5-en-1-recargable-maq-_JM,NA,NA,NA,NA,NA,#435724486,Luxanna
57, Panasonic Wes9025pc Hombres Afeitadora Eléctrica Recambio ,365,NA,0,NA,NA,NA,NA,Entrega a acordar con el vendedor,NA,NA,NA,NA,http://perfil.mercadolibre.com.pe/AKAESPERUSAC,https://articulo.mercadolibre.com.pe/MPE-436913102-panasonic-wes9025pc-hombres-afeitadora-electrica-recambio-_JM,NA,NA,NA,NA,NA,#436913102,Panasonic
58, 4 En 1 Afeitadora Eléctrica Mini Cortador De Afeitado Ind ,199,NA,0,NA,NA,NA,NA,Entrega a acordar con el vendedor,NA,NA,NA,NA,http://perfil.mercadolibre.com.pe/AKAESPERUSAC,https://articulo.mercadolibre.com.pe/MPE-435724658-4-en-1-afeitadora-electrica-mini-cortador-de-afeitado-ind-_JM,NA,NA,NA,NA,NA,#435724658,Brino
59, Afeitadora Eléctrica Femenina Cejas Bikini Axila 5cabezales ,22,NA,1,9,NA,NA,NA,Entrega a acordar con el vendedor,NA,NA,NA,NA,http://perfil.mercadolibre.com.pe/LIJOV_EIRL,https://articulo.mercadolibre.com.pe/MPE-433392284-afeitadora-electrica-femenina-cejas-bikini-axila-5cabezales-_JM,NA,NA,NA,NA,NA,#433392284,NA
60, Miserwe 2 En 1 Afeitadora Eléctrica Sin Dolor Recortadora ,153,NA,0,NA,NA,NA,NA,Entrega a acordar con el vendedor,NA,NA,NA,NA,http://perfil.mercadolibre.com.pe/AKAESPERUSAC,https://articulo.mercadolibre.com.pe/MPE-435809712-miserwe-2-en-1-afeitadora-electrica-sin-dolor-recortadora-_JM,NA,NA,NA,NA,NA,#435809712,Miserwe
61, Afeitador Eléctrico Maquina De Afeitar Rasuradora Depilador ,69,NA,3,18,NA,NA,NA,Entrega a acordar con el vendedor,NA,NA,NA,NA,http://perfil.mercadolibre.com.pe/IMPORTACIONES+LAKSHMI,https://articulo.mercadolibre.com.pe/MPE-426122752-afeitador-electrico-maquina-de-afeitar-rasuradora-depilador-_JM,NA,NA,NA,NA,NA,#426122752,NA
62, Afeitador Eléctrico Maquina De Afeitar Rasuradora Depilador ,89,NA,7,14,NA,NA,NA,Entrega a acordar con el vendedor,NA,NA,NA,NA,http://perfil.mercadolibre.com.pe/IMPORTACIONES+LAKSHMI,https://articulo.mercadolibre.com.pe/MPE-424844592-afeitador-electrico-maquina-de-afeitar-rasuradora-depilador-_JM,NA,NA,NA,NA,NA,#424844592,NA
63, Philips Satinshave Avanzada Brl 140 Rasuradora Eléctrica Par ,286,NA,0,NA,NA,NA,NA,Envío gratis a todo el país,NA,NA,NA,NA,http://perfil.mercadolibre.com.pe/KECHVR.COM,https://articulo.mercadolibre.com.pe/MPE-436571995-philips-satinshave-avanzada-brl-140-rasuradora-electrica-par-_JM,NA,NA,NA,NA,NA,#436571995,NA
64," Rasuradora Eléctrica Para Tela Y Suéteres, Removedor De Pelu ",148,NA,0,NA,NA,NA,NA,Envío gratis a todo el país,NA,NA,NA,NA,http://perfil.mercadolibre.com.pe/KECHVR.COM,https://articulo.mercadolibre.com.pe/MPE-436572009-rasuradora-electrica-para-tela-y-sueteres-removedor-de-pelu-_JM,NA,NA,NA,NA,NA,#436572009,NA
65, Afeitador Electrico Philips Gs Sistema Aquatouch Ps20 ,435,NA,1,2,NA,NA,NA,Entrega a acordar con el vendedor,NA,NA,NA,NA,http://perfil.mercadolibre.com.pe/GOBUY+STORE,https://articulo.mercadolibre.com.pe/MPE-432335858-afeitador-electrico-philips-gs-sistema-aquatouch-ps20-_JM,NA,NA,NA,NA,NA,#432335858,NA
66, Afeitador Electrico Philips Aquatouch Seco Y Humedo Pt20 ,225,NA,2,8,NA,NA,NA,Entrega a acordar con el vendedor,NA,NA,NA,NA,http://perfil.mercadolibre.com.pe/GOBUY+STORE,https://articulo.mercadolibre.com.pe/MPE-432311100-afeitador-electrico-philips-aquatouch-seco-y-humedo-pt20-_JM,NA,NA,NA,NA,NA,#432311100,NA
67, Afeitadora Electrica Gs Philips P26 ,120,NA,0,2,NA,NA,NA,Entrega a acordar con el vendedor,NA,NA,NA,NA,http://perfil.mercadolibre.com.pe/GOBUY+STORE,https://articulo.mercadolibre.com.pe/MPE-432479232-afeitadora-electrica-gs-philips-p26-_JM,NA,NA,NA,NA,NA,#432479232,NA
68," Afeitadora Eléctrica Panasonic Es-sl41-s Arc3, Sin Cable ",455,NA,0,NA,NA,NA,NA,Entrega a acordar con el vendedor,NA,NA,NA,NA,http://perfil.mercadolibre.com.pe/AKAESPERUSAC,https://articulo.mercadolibre.com.pe/MPE-435809719-afeitadora-electrica-panasonic-es-sl41-s-arc3-sin-cable-_JM,NA,NA,NA,NA,NA,#435809719,Panasonic
69, Afeitadora Electrica Para Uso Seco Y Humedo S107004 Philips ,259,NA,0,NA,NA,NA,NA,Entrega a acordar con el vendedor,NA,NA,NA,NA,http://perfil.mercadolibre.com.pe/MAIRYEXPRESS,https://articulo.mercadolibre.com.pe/MPE-435483739-afeitadora-electrica-para-uso-seco-y-humedo-s107004-philips-_JM,NA,NA,NA,NA,NA,#435483739,NA
70, Panasonic Wes9032p Hombres Afeitadora Eléctrica Recambio ,373,NA,1,NA,NA,NA,NA,Entrega a acordar con el vendedor,NA,NA,NA,NA,http://perfil.mercadolibre.com.pe/AKAESPERUSAC,https://articulo.mercadolibre.com.pe/MPE-433525601-panasonic-wes9032p-hombres-afeitadora-electrica-recambio-_JM,NA,NA,NA,NA,NA,#433525601,Panasonic
71, Panasonic Eslt7ns Sistema De Afeitadora Eléctrica Arc 3bl ,720,NA,0,NA,NA,NA,NA,Entrega a acordar con el vendedor,NA,NA,NA,NA,http://perfil.mercadolibre.com.pe/AKAESPERUSAC,https://articulo.mercadolibre.com.pe/MPE-435809833-panasonic-eslt7ns-sistema-de-afeitadora-electrica-arc-3bl-_JM,NA,NA,NA,NA,NA,#435809833,Panasonic
72," La Afeitadora Eléctrica Panasonic Es-rt97-s Arc3, Sin Cab ",494,NA,0,NA,NA,NA,NA,Entrega a acordar con el vendedor,NA,NA,NA,NA,http://perfil.mercadolibre.com.pe/AKAESPERUSAC,https://articulo.mercadolibre.com.pe/MPE-435724208-la-afeitadora-electrica-panasonic-es-rt97-s-arc3-sin-cab-_JM,NA,NA,NA,NA,NA,#435724208,Panasonic
73, Panasonic Wes9020pc Afeitadora Eléctrica Recambio Cuchill ,334,NA,0,NA,NA,NA,NA,Entrega a acordar con el vendedor,NA,NA,NA,NA,http://perfil.mercadolibre.com.pe/AKAESPERUSAC,https://articulo.mercadolibre.com.pe/MPE-436913090-panasonic-wes9020pc-afeitadora-electrica-recambio-cuchill-_JM,NA,NA,NA,NA,NA,#436913090,Panasonic
74, Afeitadora Eléctrica Para Damas Vicooda 5 En 1 Maquinilla ,224,NA,0,NA,NA,NA,NA,Entrega a acordar con el vendedor,NA,NA,NA,NA,http://perfil.mercadolibre.com.pe/AKAESPERUSAC,https://articulo.mercadolibre.com.pe/MPE-435735089-afeitadora-electrica-para-damas-vicooda-5-en-1-maquinilla-_JM,NA,NA,NA,NA,NA,#435735089,Vicooda
75, Afeitador Rasuradora Depiladora Eléctrica Maquina De Afeitar ,48,NA,0,45,NA,NA,NA,Entrega a acordar con el vendedor,NA,NA,NA,NA,http://perfil.mercadolibre.com.pe/LIMBO+PERU,https://articulo.mercadolibre.com.pe/MPE-436531584-afeitador-rasuradora-depiladora-electrica-maquina-de-afeitar-_JM,NA,NA,NA,NA,NA,#436531584,NA
76, Rasuradora Eléctrica - Phillips ,105,NA,0,1,NA,NA,NA,Entrega a acordar con el vendedor,NA,NA,NA,NA,http://perfil.mercadolibre.com.pe/ALVAMAT,https://articulo.mercadolibre.com.pe/MPE-433189886-rasuradora-electrica-phillips-_JM,NA,NA,NA,NA,NA,#433189886,NA
77, Rasuradora Eléctrica Recargable Hombres 4 Hoja Profesional ,149,NA,1,2,NA,NA,NA,Envío gratis a todo el país,NA,NA,NA,NA,http://perfil.mercadolibre.com.pe/CUBANO+SERIEDAD,https://articulo.mercadolibre.com.pe/MPE-432174100-rasuradora-electrica-recargable-hombres-4-hoja-profesional-_JM,NA,NA,NA,NA,NA,#432174100,NA
78, Kemei 4 En 1 Rasuradora Eléctrica Recargable ,110,NA,0,2,NA,NA,NA,Entrega a acordar con el vendedor,NA,NA,NA,NA,http://perfil.mercadolibre.com.pe/J5R,https://articulo.mercadolibre.com.pe/MPE-437131531-kemei-4-en-1-rasuradora-electrica-recargable-_JM,NA,NA,NA,NA,NA,#437131531,NA
79, Maquinilla De Afeitar De Afeitar Eléctrica De Las Mujeres ,254,NA,0,NA,NA,NA,NA,Entrega a acordar con el vendedor,NA,NA,NA,NA,http://perfil.mercadolibre.com.pe/AKAESPERUSAC,https://articulo.mercadolibre.com.pe/MPE-433554160-maquinilla-de-afeitar-de-afeitar-electrica-de-las-mujeres-_JM,NA,NA,NA,NA,NA,#433554160,Angelland
80, Depilador Rasurador Vello Facial Led Femenino Electrico ,23,NA,0,234,NA,NA,NA,Entrega a acordar con el vendedor,NA,NA,NA,NA,http://perfil.mercadolibre.com.pe/VMC+SOLUCIONES,https://articulo.mercadolibre.com.pe/MPE-436860695-depilador-rasurador-vello-facial-led-femenino-electrico-_JM,NA,NA,NA,NA,NA,#436860695,NA
81, Afeitadora - Rasuradora Electrica Philips ,110,NA,0,NA,NA,NA,NA,Entrega a acordar con el vendedor,NA,NA,NA,NA,NA,https://articulo.mercadolibre.com.pe/MPE-436235192-afeitadora-rasuradora-electrica-philips-_JM,NA,NA,NA,NA,NA,#436235192,NA
82, Afeitador Electrica Portatil Pailipu Pq-206 Rasurada Barber ,25,NA,0,10,NA,NA,NA,Entrega a acordar con el vendedor,NA,NA,NA,NA,http://perfil.mercadolibre.com.pe/ALEXSANDER+LLANCO,https://articulo.mercadolibre.com.pe/MPE-437029745-afeitador-electrica-portatil-pailipu-pq-206-rasurada-barber-_JM,NA,NA,NA,NA,NA,#437029745,NA
83, 5 En 1 Depilador Eléctrico Afeitador Multi Funcion ,25,NA,0,4,NA,NA,NA,Entrega a acordar con el vendedor,NA,NA,NA,NA,http://perfil.mercadolibre.com.pe/CAAR676375,https://articulo.mercadolibre.com.pe/MPE-434981970-5-en-1-depilador-electrico-afeitador-multi-funcion-_JM,NA,NA,NA,NA,NA,#434981970,NA
84, Afeitadora Eléctrica Phillips ,110,NA,0,NA,NA,NA,NA,Entrega a acordar con el vendedor,NA,NA,NA,NA,NA,https://articulo.mercadolibre.com.pe/MPE-436962532-afeitadora-electrica-phillips-_JM,NA,NA,NA,NA,NA,#436962532,NA
85, Afeitadora Eléctrica Aquatouch Philips S5420_04 ,309,459,0,40,NA,NA,NA,Entrega a acordar con el vendedor,NA,NA,NA,NA,NA,https://articulo.mercadolibre.com.pe/MPE-437066929-afeitadora-electrica-aquatouch-philips-s542004-_JM,NA,NA,NA,NA,NA,#437066929,NA
86, Depilador Flawless Electrico Rasurador Vello Facial Luz Led ,24,NA,0,10,NA,NA,NA,Entrega a acordar con el vendedor,NA,NA,NA,NA,http://perfil.mercadolibre.com.pe/ANALULOZANO,https://articulo.mercadolibre.com.pe/MPE-436594392-depilador-flawless-electrico-rasurador-vello-facial-luz-led-_JM,NA,NA,NA,NA,NA,#436594392,NA
87, Corta Pelo Eléctrico Kemei Afeitador Rasurador Barba ,149,NA,17,7,NA,NA,NA,Entrega a acordar con el vendedor,NA,NA,3,1,http://perfil.mercadolibre.com.pe/JUANCABALLERO12,https://articulo.mercadolibre.com.pe/MPE-424694863-corta-pelo-electrico-kemei-afeitador-rasurador-barba-_JM,0,0,1,0,0,#424694863,Kemei
88, Afeitadora Eléctrica Aquatouch Philips S1070_04 ,199,NA,0,50,NA,NA,NA,Entrega a acordar con el vendedor,NA,NA,NA,NA,NA,https://articulo.mercadolibre.com.pe/MPE-437066258-afeitadora-electrica-aquatouch-philips-s107004-_JM,NA,NA,NA,NA,NA,#437066258,NA
89, Afeitadora Eléctrica Phillips Satinshave Advanced ,145,NA,0,NA,NA,NA,NA,Entrega a acordar con el vendedor,NA,NA,NA,NA,NA,https://articulo.mercadolibre.com.pe/MPE-437254202-afeitadora-electrica-phillips-satinshave-advanced-_JM,NA,NA,NA,NA,NA,#437254202,NA
90, Afeitadora Eléctrica Aquatouch Philips S1030_04 ,169,NA,0,20,NA,NA,NA,Entrega a acordar con el vendedor,NA,NA,NA,NA,NA,https://articulo.mercadolibre.com.pe/MPE-437066087-afeitadora-electrica-aquatouch-philips-s103004-_JM,NA,NA,NA,NA,NA,#437066087,NA
91, Afeitadora Eléctrica Aquatouch Philips At620_14 ,179,289,0,50,NA,NA,NA,Entrega a acordar con el vendedor,NA,NA,NA,NA,NA,https://articulo.mercadolibre.com.pe/MPE-437066482-afeitadora-electrica-aquatouch-philips-at62014-_JM,NA,NA,NA,NA,NA,#437066482,NA
92, Corta Pelo Eléctrico Afeitador Cabello Maquina Rasurador ,28,NA,0,100,NA,NA,NA,Entrega a acordar con el vendedor,NA,NA,NA,NA,NA,https://articulo.mercadolibre.com.pe/MPE-436612140-corta-pelo-electrico-afeitador-cabello-maquina-rasurador-_JM,NA,NA,NA,NA,NA,#436612140,NA
93, Ranuradora Rozadora De Muros Mfe 40 Metabo ,3149,NA,NA,NA,NA,NA,NA,Entrega a acordar con el vendedor,NA,NA,NA,NA,http://perfil.mercadolibre.com.pe/GRUPOCAHEMATO?brandId=136,https://articulo.mercadolibre.com.pe/MPE-435461286-ranuradora-rozadora-de-muros-mfe-40-metabo-_JM,NA,NA,NA,NA,NA,#435461286,NA
94, Ranuradora De Doble Disco Gnf 35 Ca (garantía 2 Años) Hd ,2309,NA,NA,50,NA,NA,NA,Entrega a acordar con el vendedor,NA,NA,NA,NA,http://perfil.mercadolibre.com.pe/TIENDAS+OFICALESPERU?brandId=13,https://articulo.mercadolibre.com.pe/MPE-425623307-ranuradora-de-doble-disco-gnf-35-ca-garantia-2-anos-hd-_JM,NA,NA,NA,NA,NA,#425623307,NA
95, Xiaomi Máquina De Afeitar Eléctrica ,90,NA,0,3,NA,NA,NA,Envío gratis a todo el país,NA,NA,NA,NA,NA,https://articulo.mercadolibre.com.pe/MPE-436171959-xiaomi-maquina-de-afeitar-electrica-_JM,NA,NA,NA,NA,NA,#436171959,NA
96, 100-240 V Máquina De Afeitar Eléctrica Recargable 3d Cuchill ,169,NA,0,NA,NA,NA,NA,Entrega a acordar con el vendedor,NA,NA,NA,NA,NA,https://articulo.mercadolibre.com.pe/MPE-424455740-100-240-v-maquina-de-afeitar-electrica-recargable-3d-cuchill-_JM,NA,NA,NA,NA,NA,#424455740,NA
97, Afeitadora Electrica Inalambrico Depilador Seco Y Humedo ,49,NA,3,97,NA,NA,NA,Entrega a acordar con el vendedor,NA,NA,NA,NA,http://perfil.mercadolibre.com.pe/JHOUNETHAQUISE,https://articulo.mercadolibre.com.pe/MPE-432113271-afeitadora-electrica-inalambrico-depilador-seco-y-humedo-_JM,NA,NA,NA,NA,NA,#432113271,NA
98, Afeitadora Eléctrica Para Hombres Máquina De Afeitar Rota ,218,NA,0,NA,NA,NA,NA,Entrega a acordar con el vendedor,NA,NA,NA,NA,http://perfil.mercadolibre.com.pe/AKAESPERUSAC,https://articulo.mercadolibre.com.pe/MPE-435793933-afeitadora-electrica-para-hombres-maquina-de-afeitar-rota-_JM,NA,NA,NA,NA,NA,#435793933,FARIONE
99, Afeitadora Eléctrica Uso Seco Y Humedo At620 Philips ,209,NA,2,NA,NA,NA,NA,Entrega a acordar con el vendedor,NA,NA,NA,NA,http://perfil.mercadolibre.com.pe/SPORT+FITNESS-PERU,https://articulo.mercadolibre.com.pe/MPE-427225567-afeitadora-electrica-uso-seco-y-humedo-at620-philips-_JM,NA,NA,NA,NA,NA,#427225567,NA
100," Depiladora Eléctrica Para Mujeres, De Afeitadora Eléctric ",183,NA,0,NA,NA,NA,NA,Entrega a acordar con el vendedor,NA,NA,NA,NA,http://perfil.mercadolibre.com.pe/AKAESPERUSAC,https://articulo.mercadolibre.com.pe/MPE-433286529-depiladora-electrica-para-mujeres-de-afeitadora-electric-_JM,NA,NA,NA,NA,NA,#433286529,US Buy
101, Afeitadora Eléctrica Para Mujeres - 5 En 1 Mojado Recarga ,224,NA,0,NA,NA,NA,NA,Entrega a acordar con el vendedor,NA,NA,NA,NA,http://perfil.mercadolibre.com.pe/AKAESPERUSAC,https://articulo.mercadolibre.com.pe/MPE-435724892-afeitadora-electrica-para-mujeres-5-en-1-mojado-recarga-_JM,NA,NA,NA,NA,NA,#435724892,ELVASEN
102, Afeitadora Electrica Tecpro Rscx-3051inalambrico ,65,NA,0,7,NA,NA,NA,Entrega a acordar con el vendedor,NA,NA,NA,NA,http://perfil.mercadolibre.com.pe/GOBUY+STORE,https://articulo.mercadolibre.com.pe/MPE-432979945-afeitadora-electrica-tecpro-rscx-3051inalambrico-_JM,NA,NA,NA,NA,NA,#432979945,NA
103, Afeitadora Eléctrica Uso Seco Y Humedo At610 Philips Sellado ,229,NA,0,5,NA,NA,NA,Entrega a acordar con el vendedor,NA,NA,NA,NA,http://perfil.mercadolibre.com.pe/DALTHRON+S.A.C.,https://articulo.mercadolibre.com.pe/MPE-425392875-afeitadora-electrica-uso-seco-y-humedo-at610-philips-sellado-_JM,NA,NA,NA,NA,NA,#425392875,NA
104, Máquina De Hielo Afeitada Eléctrica Hawaiana Shaved Ice S ,290,NA,0,NA,NA,NA,NA,Entrega a acordar con el vendedor,NA,NA,NA,NA,http://perfil.mercadolibre.com.pe/AKAESPERUSAC,https://articulo.mercadolibre.com.pe/MPE-433520630-maquina-de-hielo-afeitada-electrica-hawaiana-shaved-ice-s-_JM,NA,NA,NA,NA,NA,#433520630,Hawaiian Shaved Ice
105, Spaire Mujer Afeitadora Eléctrica 4 En 1 A Prueba De Agua ,239,NA,0,NA,NA,NA,NA,Entrega a acordar con el vendedor,NA,NA,NA,NA,http://perfil.mercadolibre.com.pe/AKAESPERUSAC,https://articulo.mercadolibre.com.pe/MPE-435724468-spaire-mujer-afeitadora-electrica-4-en-1-a-prueba-de-agua-_JM,NA,NA,NA,NA,NA,#435724468,Spaire
106, Afeitadora Eléctrica Panasonic Es-rt17-k Arc3 Afeitadora ,340,NA,0,NA,NA,NA,NA,Entrega a acordar con el vendedor,NA,NA,NA,NA,http://perfil.mercadolibre.com.pe/AKAESPERUSAC,https://articulo.mercadolibre.com.pe/MPE-435724210-afeitadora-electrica-panasonic-es-rt17-k-arc3-afeitadora-_JM,NA,NA,NA,NA,NA,#435724210,Panasonic
107, Afeitadora Eléctrica Razor Barba Para Hombre Impermeable ,219,NA,0,NA,NA,NA,NA,Entrega a acordar con el vendedor,NA,NA,NA,NA,http://perfil.mercadolibre.com.pe/AKAESPERUSAC,https://articulo.mercadolibre.com.pe/MPE-435724555-afeitadora-electrica-razor-barba-para-hombre-impermeable-_JM,NA,NA,NA,NA,NA,#435724555,ZENGYONG
108, Removedor De Callos Eléctrico Y Afeitadora Por Nocal Mejo ,183,NA,0,NA,NA,NA,NA,Entrega a acordar con el vendedor,NA,NA,NA,NA,http://perfil.mercadolibre.com.pe/AKAESPERUSAC,https://articulo.mercadolibre.com.pe/MPE-435724587-removedor-de-callos-electrico-y-afeitadora-por-nocal-mejo-_JM,NA,NA,NA,NA,NA,#435724587,JuiceBlendDry
109," Afeitadora Eléctrica Para Mujeres Tezam Cordless, 3-blade ",192,NA,0,NA,NA,NA,NA,Entrega a acordar con el vendedor,NA,NA,NA,NA,http://perfil.mercadolibre.com.pe/AKAESPERUSAC,https://articulo.mercadolibre.com.pe/MPE-435725117-afeitadora-electrica-para-mujeres-tezam-cordless-3-blade-_JM,NA,NA,NA,NA,NA,#435725117,Tezam
110, Mini Afeitadora Inalámbrica Para Hombres Eléctrica Recar ,167,NA,0,NA,NA,NA,NA,Entrega a acordar con el vendedor,NA,NA,NA,NA,http://perfil.mercadolibre.com.pe/AKAESPERUSAC,https://articulo.mercadolibre.com.pe/MPE-435825839-mini-afeitadora-inalambrica-para-hombres-electrica-recar-_JM,NA,NA,NA,NA,NA,#435825839,Ideas In Life
111, Afeitadora Eléctrica Para Hombre 5 En 1 Cortapelos Para E ,234,NA,0,NA,NA,NA,NA,Entrega a acordar con el vendedor,NA,NA,NA,NA,http://perfil.mercadolibre.com.pe/AKAESPERUSAC,https://articulo.mercadolibre.com.pe/MPE-435724648-afeitadora-electrica-para-hombre-5-en-1-cortapelos-para-e-_JM,NA,NA,NA,NA,NA,#435724648,Home-direct
112, Panasonic Eslt3 Nk Arc3 3blade Afeitadora Eléctrica En Se ,479,NA,0,NA,NA,NA,NA,Entrega a acordar con el vendedor,NA,NA,NA,NA,http://perfil.mercadolibre.com.pe/AKAESPERUSAC,https://articulo.mercadolibre.com.pe/MPE-435725345-panasonic-eslt3-nk-arc3-3blade-afeitadora-electrica-en-se-_JM,NA,NA,NA,NA,NA,#435725345,Panasonic
113," Afeitadora Eléctrica De Panasonic Es-la63-s Arc4 Varonil, ",602,NA,0,NA,NA,NA,NA,Entrega a acordar con el vendedor,NA,NA,NA,NA,http://perfil.mercadolibre.com.pe/AKAESPERUSAC,https://articulo.mercadolibre.com.pe/MPE-433286722-afeitadora-electrica-de-panasonic-es-la63-s-arc4-varonil-_JM,NA,NA,NA,NA,NA,#433286722,Panasonic
114, Mujer Afeitadora Eléctrica De 4 En 1 Bikini Trimmer Cepil ,168,NA,0,NA,NA,NA,NA,Entrega a acordar con el vendedor,NA,NA,NA,NA,http://perfil.mercadolibre.com.pe/AKAESPERUSAC,https://articulo.mercadolibre.com.pe/MPE-435724518-mujer-afeitadora-electrica-de-4-en-1-bikini-trimmer-cepil-_JM,NA,NA,NA,NA,NA,#435724518,Haogital
115, Para Hombre Afeitado Eléctrico Razor Taladro De Carga De ,315,NA,0,NA,NA,NA,NA,Entrega a acordar con el vendedor,NA,NA,NA,NA,http://perfil.mercadolibre.com.pe/AKAESPERUSAC,https://articulo.mercadolibre.com.pe/MPE-435726698-para-hombre-afeitado-electrico-razor-taladro-de-carga-de-_JM,NA,NA,NA,NA,NA,#435726698,Rozia
116, 31b Máquina De Afeitar Eléctrica Para Afeitar Afeitadora ,254,NA,0,NA,NA,NA,NA,Entrega a acordar con el vendedor,NA,NA,NA,NA,http://perfil.mercadolibre.com.pe/AKAESPERUSAC,https://articulo.mercadolibre.com.pe/MPE-435724303-31b-maquina-de-afeitar-electrica-para-afeitar-afeitadora-_JM,NA,NA,NA,NA,NA,#435724303,4G-Kitty
117, Doshisha Eléctrico Afeitado Máquina De Hielo Wa Wa Wa ,542,NA,0,NA,NA,NA,NA,Entrega a acordar con el vendedor,NA,NA,NA,NA,http://perfil.mercadolibre.com.pe/AKAESPERUSAC,https://articulo.mercadolibre.com.pe/MPE-435724631-doshisha-electrico-afeitado-maquina-de-hielo-wa-wa-wa-_JM,NA,NA,NA,NA,NA,#435724631,Doshisha
118, Paladou Afeitadora Eléctrica Profesional Máquina De Afeit ,249,NA,0,NA,NA,NA,NA,Entrega a acordar con el vendedor,NA,NA,NA,NA,http://perfil.mercadolibre.com.pe/AKAESPERUSAC,https://articulo.mercadolibre.com.pe/MPE-435793940-paladou-afeitadora-electrica-profesional-maquina-de-afeit-_JM,NA,NA,NA,NA,NA,#435793940,PALADOU
119, Vivohome Trituradora De Hielo Eléctrica Máquina De Afeita ,571,NA,0,NA,NA,NA,NA,Entrega a acordar con el vendedor,NA,NA,NA,NA,http://perfil.mercadolibre.com.pe/AKAESPERUSAC,https://articulo.mercadolibre.com.pe/MPE-434081911-vivohome-trituradora-de-hielo-electrica-maquina-de-afeita-_JM,NA,NA,NA,NA,NA,#434081911,VIVOHOME
120, Paranasonic Close Curvas Afeitadora Eléctrica Señoras 3bl ,194,NA,0,NA,NA,NA,NA,Entrega a acordar con el vendedor,NA,NA,NA,NA,http://perfil.mercadolibre.com.pe/AKAESPERUSAC,https://articulo.mercadolibre.com.pe/MPE-435725213-paranasonic-close-curvas-afeitadora-electrica-senoras-3bl-_JM,NA,NA,NA,NA,NA,#435725213,Hermitshell
121, Runwe Muteshaving Afeitadora Eléctrica Máquina De Afeitar ,192,NA,0,NA,NA,NA,NA,Entrega a acordar con el vendedor,NA,NA,NA,NA,http://perfil.mercadolibre.com.pe/AKAESPERUSAC,https://articulo.mercadolibre.com.pe/MPE-435735096-runwe-muteshaving-afeitadora-electrica-maquina-de-afeitar-_JM,NA,NA,NA,NA,NA,#435735096,RUNWE
122, Cuchilla Eléctrica De Reemplazo De La Maquinilla De Afeit ,229,NA,0,NA,NA,NA,NA,Entrega a acordar con el vendedor,NA,NA,NA,NA,http://perfil.mercadolibre.com.pe/AKAESPERUSAC,https://articulo.mercadolibre.com.pe/MPE-435726047-cuchilla-electrica-de-reemplazo-de-la-maquinilla-de-afeit-_JM,NA,NA,NA,NA,NA,#435726047,Panasonic
123, Longko 5 En 1 Mujer Afeitadora Eléctrica Maquinilla De A ,163,NA,0,NA,NA,NA,NA,Entrega a acordar con el vendedor,NA,NA,NA,NA,http://perfil.mercadolibre.com.pe/AKAESPERUSAC,https://articulo.mercadolibre.com.pe/MPE-435793980-longko-5-en-1-mujer-afeitadora-electrica-maquinilla-de-a-_JM,NA,NA,NA,NA,NA,#435793980,Longko
124, Dee Banna Jd608 5 Afeitadora Eléctrica Para Hombre ,254,NA,0,NA,NA,NA,NA,Entrega a acordar con el vendedor,NA,NA,NA,NA,http://perfil.mercadolibre.com.pe/AKAESPERUSAC,https://articulo.mercadolibre.com.pe/MPE-435724232-dee-banna-jd608-5-afeitadora-electrica-para-hombre-_JM,NA,NA,NA,NA,NA,#435724232,Dee Banna
125, Afeitadora Para Mujeres Bienna Usb Recargable Eléctrico I ,209,NA,0,NA,NA,NA,NA,Entrega a acordar con el vendedor,NA,NA,NA,NA,http://perfil.mercadolibre.com.pe/AKAESPERUSAC,https://articulo.mercadolibre.com.pe/MPE-435724614-afeitadora-para-mujeres-bienna-usb-recargable-electrico-i-_JM,NA,NA,NA,NA,NA,#435724614,BIENNA
126, Gizmomix Afeitadora Eléctrica Cabezales De Repuesto Cabez ,219,NA,0,NA,NA,NA,NA,Entrega a acordar con el vendedor,NA,NA,NA,NA,http://perfil.mercadolibre.com.pe/AKAESPERUSAC,https://articulo.mercadolibre.com.pe/MPE-435724615-gizmomix-afeitadora-electrica-cabezales-de-repuesto-cabez-_JM,NA,NA,NA,NA,NA,#435724615,gizmomix
127, Afeitadora Eléctrica Por Iftime Húmedo Y Seco 4 En 1 Impe ,280,NA,0,NA,NA,NA,NA,Entrega a acordar con el vendedor,NA,NA,NA,NA,http://perfil.mercadolibre.com.pe/AKAESPERUSAC,https://articulo.mercadolibre.com.pe/MPE-435724638-afeitadora-electrica-por-iftime-humedo-y-seco-4-en-1-impe-_JM,NA,NA,NA,NA,NA,#435724638,iFTiME
128, Pritech Batería Alimentada Afeitadora Eléctrica Portátil ,199,NA,0,NA,NA,NA,NA,Entrega a acordar con el vendedor,NA,NA,NA,NA,http://perfil.mercadolibre.com.pe/AKAESPERUSAC,https://articulo.mercadolibre.com.pe/MPE-435725744-pritech-bateria-alimentada-afeitadora-electrica-portatil-_JM,NA,NA,NA,NA,NA,#435725744,Pritech
129, Afeitadora Eléctrica 3 En 1 Para Mujer Mojada Y Seca Cort ,219,NA,0,NA,NA,NA,NA,Entrega a acordar con el vendedor,NA,NA,NA,NA,http://perfil.mercadolibre.com.pe/AKAESPERUSAC,https://articulo.mercadolibre.com.pe/MPE-435724318-afeitadora-electrica-3-en-1-para-mujer-mojada-y-seca-cort-_JM,NA,NA,NA,NA,NA,#435724318,zengyong
130, Maquina Afeitador Eléctrica Depilador Rasuradora Xiaomi ,80,NA,0,10,NA,NA,NA,Entrega a acordar con el vendedor,NA,NA,NA,NA,NA,https://articulo.mercadolibre.com.pe/MPE-436722920-maquina-afeitador-electrica-depilador-rasuradora-xiaomi-_JM,NA,NA,NA,NA,NA,#436722920,NA
131, Mujeres Afeitadora Hoja De Papel Impermeable Eléctrico Re ,224,NA,0,NA,NA,NA,NA,Entrega a acordar con el vendedor,NA,NA,NA,NA,http://perfil.mercadolibre.com.pe/AKAESPERUSAC,https://articulo.mercadolibre.com.pe/MPE-435724947-mujeres-afeitadora-hoja-de-papel-impermeable-electrico-re-_JM,NA,NA,NA,NA,NA,#435724947,BIENNA
132, Npet Es8109 Hombres Afeitadora Eléctrica / Usb Rápido Rec ,300,NA,0,NA,NA,NA,NA,Entrega a acordar con el vendedor,NA,NA,NA,NA,http://perfil.mercadolibre.com.pe/AKAESPERUSAC,https://articulo.mercadolibre.com.pe/MPE-436123682-npet-es8109-hombres-afeitadora-electrica-usb-rapido-rec-_JM,NA,NA,NA,NA,NA,#436123682,NPET
133, Soporte De Soporte Para Afeitadora Eléctrica Sus 304 Sopo ,173,NA,0,NA,NA,NA,NA,Entrega a acordar con el vendedor,NA,NA,NA,NA,http://perfil.mercadolibre.com.pe/AKAESPERUSAC,https://articulo.mercadolibre.com.pe/MPE-435724341-soporte-de-soporte-para-afeitadora-electrica-sus-304-sopo-_JM,NA,NA,NA,NA,NA,#435724341,Sitong
134, Homiee Afeitadora Eléctrica Para Mujer ,234,NA,0,NA,NA,NA,NA,Entrega a acordar con el vendedor,NA,NA,NA,NA,http://perfil.mercadolibre.com.pe/AKAESPERUSAC,https://articulo.mercadolibre.com.pe/MPE-435724364-homiee-afeitadora-electrica-para-mujer-_JM,NA,NA,NA,NA,NA,#435724364,Homiee
135, Multifunción Para Mujer Afeitadora Eléctrica 3 En 1 Máqui ,247,NA,0,NA,NA,NA,NA,Entrega a acordar con el vendedor,NA,NA,NA,NA,http://perfil.mercadolibre.com.pe/AKAESPERUSAC,https://articulo.mercadolibre.com.pe/MPE-435809737-multifuncion-para-mujer-afeitadora-electrica-3-en-1-maqui-_JM,NA,NA,NA,NA,NA,#435809737,Seencool
136, Tiempo Para Golosinas Afeitadora Eléctrica De Hielo Por V ,241,NA,0,NA,NA,NA,NA,Entrega a acordar con el vendedor,NA,NA,NA,NA,http://perfil.mercadolibre.com.pe/AKAESPERUSAC,https://articulo.mercadolibre.com.pe/MPE-435724214-tiempo-para-golosinas-afeitadora-electrica-de-hielo-por-v-_JM,NA,NA,NA,NA,NA,#435724214,Victorio Kitchen Products
137, Elegante Afeitadora Eléctrica Para Hombres Mojada Y Seca ,280,NA,0,NA,NA,NA,NA,Entrega a acordar con el vendedor,NA,NA,NA,NA,http://perfil.mercadolibre.com.pe/AKAESPERUSAC,https://articulo.mercadolibre.com.pe/MPE-435724247-elegante-afeitadora-electrica-para-hombres-mojada-y-seca-_JM,NA,NA,NA,NA,NA,#435724247,Aesfee
138, Frcolor Mujeres Afeitadora Eléctrica Damas Maquinillas De ,235,NA,0,NA,NA,NA,NA,Entrega a acordar con el vendedor,NA,NA,NA,NA,http://perfil.mercadolibre.com.pe/AKAESPERUSAC,https://articulo.mercadolibre.com.pe/MPE-435724304-frcolor-mujeres-afeitadora-electrica-damas-maquinillas-de-_JM,NA,NA,NA,NA,NA,#435724304,Frcolor
139, Es Hora De La Afeitadora Eléctrica De Hielo Avalanche De ,398,NA,0,NA,NA,NA,NA,Entrega a acordar con el vendedor,NA,NA,NA,NA,http://perfil.mercadolibre.com.pe/AKAESPERUSAC,https://articulo.mercadolibre.com.pe/MPE-436029181-es-hora-de-la-afeitadora-electrica-de-hielo-avalanche-de-_JM,NA,NA,NA,NA,NA,#436029181,Victorio Kitchen Products
140, Maxt Afeitadora Eléctrica Y Recargable Afeitadora Girator ,310,NA,0,NA,NA,NA,NA,Entrega a acordar con el vendedor,NA,NA,NA,NA,http://perfil.mercadolibre.com.pe/AKAESPERUSAC,https://articulo.mercadolibre.com.pe/MPE-436832155-maxt-afeitadora-electrica-y-recargable-afeitadora-girator-_JM,NA,NA,NA,NA,NA,#436832155,MAX-T
141, Estuche Rígido De Viaje Para Afeitadora Eléctrica Híbrida ,163,NA,0,NA,NA,NA,NA,Entrega a acordar con el vendedor,NA,NA,NA,NA,http://perfil.mercadolibre.com.pe/AKAESPERUSAC,https://articulo.mercadolibre.com.pe/MPE-436886329-estuche-rigido-de-viaje-para-afeitadora-electrica-hibrida-_JM,NA,NA,NA,NA,NA,#436886329,Co2Crea
142, Homiee Afeitadora Eléctrica Para Mujer ,264,NA,0,NA,NA,NA,NA,Entrega a acordar con el vendedor,NA,NA,NA,NA,http://perfil.mercadolibre.com.pe/AKAESPERUSAC,https://articulo.mercadolibre.com.pe/MPE-435724368-homiee-afeitadora-electrica-para-mujer-_JM,NA,NA,NA,NA,NA,#435724368,HOMIEE
143, Afeitadora Eléctrica Solimpia Para Hombres Afeitadora Rot ,264,NA,0,NA,NA,NA,NA,Entrega a acordar con el vendedor,NA,NA,NA,NA,http://perfil.mercadolibre.com.pe/AKAESPERUSAC,https://articulo.mercadolibre.com.pe/MPE-435809717-afeitadora-electrica-solimpia-para-hombres-afeitadora-rot-_JM,NA,NA,NA,NA,NA,#435809717,Solimpia
144, Phisco Afeitadora Eléctrica 100% Impermeable Giratorio De ,315,NA,0,NA,NA,NA,NA,Entrega a acordar con el vendedor,NA,NA,NA,NA,http://perfil.mercadolibre.com.pe/AKAESPERUSAC,https://articulo.mercadolibre.com.pe/MPE-435724790-phisco-afeitadora-electrica-100-impermeable-giratorio-de-_JM,NA,NA,NA,NA,NA,#435724790,Phisco
145, Longko 5 En 1 Mujer Afeitadora Eléctrica Maquinilla De A ,163,NA,0,NA,NA,NA,NA,Entrega a acordar con el vendedor,NA,NA,NA,NA,http://perfil.mercadolibre.com.pe/AKAESPERUSAC,https://articulo.mercadolibre.com.pe/MPE-435793981-longko-5-en-1-mujer-afeitadora-electrica-maquinilla-de-a-_JM,NA,NA,NA,NA,NA,#435793981,Longko
146, Surker 2in1 Afeitadora Eléctrica Portátil Para Tela Y Rem ,209,NA,0,NA,NA,NA,NA,Entrega a acordar con el vendedor,NA,NA,NA,NA,http://perfil.mercadolibre.com.pe/AKAESPERUSAC,https://articulo.mercadolibre.com.pe/MPE-435825833-surker-2in1-afeitadora-electrica-portatil-para-tela-y-rem-_JM,NA,NA,NA,NA,NA,#435825833,Surker
147," Windmax 4 x Aa Nimh, 1,2 v 1800 mah Afeitadora Eléctrica ",173,NA,0,NA,NA,NA,NA,Entrega a acordar con el vendedor,NA,NA,NA,NA,http://perfil.mercadolibre.com.pe/AKAESPERUSAC,https://articulo.mercadolibre.com.pe/MPE-437179273-windmax-4x-aa-nimh-12v-1800mah-afeitadora-electrica-_JM,NA,NA,NA,NA,NA,#437179273,NA
148," Windmax Afeitadora Eléctrica 3 x Aa Nimh, 1,2 v 1800 mah ",168,NA,0,NA,NA,NA,NA,Entrega a acordar con el vendedor,NA,NA,NA,NA,http://perfil.mercadolibre.com.pe/AKAESPERUSAC,https://articulo.mercadolibre.com.pe/MPE-437180402-windmax-afeitadora-electrica-3x-aa-nimh-12v-1800mah-_JM,NA,NA,NA,NA,NA,#437180402,NA
149, Afeitadora Trimmer Clipper Portátil Eléctrico Cejas ,15,NA,0,6,NA,NA,NA,Entrega a acordar con el vendedor,NA,NA,NA,NA,http://perfil.mercadolibre.com.pe/ROUSCHS,https://articulo.mercadolibre.com.pe/MPE-430896180-afeitadora-trimmer-clipper-portatil-electrico-cejas-_JM,NA,NA,NA,NA,NA,#430896180,NA
150, Afeitadora Eléctrica Clio... R E M A T O! S/ 78 ,78,NA,0,2,NA,NA,NA,Envío gratis a todo el país,NA,NA,NA,NA,http://perfil.mercadolibre.com.pe/ASILVA28,https://articulo.mercadolibre.com.pe/MPE-433180325-afeitadora-electrica-clio-r-e-m-a-t-o-s-78-_JM,NA,NA,NA,NA,NA,#433180325,NA
151," Afeitadora Eléctrica Jtrim Para Mujer, Afeitadora De Seda ",225,NA,0,NA,NA,NA,NA,Entrega a acordar con el vendedor,NA,NA,NA,NA,http://perfil.mercadolibre.com.pe/AKAESPERUSAC,https://articulo.mercadolibre.com.pe/MPE-434302710-afeitadora-electrica-jtrim-para-mujer-afeitadora-de-seda-_JM,NA,NA,NA,NA,NA,#434302710,JTrim
152, Nostalgia Ism1000 Eléctrico Afeitado Hielo Y Nieve Cono F ,358,NA,0,NA,NA,NA,NA,Entrega a acordar con el vendedor,NA,NA,NA,NA,http://perfil.mercadolibre.com.pe/AKAESPERUSAC,https://articulo.mercadolibre.com.pe/MPE-434293392-nostalgia-ism1000-electrico-afeitado-hielo-y-nieve-cono-f-_JM,NA,NA,NA,NA,NA,#434293392,Nostalgia
153, Afeitadora Eléctrica Femenina Cejas Bikini Axila 5cabezales ,22,NA,0,10,NA,NA,NA,Entrega a acordar con el vendedor,NA,NA,NA,NA,http://perfil.mercadolibre.com.pe/LIJOV_EIRL,https://articulo.mercadolibre.com.pe/MPE-433392336-afeitadora-electrica-femenina-cejas-bikini-axila-5cabezales-_JM,NA,NA,NA,NA,NA,#433392336,NA
154, Afeitador Rasuradora Depiladora Eléctrica Maquina De Afeitar ,49,NA,0,50,NA,NA,NA,Entrega a acordar con el vendedor,NA,NA,NA,NA,http://perfil.mercadolibre.com.pe/LATINO.,https://articulo.mercadolibre.com.pe/MPE-433705033-afeitador-rasuradora-depiladora-electrica-maquina-de-afeitar-_JM,NA,NA,NA,NA,NA,#433705033,NA
155, Afeitadora Electrica Xiaomi ,149,NA,0,NA,NA,NA,NA,Entrega a acordar con el vendedor,NA,NA,NA,NA,NA,https://articulo.mercadolibre.com.pe/MPE-436739932-afeitadora-electrica-xiaomi-_JM,NA,NA,NA,NA,NA,#436739932,NA
156, Afeitadora Electrica Aqua Touch At610 Philips ,120,NA,0,NA,NA,NA,NA,Entrega a acordar con el vendedor,NA,NA,NA,NA,NA,https://articulo.mercadolibre.com.pe/MPE-437067181-afeitadora-electrica-aqua-touch-at610-philips-_JM,NA,NA,NA,NA,NA,#437067181,NA
157, Depilador Flawless Electrico Rasurador Vello Facial Con Led ,24,NA,0,10,NA,NA,NA,Entrega a acordar con el vendedor,NA,NA,NA,NA,http://perfil.mercadolibre.com.pe/PACHERRESJUAN,https://articulo.mercadolibre.com.pe/MPE-436683458-depilador-flawless-electrico-rasurador-vello-facial-con-led-_JM,NA,NA,NA,NA,NA,#436683458,NA
158, Depilador Flawless Electrico Rasurador Vello Facial Con Led ,24,NA,0,10,NA,NA,NA,Entrega a acordar con el vendedor,NA,NA,NA,NA,http://perfil.mercadolibre.com.pe/PACHERRESJUAN,https://articulo.mercadolibre.com.pe/MPE-436735078-depilador-flawless-electrico-rasurador-vello-facial-con-led-_JM,NA,NA,NA,NA,NA,#436735078,NA
159, Maquina Afeitador Electrica Depiladora Rasuradora Xiaomi ,78,NA,0,NA,NA,NA,NA,Entrega a acordar con el vendedor,NA,NA,NA,NA,NA,https://articulo.mercadolibre.com.pe/MPE-436738962-maquina-afeitador-electrica-depiladora-rasuradora-xiaomi-_JM,NA,NA,NA,NA,NA,#436738962,NA
160, Afeitadora Eléctrica Aquatouch ,250,NA,0,NA,NA,NA,NA,Entrega a acordar con el vendedor,NA,NA,NA,NA,NA,https://articulo.mercadolibre.com.pe/MPE-436862455-afeitadora-electrica-aquatouch-_JM,NA,NA,NA,NA,NA,#436862455,NA
161, Afeitadora Para Mujeres Bienna Usb Recargable Eléctrico I ,209,NA,0,NA,NA,NA,NA,Entrega a acordar con el vendedor,NA,NA,NA,NA,http://perfil.mercadolibre.com.pe/AKAESPERUSAC,https://articulo.mercadolibre.com.pe/MPE-435724620-afeitadora-para-mujeres-bienna-usb-recargable-electrico-i-_JM,NA,NA,NA,NA,NA,#435724620,BIENNA
162, Afeitadora Rasuradora Electrica Perfect Shave (nuevo) ,90,NA,0,NA,NA,NA,NA,Entrega a acordar con el vendedor,NA,NA,NA,NA,NA,https://articulo.mercadolibre.com.pe/MPE-436894722-afeitadora-rasuradora-electrica-perfect-shave-nuevo-_JM,NA,NA,NA,NA,NA,#436894722,NA
163, Afeitadora Electrica ,98,NA,0,NA,NA,NA,NA,Entrega a acordar con el vendedor,NA,NA,NA,NA,NA,https://articulo.mercadolibre.com.pe/MPE-436999689-afeitadora-electrica-_JM,NA,NA,NA,NA,NA,#436999689,NA
164, Oferta! Afeitadora Eléctrica Philips Aqua Touch Nuevo ,135,NA,0,NA,NA,NA,NA,Entrega a acordar con el vendedor,NA,NA,NA,NA,NA,https://articulo.mercadolibre.com.pe/MPE-436960716-oferta-afeitadora-electrica-philips-aqua-touch-nuevo-_JM,NA,NA,NA,NA,NA,#436960716,NA
165, Rasuradora Afeitadora Eléctrica ,80,NA,0,NA,NA,NA,NA,Entrega a acordar con el vendedor,NA,NA,NA,NA,http://perfil.mercadolibre.com.pe/FBB_2013,https://articulo.mercadolibre.com.pe/MPE-437293448-rasuradora-afeitadora-electrica-_JM,NA,NA,NA,NA,NA,#437293448,NA
